palpiteId,usuarioId,jogoId,golsCasa,golsVisitante,pontos,status,criadoEm
cf93a17a-b9c4-4196-b137-f654a52b5dbe,user1,73199b1e-5e47-4be1-a6b4-041ac171431c,2,1,10,ACERTO_PLACAR,2026-06-12T01:21:29.384Z
3853a08f-d7fa-413c-821f-97a1c567e34b,user1,705a1919-9098-4a8c-82e8-61a8493318d8,4,1,0,ERRO,2026-06-12T01:49:24.406Z
434b6058-ce29-43c0-8300-931470f15b3c,user2,73199b1e-5e47-4be1-a6b4-041ac171431c,1,1,0,ERRO,2026-06-12T01:55:08.149Z
da55a893-afe6-4434-a886-8b27e3c8d725,user3,73199b1e-5e47-4be1-a6b4-041ac171431c,1,2,0,ERRO,2026-06-12T01:55:46.279Z
c6dac60a-8e1b-4cf0-a437-4e190ad6b803,user4,73199b1e-5e47-4be1-a6b4-041ac171431c,2,0,7,ACERTO_VENCEDOR,2026-06-12T01:55:47.699Z
ba005ee5-d56d-4845-9328-7578507945a7,user9,705a1919-9098-4a8c-82e8-61a8493318d8,1,0,0,ERRO,2026-06-12T02:21:50.893Z
db30e05c-3734-4633-83bb-d5be962787eb,user9,8d259271-eae9-4826-80e5-749e0ab42bb1,2,1,0,ERRO,2026-06-12T02:23:44.226Z
100c4a1d-b312-402d-967b-5fe9c93a29e9,user10,8d259271-eae9-4826-80e5-749e0ab42bb1,2,1,0,ERRO,2026-06-12T02:27:10.541Z
df314a2b-17fb-4e4d-8370-4630be6c967a,user12,705a1919-9098-4a8c-82e8-61a8493318d8,1,2,0,ERRO,2026-06-12T02:53:02.294Z
28555e30-71a2-417a-927f-e4b9d40a9ae6,user12,5a9ab8b9-2ee4-4674-bcb9-5076f96769ff,0,1,0,ERRO,2026-06-12T02:53:29.657Z
fd093526-1ae6-40d9-9b5e-e6dd3e8e449d,user12,8d259271-eae9-4826-80e5-749e0ab42bb1,2,1,0,ERRO,2026-06-12T02:53:55.201Z
afd50a8a-b9b1-4949-be5b-76a309c0a35c,user5,705a1919-9098-4a8c-82e8-61a8493318d8,1,1,10,ACERTO_PLACAR,2026-06-12T04:05:31.311Z
64b9d215-a8ca-4835-bc55-ebf56886ec52,user5,5a9ab8b9-2ee4-4674-bcb9-5076f96769ff,1,2,0,ERRO,2026-06-12T04:05:39.968Z
4c589e78-2e45-4e35-8691-839150904803,user5,febfa8f0-1e0e-41b4-8f71-c42245503f75,0,3,0,ERRO,2026-06-12T04:05:46.915Z
2f65e23c-85d7-44b3-8477-9830c90086ac,user13,705a1919-9098-4a8c-82e8-61a8493318d8,3,0,0,ERRO,2026-06-12T06:42:44.614Z
8c3cf39c-8132-4489-aeb7-38ee76bb63e7,user13,5a9ab8b9-2ee4-4674-bcb9-5076f96769ff,2,2,0,ERRO,2026-06-12T06:43:03.310Z
bc16f1b1-17f4-4405-b040-58d17883e4e0,user13,febfa8f0-1e0e-41b4-8f71-c42245503f75,0,2,0,ERRO,2026-06-12T06:43:11.854Z
196b8b4a-6e31-4aec-b1ad-cd331418a07c,user13,8d259271-eae9-4826-80e5-749e0ab42bb1,3,2,0,ERRO,2026-06-12T06:43:29.554Z
576b5f3f-9355-4ad6-b66a-2b0b83f2f7c2,user13,0cb6f4e1-c8e7-45f7-ae8c-862bd9546e01,1,1,0,ERRO,2026-06-12T06:43:46.717Z
e46d6d0f-689b-49d6-bb21-648e514240cd,user13,d2bb4311-cc33-4a5e-b210-36d4d6b8c95f,2,1,7,ACERTO_VENCEDOR,2026-06-12T06:43:54.976Z
48b3b6a7-fd6e-42ad-95e7-834af5c75691,user13,c32f61ed-5dd5-4aba-a527-1742a1dc4c9d,6,0,7,ACERTO_VENCEDOR,2026-06-12T06:44:03.569Z
8446d568-0dba-4237-b1d2-61bcb5b88fc1,user13,01e47d95-5c68-4036-9f59-c2e6f0a0e13f,3,1,0,ERRO,2026-06-12T06:44:13.165Z
2ade229a-45bc-4612-b14e-7c922991df10,user13,3cb95c71-80f9-4c41-97a3-0decd8f5c970,1,4,0,ERRO,2026-06-12T06:44:24.405Z
2ddbc7e7-aef0-4a44-b524-119ff2cbdbcf,user13,3190da5f-a588-4a3e-9611-cd992539fe8a,1,0,5,ACERTO_VENCEDOR,2026-06-12T06:44:32.620Z
626b6045-20df-4864-ae05-59154644bdf7,user13,5fdec0ae-0db7-4b71-863a-ae54c8c386a6,4,0,0,ERRO,2026-06-12T06:44:41.274Z
f153cc32-b89d-4a68-a577-189460c18431,user13,1d1d118e-8fce-4b32-adff-af0df1bf1306,2,1,0,ERRO,2026-06-12T06:44:53.135Z
a41f723e-5d04-4e76-93ae-9ef212f29f48,user13,d59a58f0-503e-4b39-afe6-3b765165d737,0,1,0,ERRO,2026-06-12T06:45:00.921Z
1bb5d7ea-0dbf-4da0-8729-1bfbbe731bd9,user13,29dcf119-8ac3-42f4-b171-8bd35c1e77f7,2,2,10,ACERTO_PLACAR,2026-06-12T06:45:08.870Z
c13b4455-a2cf-467f-a726-dc2aab22eeaf,user13,5a305830-be9c-46d2-9810-fa7282c36942,2,0,7,ACERTO_VENCEDOR,2026-06-12T06:45:18.280Z
b2ebcec6-e8de-4233-9b2d-02195db54308,user13,1d56ac05-0fdf-4476-94bf-a8b2254ecdf5,0,2,5,ACERTO_VENCEDOR,2026-06-12T06:45:25.104Z
a8557042-d095-416e-99c2-b40c4a564c79,user13,ddfc2048-daf9-49cb-9696-05b30def1f27,4,0,7,ACERTO_VENCEDOR,2026-06-12T06:45:40.791Z
f18a2196-3bf8-4b05-b326-e64df3c5dff7,user14,705a1919-9098-4a8c-82e8-61a8493318d8,2,1,0,ERRO,2026-06-12T10:32:25.893Z
caeea59e-c5e7-48a3-8762-f2c0443f6da2,user14,5a9ab8b9-2ee4-4674-bcb9-5076f96769ff,1,1,0,ERRO,2026-06-12T10:32:27.135Z
34c49a9a-b070-4de7-a3c4-001eedb49dc5,user4,705a1919-9098-4a8c-82e8-61a8493318d8,2,1,0,ERRO,2026-06-12T15:25:06.234Z
88d31769-9e20-4d31-a331-fa011812c6fa,user4,5a9ab8b9-2ee4-4674-bcb9-5076f96769ff,1,1,0,ERRO,2026-06-12T15:25:14.935Z
2529588c-a16a-46a0-953b-1be18e08add5,user1,5a9ab8b9-2ee4-4674-bcb9-5076f96769ff,3,1,7,ACERTO_VENCEDOR,2026-06-12T15:28:51.639Z
8ddbc419-d2e6-4e33-b2c4-c74e22540cc8,user17,705a1919-9098-4a8c-82e8-61a8493318d8,2,0,0,ERRO,2026-06-12T16:20:05.056Z
568080fe-33c7-4adf-abc8-a6fb52234dca,user17,5a9ab8b9-2ee4-4674-bcb9-5076f96769ff,1,2,0,ERRO,2026-06-12T16:20:11.025Z
875c579e-92f7-4110-9a33-b365adcf666f,user3,705a1919-9098-4a8c-82e8-61a8493318d8,3,1,0,ERRO,2026-06-12T16:23:03.847Z
8a6bd2e6-fe1b-448e-810e-c2bfe55cced8,user3,5a9ab8b9-2ee4-4674-bcb9-5076f96769ff,1,0,5,ACERTO_VENCEDOR,2026-06-12T16:23:05.175Z
91c4f033-6aa9-4e32-8373-fbf2f458815c,user18,8d259271-eae9-4826-80e5-749e0ab42bb1,2,1,0,ERRO,2026-06-12T17:28:59.801Z
c5a1c068-8a19-4f69-a34b-b8491ee09cb0,user16,705a1919-9098-4a8c-82e8-61a8493318d8,3,1,0,ERRO,2026-06-12T18:19:01.209Z
df721d3f-4efb-46b2-91bb-58365b1cd7b0,user16,5a9ab8b9-2ee4-4674-bcb9-5076f96769ff,1,1,0,ERRO,2026-06-12T18:19:44.657Z
5fa1f7aa-d859-4935-bea4-aa409a4bf49f,user19,8d259271-eae9-4826-80e5-749e0ab42bb1,3,1,0,ERRO,2026-06-12T20:30:18.049Z
ad4e5d56-d805-4c4e-b95b-e21a260737c4,user6,5a9ab8b9-2ee4-4674-bcb9-5076f96769ff,2,1,7,ACERTO_VENCEDOR,2026-06-13T00:45:49.801Z
3bde5009-686a-443e-9cad-ad25671c0e78,user6,febfa8f0-1e0e-41b4-8f71-c42245503f75,0,0,7,ACERTO_VENCEDOR,2026-06-13T00:48:01.675Z
6ef0df6d-d545-47d2-8667-3f43f9ede5ac,user2,5a9ab8b9-2ee4-4674-bcb9-5076f96769ff,0,1,0,ERRO,2026-06-13T00:53:12.970Z
3dbf3254-856f-494c-be23-78389029ab37,user6,8d259271-eae9-4826-80e5-749e0ab42bb1,2,1,0,ERRO,2026-06-13T01:04:50.446Z
382c6787-42af-4521-bdd6-7d5e3b949aba,user6,0cb6f4e1-c8e7-45f7-ae8c-862bd9546e01,0,1,10,ACERTO_PLACAR,2026-06-13T01:05:05.558Z
d5cf3d28-0448-4cf0-8adc-abaff95c2663,user6,d2bb4311-cc33-4a5e-b210-36d4d6b8c95f,0,1,0,ERRO,2026-06-13T01:05:35.144Z
522987d9-d6c6-477c-87e6-616605c61330,user6,c32f61ed-5dd5-4aba-a527-1742a1dc4c9d,3,0,5,ACERTO_VENCEDOR,2026-06-13T01:05:53.653Z
e176ffea-9d48-4d2b-9638-c755cb1c7a24,user6,01e47d95-5c68-4036-9f59-c2e6f0a0e13f,1,1,7,ACERTO_VENCEDOR,2026-06-13T01:07:01.812Z
3fdf0a6c-6a99-4447-905a-663c6ce957b9,user6,3cb95c71-80f9-4c41-97a3-0decd8f5c970,0,0,0,ERRO,2026-06-13T01:07:14.475Z
b656aaa9-e4b0-4892-9c28-cf03069e5252,user6,3190da5f-a588-4a3e-9611-cd992539fe8a,1,1,0,ERRO,2026-06-13T01:07:35.851Z
6f1037d4-f8de-4bc2-a426-94742797a074,user6,5fdec0ae-0db7-4b71-863a-ae54c8c386a6,2,0,0,ERRO,2026-06-13T01:07:50.246Z
1483256a-940f-46a6-af71-553a9e4e7cde,user6,1d1d118e-8fce-4b32-adff-af0df1bf1306,1,2,0,ERRO,2026-06-13T01:08:01.302Z
2c1bfce6-29a5-477e-8077-bcce0e8da73d,user6,d59a58f0-503e-4b39-afe6-3b765165d737,1,1,10,ACERTO_PLACAR,2026-06-13T01:08:14.277Z
a3666861-83c9-42e2-b361-a991ec240130,user6,29dcf119-8ac3-42f4-b171-8bd35c1e77f7,2,1,0,ERRO,2026-06-13T01:08:25.505Z
3445f46e-7bce-4d8a-9ac3-101a6a474da3,user6,5a305830-be9c-46d2-9810-fa7282c36942,2,1,7,ACERTO_VENCEDOR,2026-06-13T01:24:29.171Z
d457350a-9cc1-41ef-b6dc-ca3fa67c4197,user6,1d56ac05-0fdf-4476-94bf-a8b2254ecdf5,0,2,5,ACERTO_VENCEDOR,2026-06-13T01:25:06.068Z
196b2274-f570-4132-bfa0-50a4fef3912b,user6,ddfc2048-daf9-49cb-9696-05b30def1f27,2,1,5,ACERTO_VENCEDOR,2026-06-13T01:25:18.477Z
ebc395bb-e0a2-4b2e-870e-c4b127444b06,user6,b4ffb117-3d07-4b91-a534-fd3cd301d562,0,0,0,ERRO,2026-06-13T01:25:34.989Z
e595f6cb-f1fd-495a-9523-73e7ecf5173a,user6,4cc59670-bc10-44eb-980e-e6fa1b392d39,2,0,0,ERRO,2026-06-13T01:25:59.375Z
63e4ddcc-93a2-453b-b707-b4d691d7b04a,user6,2cc8c024-882c-49d3-b42b-0b34d51e4c31,2,1,5,ACERTO_VENCEDOR,2026-06-13T01:26:17.291Z
1fbc97f0-6f79-44f5-98d7-ac20369818d9,user6,ff24403a-019f-43e2-88b1-40157d97890a,1,0,10,ACERTO_PLACAR,2026-06-13T01:26:29.032Z
102da76d-88a4-4cc6-822e-4a85311d53ac,user6,0171de6d-3aef-41c9-91bb-50e967bc9383,1,3,10,ACERTO_PLACAR,2026-06-13T01:26:42.090Z
a31c7af2-e027-41fe-9711-4343b1826286,user6,d31fa12d-65f6-416b-b7dc-210c0aeff4bf,1,0,0,ERRO,2026-06-13T01:30:21.832Z
83e7eddf-8ed2-4b82-8007-38a9b2114b68,user6,e00087f2-d8fb-4a87-b368-e30a37ec8e44,2,1,7,ACERTO_VENCEDOR,2026-06-13T01:31:02.053Z
f82468bd-57d4-4779-9a26-cfb7c58353ae,user6,f243892f-ff42-414e-85d3-fdb50c697b05,1,0,7,ACERTO_VENCEDOR,2026-06-13T01:31:17.336Z
0a547c95-e909-4903-ab48-fc1b27c2d77f,user6,bfc8b7bc-2dcc-42ce-9123-6d1fd3c45a9d,2,1,7,ACERTO_VENCEDOR,2026-06-13T01:31:28.606Z
3767a451-0966-49fa-8146-4f5ca3552a0d,user6,49c174b7-c464-4916-be8e-c9adf5489d61,3,1,7,ACERTO_VENCEDOR,2026-06-13T01:33:36.988Z
17923786-3ba4-44cf-9163-1814a78d0017,user6,a48358d6-b4c7-4f09-a00a-cb630819f8ef,1,2,7,ACERTO_VENCEDOR,2026-06-13T01:34:03.332Z
16ff7486-4e26-41cd-a2bb-72a856bd498b,user6,6e8dfaca-52e0-489c-8f8d-bad25889f8aa,4,0,7,ACERTO_VENCEDOR,2026-06-13T01:34:14.415Z
a9e084ea-5702-4efc-9447-53a5cb720428,user6,9a7c71dd-6726-4631-8f78-e5deb9fef73c,1,1,0,ERRO,2026-06-13T01:34:27.817Z
01828edf-f251-4af6-9cd6-33d44ef83b99,user6,1a3c502f-3218-4da5-bba5-6fe2da01734d,1,1,0,ERRO,2026-06-13T01:34:51.686Z
653dc288-08f7-4fe3-94b7-d8c91535ade4,user6,472a5e85-7239-4f32-ab73-fd7e96b99666,3,0,5,ACERTO_VENCEDOR,2026-06-13T01:35:03.031Z
8154a0d9-4d9d-4aa0-904a-67151ebaac3d,user6,a8f50583-b1af-425d-836c-64944df6c668,2,0,0,ERRO,2026-06-13T01:35:15.658Z
5a1a77a6-85f8-435d-8d52-c0a2d51ccb1f,user6,94ee8b2b-59f5-4cb6-9039-a8ddbfb45a43,1,2,5,ACERTO_VENCEDOR,2026-06-13T01:35:26.734Z
1e233f04-aa40-40c1-9a00-f698a27533d0,user6,ec9a9043-f83e-497e-907c-f0d58a78695a,3,1,5,ACERTO_VENCEDOR,2026-06-13T01:36:16.413Z
150bc713-3648-4531-814c-0eb0af80fd34,user6,1be19345-5d2c-4123-a169-46cadcbc7ff2,0,1,0,ERRO,2026-06-13T01:36:29.409Z
7dccd64f-d597-4209-9ee2-2a06f1406441,user6,e3dca7c9-b2cc-4ad4-b02c-602ad4e61091,1,0,0,ERRO,2026-06-13T01:36:42.959Z
e4c07138-6e26-430a-9045-db983cf6b08d,user6,ca17b700-6fcf-4698-a628-770228b859bf,0,1,5,ACERTO_VENCEDOR,2026-06-13T01:36:56.494Z
bba8c1c1-b8b7-4e44-9f53-85b93b51555b,user6,609c6c86-9a27-4c77-8f72-b0fa878924a9,2,0,10,ACERTO_PLACAR,2026-06-13T01:37:08.662Z
9dc5bfba-a938-4cdf-80eb-5088d26aabe0,user6,e322a9b7-1a86-4fef-8d1e-276b8e2d438d,3,1,7,ACERTO_VENCEDOR,2026-06-13T01:37:18.344Z
0882825c-1dc8-423b-b3d1-5d60a8812c0e,user6,6488ec1b-cd97-409f-83ce-24befb4852be,2,1,7,ACERTO_VENCEDOR,2026-06-13T01:37:28.020Z
6d77bd4b-a5b6-42b5-bfd8-0a13c1957f12,user6,c1710c13-a884-47db-b770-4d0d7cf4b0f5,1,2,10,ACERTO_PLACAR,2026-06-13T01:37:42.603Z
9f1183c1-756c-4f9c-b5cb-ba4f5774455b,user6,6990d81d-87d8-41b1-aea5-b6fbcfafcf7b,3,1,5,ACERTO_VENCEDOR,2026-06-13T01:37:57.872Z
3e0075a0-5033-4cfa-9f6c-7f0067d83b6f,user6,c5771b35-3695-40b7-a63f-1be736f9d685,2,1,0,ERRO,2026-06-13T01:38:07.874Z
92c01814-0f59-44ef-9075-6629d9abdd68,user6,a5897071-fca1-470c-b1f4-50ff34a5ff80,0,2,7,ACERTO_VENCEDOR,2026-06-13T01:38:18.145Z
9d5389c0-76d7-481f-93a3-6cf31adc9d5f,user6,6038b570-f0a1-4247-9752-82e48da6649f,3,0,7,ACERTO_VENCEDOR,2026-06-13T01:38:41.912Z
86b93b0f-86a5-4e90-98df-903244fb11de,user6,f3d0c2c2-ce6a-47a7-8a8d-9268cc90bb61,1,1,0,ERRO,2026-06-13T01:51:19.081Z
2c16d48e-ab29-4dbf-bad9-8933cc20ad9a,user6,e4d4af35-c9e0-4d1b-89b7-e72893e5642d,0,0,0,ERRO,2026-06-13T01:51:32.746Z
5b744903-2e82-493f-8fc1-b47c46daaa97,user6,702d0496-83e0-461d-82e9-e335698fca9e,0,2,7,ACERTO_VENCEDOR,2026-06-13T01:51:43.590Z
b48ee198-9a5f-4343-ad6b-0c16e3ea9d1e,user6,6a824c8c-e1be-4339-acc3-3279deec17ad,2,0,7,ACERTO_VENCEDOR,2026-06-13T01:52:04.348Z
3df77e78-fc47-4808-8abf-f9364ca03738,user6,52a29ff1-0db3-48b4-921f-1aa0f8940766,1,2,5,ACERTO_VENCEDOR,2026-06-13T01:52:18.311Z
b9668f90-5d54-4269-b064-08ecdf1c73bf,user6,9ebfdd3b-789a-4e3a-a2b6-d7c31237e3d1,1,2,0,ERRO,2026-06-13T01:52:29.884Z
e1f340c1-970a-4d0a-beb7-1dd3e65ec072,user6,32e1259a-ec96-4e5b-8063-b0c1c3d87553,1,3,0,ERRO,2026-06-13T01:52:40.485Z
bb9c9c93-6f6e-47e9-b410-912f6b0b88ff,user6,9bf43d45-0c13-438c-bd7a-6092b4aef4d2,0,1,7,ACERTO_VENCEDOR,2026-06-13T01:53:00.175Z
aab6192d-02fd-40d7-b633-8f6fa4773788,user9,febfa8f0-1e0e-41b4-8f71-c42245503f75,0,2,0,ERRO,2026-06-13T01:53:37.005Z
7de7ed68-a8f9-483b-bdca-47e65a14af81,user9,0cb6f4e1-c8e7-45f7-ae8c-862bd9546e01,5,2,0,ERRO,2026-06-13T01:54:06.021Z
7bbbaa18-62a2-46b6-be76-273f02425f8e,user9,d2bb4311-cc33-4a5e-b210-36d4d6b8c95f,1,0,7,ACERTO_VENCEDOR,2026-06-13T01:54:30.260Z
33edda71-2413-4937-8016-9617dab4fbdb,user9,c32f61ed-5dd5-4aba-a527-1742a1dc4c9d,3,0,5,ACERTO_VENCEDOR,2026-06-13T01:54:52.847Z
bf7e90f7-22c3-40c8-a59e-f2b2ed9c58c0,user6,908bbff6-9327-41c0-995f-29581a5f84ab,1,1,0,ERRO,2026-06-13T03:01:58.084Z
e4a22657-bdd3-48b3-b48a-6829cfced9ed,user6,c7b8c1b3-52ad-4bef-81d9-1969853ba187,1,2,0,ERRO,2026-06-13T03:02:09.417Z
04d65ffb-9a62-4a11-b59f-614d89a4a39f,user6,4e538c8b-876c-4009-849a-761125544175,1,2,0,ERRO,2026-06-13T03:02:29.820Z
844d3508-8225-4dac-8705-15b3b73429e4,user6,e5959d04-83c8-4037-81fc-1133f95064c2,1,1,7,ACERTO_VENCEDOR,2026-06-13T03:02:59.440Z
6657cf72-f33e-4466-927c-12b9621fa8df,user6,8e4c2b7f-aab6-4c6d-b181-7a637a728533,1,0,7,ACERTO_VENCEDOR,2026-06-13T03:03:14.370Z
6a5ee163-8a50-414d-bb92-965ac93c05d7,user6,276fc045-6d8a-40af-ba22-7e5c4b51e177,2,2,0,ERRO,2026-06-13T03:03:26.664Z
46f4108a-1cb1-4004-b14d-f6dfc187ffd1,user6,c6a97697-806b-45f8-8deb-24669a074940,1,2,7,ACERTO_VENCEDOR,2026-06-13T03:03:41.211Z
72101c8c-6abe-47bb-9c72-353b4cb2efd6,user6,d83a4eb5-112c-4d4e-895b-737f0085d5dc,0,0,10,ACERTO_PLACAR,2026-06-13T03:04:05.833Z
51b6ca42-4949-4533-85c1-4b74c31fb60e,user6,360b9169-fffe-42c2-a352-481e999c5c10,2,1,0,ERRO,2026-06-13T03:04:17.381Z
59f35c6e-de7d-46b2-a530-794feed2aa6d,user6,d7a304b0-482e-46d8-b50b-d250885daf98,0,0,0,ERRO,2026-06-13T03:04:31.541Z
068cfb7c-cac8-45c0-9466-a6881ba84d90,user6,044a487b-ee61-4547-b15b-84630aae8b47,0,2,10,ACERTO_PLACAR,2026-06-13T03:04:56.656Z
b34447db-1fdb-4315-b28e-12142b279269,user1,febfa8f0-1e0e-41b4-8f71-c42245503f75,0,2,0,ERRO,2026-06-13T08:50:30.329Z
3efd6429-6623-42dd-9312-42940857660f,user7,febfa8f0-1e0e-41b4-8f71-c42245503f75,0,0,7,ACERTO_VENCEDOR,2026-06-13T08:53:32.087Z
a5ce01e8-2631-42a1-bda1-635131f8fb92,user7,8d259271-eae9-4826-80e5-749e0ab42bb1,3,1,0,ERRO,2026-06-13T08:54:52.333Z
a737fc7d-c91e-4474-8a5f-41291dccf5d8,user7,0cb6f4e1-c8e7-45f7-ae8c-862bd9546e01,0,0,0,ERRO,2026-06-13T08:57:36.942Z
dfaa5f83-634a-4e6c-99b9-ab54589d10cf,user7,d2bb4311-cc33-4a5e-b210-36d4d6b8c95f,1,2,0,ERRO,2026-06-13T09:00:04.823Z
7b72c46b-50d8-4982-99de-fee38b721196,user7,c32f61ed-5dd5-4aba-a527-1742a1dc4c9d,20,0,5,ACERTO_VENCEDOR,2026-06-13T09:02:47.168Z
33d695d8-5477-46a0-be21-57e573075bd5,user7,01e47d95-5c68-4036-9f59-c2e6f0a0e13f,2,2,10,ACERTO_PLACAR,2026-06-13T09:03:00.791Z
8042f288-75df-4d04-a0e7-46a1c09183b1,user7,3cb95c71-80f9-4c41-97a3-0decd8f5c970,2,0,7,ACERTO_VENCEDOR,2026-06-13T09:07:58.776Z
fcbc39c6-62e6-4ba0-a22a-eda213ec6571,user1,8d259271-eae9-4826-80e5-749e0ab42bb1,3,1,0,ERRO,2026-06-13T11:09:01.144Z
e7e282f6-dfee-4557-8458-a0bc2c3b6430,user5,0cb6f4e1-c8e7-45f7-ae8c-862bd9546e01,1,3,5,ACERTO_VENCEDOR,2026-06-13T17:28:25.306Z
cb088543-aced-4fe4-bc60-0504bf80be68,user5,8d259271-eae9-4826-80e5-749e0ab42bb1,2,0,0,ERRO,2026-06-13T17:28:28.921Z
cf31ddaa-cb58-44a5-a081-b9b1eb4183b2,user22,febfa8f0-1e0e-41b4-8f71-c42245503f75,0,2,0,ERRO,2026-06-13T17:44:01.463Z
52bb71d3-074e-4587-871e-dade898f5c51,user22,8d259271-eae9-4826-80e5-749e0ab42bb1,3,1,0,ERRO,2026-06-13T17:44:14.975Z
7e9427c8-c2b6-4392-ae69-92dc94cc8154,user26,febfa8f0-1e0e-41b4-8f71-c42245503f75,1,3,0,ERRO,2026-06-13T17:44:36.389Z
2d094f8e-1cf5-4d32-bf79-513f771651e1,user22,0cb6f4e1-c8e7-45f7-ae8c-862bd9546e01,1,2,7,ACERTO_VENCEDOR,2026-06-13T17:44:49.101Z
cff9c397-16dd-4877-9ba7-54c42360a60b,user24,8d259271-eae9-4826-80e5-749e0ab42bb1,3,2,0,ERRO,2026-06-13T17:45:00.783Z
d895b624-6dfe-4079-874c-1aa27dddf644,user28,8d259271-eae9-4826-80e5-749e0ab42bb1,2,0,0,ERRO,2026-06-13T17:45:30.947Z
01f08168-5f7b-4458-86f0-d8f2ccd0595d,user23,febfa8f0-1e0e-41b4-8f71-c42245503f75,0,3,0,ERRO,2026-06-13T17:45:32.383Z
619701b3-fabb-44e2-bafb-75be000dd20a,user23,8d259271-eae9-4826-80e5-749e0ab42bb1,2,1,0,ERRO,2026-06-13T17:45:53.686Z
12f423c9-d8f8-4f04-96bd-1557a9254d53,user23,0cb6f4e1-c8e7-45f7-ae8c-862bd9546e01,0,3,7,ACERTO_VENCEDOR,2026-06-13T17:46:04.236Z
61c3c0b5-f5bd-48de-afd2-6ef83cbb7a7a,user25,febfa8f0-1e0e-41b4-8f71-c42245503f75,2,3,0,ERRO,2026-06-13T17:46:10.799Z
412735da-f886-4f81-afde-9b073b212631,user25,8d259271-eae9-4826-80e5-749e0ab42bb1,4,2,0,ERRO,2026-06-13T17:46:23.592Z
a0c219db-2e2a-4f72-a7ce-a31db2159180,user31,febfa8f0-1e0e-41b4-8f71-c42245503f75,0,3,0,ERRO,2026-06-13T17:47:03.070Z
717a0cc2-6d8a-4103-a918-ad582aafa0b6,user25,0cb6f4e1-c8e7-45f7-ae8c-862bd9546e01,2,1,0,ERRO,2026-06-13T17:47:06.246Z
864e92df-ec8c-40eb-9f33-cfc3c3082ab4,user31,8d259271-eae9-4826-80e5-749e0ab42bb1,2,1,0,ERRO,2026-06-13T17:47:07.590Z
d62430c6-edb8-4a09-b90f-bc225e19b2d0,user31,0cb6f4e1-c8e7-45f7-ae8c-862bd9546e01,1,3,5,ACERTO_VENCEDOR,2026-06-13T17:47:24.774Z
badb3d70-ff9d-4e8e-ad80-87eeb997f2b7,user29,febfa8f0-1e0e-41b4-8f71-c42245503f75,1,3,0,ERRO,2026-06-13T17:47:44.752Z
25769dfb-a239-41cb-9476-a9731423ce39,user34,8d259271-eae9-4826-80e5-749e0ab42bb1,1,0,0,ERRO,2026-06-13T17:48:00.860Z
3fdb07da-fe84-4533-8e8b-7babb1934ba0,user30,febfa8f0-1e0e-41b4-8f71-c42245503f75,0,2,0,ERRO,2026-06-13T17:48:13.255Z
da6d6bf8-b67b-4e19-937c-6cfe96c3bd15,user30,8d259271-eae9-4826-80e5-749e0ab42bb1,3,1,0,ERRO,2026-06-13T17:48:18.667Z
2221462c-bfea-443e-8d48-dee80d7a176e,user31,d2bb4311-cc33-4a5e-b210-36d4d6b8c95f,0,2,0,ERRO,2026-06-13T17:48:20.033Z
4fb0a9dc-4f4b-4c06-841d-63eb8bbddade,user30,0cb6f4e1-c8e7-45f7-ae8c-862bd9546e01,1,1,0,ERRO,2026-06-13T17:48:25.191Z
05a32929-5295-4b9c-b43e-64c715eb5d14,user32,febfa8f0-1e0e-41b4-8f71-c42245503f75,0,3,0,ERRO,2026-06-13T17:48:31.381Z
91cf8c5e-75de-446c-a9ce-af1eecc2f570,user29,8d259271-eae9-4826-80e5-749e0ab42bb1,2,1,0,ERRO,2026-06-13T17:48:50.308Z
89b02225-247a-4c12-8251-2cd65445cf66,user32,8d259271-eae9-4826-80e5-749e0ab42bb1,3,1,0,ERRO,2026-06-13T17:48:58.742Z
ffe557ff-5a45-4846-9bfd-e940efa327b2,user29,0cb6f4e1-c8e7-45f7-ae8c-862bd9546e01,0,2,7,ACERTO_VENCEDOR,2026-06-13T17:49:06.435Z
8ecebc69-c016-4867-884d-33a96faea519,user29,d2bb4311-cc33-4a5e-b210-36d4d6b8c95f,1,1,0,ERRO,2026-06-13T17:49:57.718Z
b52b0d68-468f-442c-b986-0b5f4da94825,user32,0cb6f4e1-c8e7-45f7-ae8c-862bd9546e01,1,2,7,ACERTO_VENCEDOR,2026-06-13T17:50:04.440Z
0433abdb-ccdc-4c4f-b6ea-93f64e85fc5b,user32,d2bb4311-cc33-4a5e-b210-36d4d6b8c95f,0,2,0,ERRO,2026-06-13T17:50:36.900Z
cf30326c-0f04-4fa2-b83e-98f786f59eee,user35,febfa8f0-1e0e-41b4-8f71-c42245503f75,0,1,0,ERRO,2026-06-13T17:50:39.488Z
341e8d66-51a6-46f3-93a6-9cc91e5c484b,user29,01e47d95-5c68-4036-9f59-c2e6f0a0e13f,1,2,0,ERRO,2026-06-13T17:50:46.558Z
235c6873-e4bb-40dd-aaf7-1cd258b8f842,user35,c32f61ed-5dd5-4aba-a527-1742a1dc4c9d,4,0,5,ACERTO_VENCEDOR,2026-06-13T17:51:23.612Z
ca69be06-d439-4158-82b5-cae7ab4ec536,user26,5e870695-b61c-467b-91db-d4361d873104,0,0,7,ACERTO_VENCEDOR,2026-06-13T17:51:44.773Z
f96d2c77-1992-4087-90ad-8417e89ea8df,user29,3cb95c71-80f9-4c41-97a3-0decd8f5c970,0,1,0,ERRO,2026-06-13T17:52:01.660Z
8b3f1966-a6ef-4be5-91fe-1dda620ca3f4,user26,8d259271-eae9-4826-80e5-749e0ab42bb1,4,2,0,ERRO,2026-06-13T17:52:03.243Z
a62597ce-07b9-43e6-ac16-60c24a7a353d,user26,0cb6f4e1-c8e7-45f7-ae8c-862bd9546e01,1,2,7,ACERTO_VENCEDOR,2026-06-13T17:52:09.687Z
671321eb-c40c-4b1e-a62b-9c9e41650960,user26,d2bb4311-cc33-4a5e-b210-36d4d6b8c95f,0,1,0,ERRO,2026-06-13T17:52:15.417Z
cc03330c-8749-419c-883d-fbd710ebb942,user26,c32f61ed-5dd5-4aba-a527-1742a1dc4c9d,4,0,5,ACERTO_VENCEDOR,2026-06-13T17:52:20.199Z
dd1101ec-43ed-4589-8183-658b4a9774a0,user26,01e47d95-5c68-4036-9f59-c2e6f0a0e13f,1,1,7,ACERTO_VENCEDOR,2026-06-13T17:52:26.685Z
228b8364-7e39-4929-8749-542b9630dc35,user29,3190da5f-a588-4a3e-9611-cd992539fe8a,0,0,0,ERRO,2026-06-13T17:52:30.065Z
0790cd0d-f450-462e-8c1e-857b7bfeecf1,user26,3cb95c71-80f9-4c41-97a3-0decd8f5c970,0,2,0,ERRO,2026-06-13T17:52:31.379Z
79dc9c22-faca-47fa-9baf-c23104f0476b,user26,3190da5f-a588-4a3e-9611-cd992539fe8a,2,1,7,ACERTO_VENCEDOR,2026-06-13T17:52:36.303Z
b4c2aa82-53d5-4322-9f24-dfe03f0faf64,user26,5fdec0ae-0db7-4b71-863a-ae54c8c386a6,5,1,0,ERRO,2026-06-13T17:52:40.843Z
003dd739-f0e0-46b4-a413-50bd6ae800e4,user26,1d1d118e-8fce-4b32-adff-af0df1bf1306,1,2,0,ERRO,2026-06-13T17:52:45.262Z
f6ed6216-6ee3-4b51-b0cd-8d9ab6a214ef,user29,5fdec0ae-0db7-4b71-863a-ae54c8c386a6,5,0,0,ERRO,2026-06-13T17:52:49.049Z
b1c12fa6-c489-47d9-9d7f-509f87556e0f,user26,d59a58f0-503e-4b39-afe6-3b765165d737,1,3,0,ERRO,2026-06-13T17:52:52.447Z
a7cdec96-8264-41e2-b8f5-3a5ee98a73f8,user26,29dcf119-8ac3-42f4-b171-8bd35c1e77f7,0,0,7,ACERTO_VENCEDOR,2026-06-13T17:52:58.724Z
ac1b4f13-52cc-49e4-baa4-2c3b2b6e836a,user26,5a305830-be9c-46d2-9810-fa7282c36942,1,2,0,ERRO,2026-06-13T17:53:03.024Z
2308606e-5e1a-4c9b-a75c-9b3287656724,user26,1d56ac05-0fdf-4476-94bf-a8b2254ecdf5,0,5,5,ACERTO_VENCEDOR,2026-06-13T17:53:09.695Z
50e3444c-7944-42c2-837a-257f282551e6,user29,1d1d118e-8fce-4b32-adff-af0df1bf1306,3,2,0,ERRO,2026-06-13T17:53:12.171Z
d7e675a9-a472-4ab1-b91a-c36d61c57514,user26,ddfc2048-daf9-49cb-9696-05b30def1f27,2,1,5,ACERTO_VENCEDOR,2026-06-13T17:53:16.541Z
e9edee80-bf33-42cd-9792-3673140f069a,user26,b4ffb117-3d07-4b91-a534-fd3cd301d562,0,1,0,ERRO,2026-06-13T17:53:22.306Z
5648dd56-35bf-41f0-9678-7a3f6bc790e5,user29,d59a58f0-503e-4b39-afe6-3b765165d737,1,2,0,ERRO,2026-06-13T17:53:27.675Z
ddcc3380-0149-403e-811c-ed4140774b9f,user26,4cc59670-bc10-44eb-980e-e6fa1b392d39,3,0,0,ERRO,2026-06-13T17:53:29.230Z
7e15c218-6f66-42e8-8025-e15991d5dbae,user26,2cc8c024-882c-49d3-b42b-0b34d51e4c31,2,3,0,ERRO,2026-06-13T17:53:36.468Z
80c55512-5206-4110-bde2-c2e8127718dd,user26,ff24403a-019f-43e2-88b1-40157d97890a,2,1,7,ACERTO_VENCEDOR,2026-06-13T17:53:45.488Z
8d6a6813-def7-4c62-ade2-bc1158b0d0a0,user29,29dcf119-8ac3-42f4-b171-8bd35c1e77f7,0,0,7,ACERTO_VENCEDOR,2026-06-13T17:53:47.514Z
b2e8328a-7522-4b47-926b-546d60fdebae,user26,0171de6d-3aef-41c9-91bb-50e967bc9383,0,3,7,ACERTO_VENCEDOR,2026-06-13T17:53:52.960Z
d89d4819-7b85-4713-810e-f7ff3e80724e,user26,d31fa12d-65f6-416b-b7dc-210c0aeff4bf,0,2,0,ERRO,2026-06-13T17:53:57.423Z
aabf29d9-56c1-426e-87e9-d9101407d0bd,user26,e00087f2-d8fb-4a87-b368-e30a37ec8e44,2,0,5,ACERTO_VENCEDOR,2026-06-13T17:54:03.780Z
b5488c65-2e73-448a-b7a4-c76fb6921375,user26,f243892f-ff42-414e-85d3-fdb50c697b05,2,1,5,ACERTO_VENCEDOR,2026-06-13T17:54:07.989Z
85a96af5-ddaa-4191-a530-f55aa248fbe0,user26,bfc8b7bc-2dcc-42ce-9123-6d1fd3c45a9d,2,2,0,ERRO,2026-06-13T17:54:13.802Z
207918e0-5ebe-4f83-b472-a6b4d446dead,user29,5a305830-be9c-46d2-9810-fa7282c36942,3,1,10,ACERTO_PLACAR,2026-06-13T17:54:15.243Z
fe9c487a-f77c-46cc-b29a-00a9120c8f43,user26,49c174b7-c464-4916-be8e-c9adf5489d61,2,0,10,ACERTO_PLACAR,2026-06-13T17:54:19.222Z
d8d1e8ae-d3d6-43ba-a367-f95bc0a80243,user26,a48358d6-b4c7-4f09-a00a-cb630819f8ef,0,2,7,ACERTO_VENCEDOR,2026-06-13T17:54:25.318Z
69cc84b5-afb2-4faf-a3ad-8c58c4b26eb1,user26,6e8dfaca-52e0-489c-8f8d-bad25889f8aa,4,1,7,ACERTO_VENCEDOR,2026-06-13T17:54:31.622Z
c1fff2ce-5ebe-437f-af86-3e5885f70420,user29,1d56ac05-0fdf-4476-94bf-a8b2254ecdf5,0,3,7,ACERTO_VENCEDOR,2026-06-13T17:54:34.781Z
b0f08f26-95e6-4fb9-9cf4-dbd7b5b5ed50,user26,9a7c71dd-6726-4631-8f78-e5deb9fef73c,1,1,0,ERRO,2026-06-13T17:54:41.798Z
249e2041-ecc6-4156-af83-4b1a0d8965bb,user26,1a3c502f-3218-4da5-bba5-6fe2da01734d,2,2,0,ERRO,2026-06-13T17:54:46.599Z
ffcde22d-613b-4e8e-8d47-66a0c250f57b,user26,472a5e85-7239-4f32-ab73-fd7e96b99666,3,0,5,ACERTO_VENCEDOR,2026-06-13T17:54:50.716Z
f7ddeec0-069b-4957-812f-cb74eee6cc8b,user29,ddfc2048-daf9-49cb-9696-05b30def1f27,1,0,7,ACERTO_VENCEDOR,2026-06-13T17:54:53.143Z
5b5ac758-9189-4d1e-8612-9b6461d9540c,user26,a8f50583-b1af-425d-836c-64944df6c668,3,0,0,ERRO,2026-06-13T17:54:57.281Z
17641cd2-f91f-4447-b27e-49eb9477d848,user26,94ee8b2b-59f5-4cb6-9039-a8ddbfb45a43,1,3,5,ACERTO_VENCEDOR,2026-06-13T17:55:03.759Z
2667524c-e264-4cc1-ace7-2f8f97c7729f,user26,ec9a9043-f83e-497e-907c-f0d58a78695a,4,0,10,ACERTO_PLACAR,2026-06-13T17:55:10.339Z
d3deab49-99d3-415a-b2ca-7bf50f7180a5,user29,b4ffb117-3d07-4b91-a534-fd3cd301d562,3,0,7,ACERTO_VENCEDOR,2026-06-13T17:55:13.179Z
9f7f710f-728c-4e9e-bc56-a3d6b371dc59,user38,febfa8f0-1e0e-41b4-8f71-c42245503f75,0,2,0,ERRO,2026-06-13T17:55:18.188Z
636fa6f5-5570-4968-ab67-ea97d89f0963,user27,0cb6f4e1-c8e7-45f7-ae8c-862bd9546e01,1,3,5,ACERTO_VENCEDOR,2026-06-13T17:55:23.262Z
09f764f6-204d-44a0-b039-27b177fde032,user29,4cc59670-bc10-44eb-980e-e6fa1b392d39,5,0,0,ERRO,2026-06-13T17:55:29.322Z
ff6bbd58-8d40-4e08-a64c-ae9dd6100012,user26,1be19345-5d2c-4123-a169-46cadcbc7ff2,2,0,0,ERRO,2026-06-13T17:55:33.011Z
4c71d39b-0df5-4380-a40b-209cf0f73f04,user38,8d259271-eae9-4826-80e5-749e0ab42bb1,1,2,0,ERRO,2026-06-13T17:55:37.776Z
e8706edf-c395-488a-908d-90e461f8e506,user26,e3dca7c9-b2cc-4ad4-b02c-602ad4e61091,3,0,0,ERRO,2026-06-13T17:55:41.538Z
18a9f2c3-9c87-4d72-b7f5-3619492cf26a,user29,2cc8c024-882c-49d3-b42b-0b34d51e4c31,2,2,0,ERRO,2026-06-13T17:55:45.476Z
3764d66e-e340-4d0f-a8fc-9632059df5b4,user38,0cb6f4e1-c8e7-45f7-ae8c-862bd9546e01,0,1,10,ACERTO_PLACAR,2026-06-13T17:55:48.624Z
60b5efbe-4c1c-4cd7-8dde-904528751de5,user26,ca17b700-6fcf-4698-a628-770228b859bf,0,2,7,ACERTO_VENCEDOR,2026-06-13T17:55:51.151Z
064394d0-6f95-4a15-9b9d-798c305049b9,user26,609c6c86-9a27-4c77-8f72-b0fa878924a9,3,0,7,ACERTO_VENCEDOR,2026-06-13T17:55:57.561Z
469864d5-d4e7-4469-b32f-4abfd97c0373,user38,d2bb4311-cc33-4a5e-b210-36d4d6b8c95f,1,1,0,ERRO,2026-06-13T17:56:01.816Z
20795dc4-09f8-482c-a578-0e25d961b13e,user26,e322a9b7-1a86-4fef-8d1e-276b8e2d438d,5,0,7,ACERTO_VENCEDOR,2026-06-13T17:56:04.398Z
78722812-f06f-4e7f-b0a5-ceed3d6c9e3f,user36,8d259271-eae9-4826-80e5-749e0ab42bb1,2,1,0,ERRO,2026-06-13T17:56:08.999Z
dc8bccf2-5e88-47d5-8dc9-292e50943e96,user38,c32f61ed-5dd5-4aba-a527-1742a1dc4c9d,3,0,5,ACERTO_VENCEDOR,2026-06-13T17:56:12.095Z
d7a30668-b4c4-43e8-b146-e671c6a791af,user26,6488ec1b-cd97-409f-83ce-24befb4852be,3,2,10,ACERTO_PLACAR,2026-06-13T17:56:13.438Z
8259eb17-f44e-48bf-9471-083f5ca6e822,user38,01e47d95-5c68-4036-9f59-c2e6f0a0e13f,2,1,0,ERRO,2026-06-13T17:56:25.529Z
21980451-42e8-46d4-8a0b-96ae37ac4546,user26,c1710c13-a884-47db-b770-4d0d7cf4b0f5,1,2,10,ACERTO_PLACAR,2026-06-13T17:56:29.894Z
4e002529-d5ca-4ce8-b990-f690b84c7aa9,user29,ff24403a-019f-43e2-88b1-40157d97890a,3,1,5,ACERTO_VENCEDOR,2026-06-13T17:56:34.119Z
9d73a954-de64-438e-925b-cfef98b6e0e7,user36,febfa8f0-1e0e-41b4-8f71-c42245503f75,1,3,0,ERRO,2026-06-13T17:56:35.461Z
b151cddf-a735-4048-b1f2-ff854be2ece8,user26,6990d81d-87d8-41b1-aea5-b6fbcfafcf7b,5,1,7,ACERTO_VENCEDOR,2026-06-13T17:56:37.939Z
15198b2f-deff-4942-9580-9092c74e86f6,user38,3cb95c71-80f9-4c41-97a3-0decd8f5c970,0,2,0,ERRO,2026-06-13T17:56:38.853Z
e5326608-d42d-4fd4-bb20-9233ff2de092,user38,3190da5f-a588-4a3e-9611-cd992539fe8a,1,0,5,ACERTO_VENCEDOR,2026-06-13T17:56:49.402Z
8a0c60d2-c48c-4772-8dc4-6546581c2b88,user29,0171de6d-3aef-41c9-91bb-50e967bc9383,0,3,7,ACERTO_VENCEDOR,2026-06-13T17:56:52.417Z
798a06d1-6302-47f5-8da9-ac935bcf8a74,user36,0cb6f4e1-c8e7-45f7-ae8c-862bd9546e01,0,1,10,ACERTO_PLACAR,2026-06-13T17:56:53.763Z
0217a106-1644-46fb-a830-ea658cfd04a0,user26,b59a5f79-d8a9-4ad4-a99e-643e36491858,1,4,7,ACERTO_VENCEDOR,2026-06-13T17:56:57.199Z
8b007f7e-a18f-4f0e-9e6a-38a66e9eba8a,user38,5fdec0ae-0db7-4b71-863a-ae54c8c386a6,4,0,0,ERRO,2026-06-13T17:57:00.565Z
6a2cd120-ddf2-4693-94cf-cf423a4c28ea,user26,d048e70a-4271-483f-828e-5b0f3a2c32a2,2,3,0,ERRO,2026-06-13T17:57:02.262Z
2098d693-6b51-4746-8344-7ad69638535f,user26,509c27bb-9832-4145-8630-c309ac6b50cb,0,1,0,ERRO,2026-06-13T17:57:09.373Z
f26abac6-b29c-409b-9426-0929512f851b,user29,d31fa12d-65f6-416b-b7dc-210c0aeff4bf,1,1,10,ACERTO_PLACAR,2026-06-13T17:57:14.715Z
6e228db5-ae6f-4543-a722-204184a347a2,user26,af891675-71a4-4e36-9820-710f18ef9e27,2,1,10,ACERTO_PLACAR,2026-06-13T17:57:16.057Z
487111f7-f0a4-4a9a-8627-fc1b2254f0f6,user38,1d1d118e-8fce-4b32-adff-af0df1bf1306,2,0,0,ERRO,2026-06-13T17:57:17.399Z
d0803712-37d0-4361-868c-1193fd33b120,user26,044a487b-ee61-4547-b15b-84630aae8b47,0,4,7,ACERTO_VENCEDOR,2026-06-13T17:57:25.967Z
d7af9ea3-0009-4fd7-82ae-1f07ba0b4225,user26,d7a304b0-482e-46d8-b50b-d250885daf98,0,2,5,ACERTO_VENCEDOR,2026-06-13T17:57:27.308Z
1b7d1652-7ab0-491c-b313-c52cfbd9538c,user26,360b9169-fffe-42c2-a352-481e999c5c10,3,1,0,ERRO,2026-06-13T17:57:36.060Z
cc4cd36a-d033-4380-a78a-b4cc3bf2e604,user26,d83a4eb5-112c-4d4e-895b-737f0085d5dc,1,1,7,ACERTO_VENCEDOR,2026-06-13T17:57:37.672Z
dde675a1-4c3b-4092-a35a-73830c6a253d,user26,276fc045-6d8a-40af-ba22-7e5c4b51e177,2,1,0,ERRO,2026-06-13T17:57:48.701Z
2ffcdd67-3c35-476d-81a0-8cacc501cb84,user26,c6a97697-806b-45f8-8deb-24669a074940,1,3,5,ACERTO_VENCEDOR,2026-06-13T17:57:48.969Z
107589d1-0260-463d-ad40-03f3dec0a99c,user26,8e4c2b7f-aab6-4c6d-b181-7a637a728533,3,0,7,ACERTO_VENCEDOR,2026-06-13T17:57:59.567Z
43704e79-b93d-459b-aac1-fafd5fbf145b,user26,4e538c8b-876c-4009-849a-761125544175,2,4,0,ERRO,2026-06-13T17:58:08.400Z
14be30b4-a788-4c5c-b2b8-88fd819993e3,user29,e00087f2-d8fb-4a87-b368-e30a37ec8e44,2,1,7,ACERTO_VENCEDOR,2026-06-13T17:58:09.769Z
dd39f41d-1e10-4e19-ae87-8747a0be3d28,user26,e5959d04-83c8-4037-81fc-1133f95064c2,1,0,0,ERRO,2026-06-13T17:58:19.381Z
93888326-74bd-410f-a023-957bc3d2323e,user26,908bbff6-9327-41c0-995f-29581a5f84ab,0,3,7,ACERTO_VENCEDOR,2026-06-13T17:58:26.524Z
f40f0147-b976-4199-9efb-ef791dc0c073,user26,c7b8c1b3-52ad-4bef-81d9-1969853ba187,2,1,0,ERRO,2026-06-13T17:58:37.024Z
8003fcde-fcf0-4303-9737-613e67d546b1,user29,f243892f-ff42-414e-85d3-fdb50c697b05,1,0,7,ACERTO_VENCEDOR,2026-06-13T17:58:40.497Z
50c6c2a4-58d1-492d-be7f-04acd05b4e7c,user26,9bf43d45-0c13-438c-bd7a-6092b4aef4d2,0,2,10,ACERTO_PLACAR,2026-06-13T17:58:46.258Z
21f03348-d0b7-43c0-9f04-3cde65a3204e,user26,32e1259a-ec96-4e5b-8063-b0c1c3d87553,1,4,0,ERRO,2026-06-13T17:58:54.737Z
ba47e7d0-485b-43ab-a721-57f092c294dd,user26,52a29ff1-0db3-48b4-921f-1aa0f8940766,0,2,7,ACERTO_VENCEDOR,2026-06-13T17:58:55.957Z
e44ec964-39e4-4329-8206-8f2f26a90c68,user41,febfa8f0-1e0e-41b4-8f71-c42245503f75,0,3,0,ERRO,2026-06-13T17:58:57.179Z
efffabe5-daa3-409e-83bd-92bd057b1c5d,user29,bfc8b7bc-2dcc-42ce-9123-6d1fd3c45a9d,2,2,0,ERRO,2026-06-13T17:59:01.084Z
f1a2aaf5-75c9-48de-8ed7-e5744ebf180e,user41,8d259271-eae9-4826-80e5-749e0ab42bb1,2,0,0,ERRO,2026-06-13T17:59:06.964Z
ff08c758-c5a4-4211-b064-c58a02d5e566,user26,9ebfdd3b-789a-4e3a-a2b6-d7c31237e3d1,2,2,0,ERRO,2026-06-13T17:59:07.208Z
55d9525b-591b-4a6a-936d-c1d25820ca85,user26,6a824c8c-e1be-4339-acc3-3279deec17ad,3,0,5,ACERTO_VENCEDOR,2026-06-13T17:59:07.452Z
c75b85a2-736e-468f-9193-763a9a8cb634,user26,702d0496-83e0-461d-82e9-e335698fca9e,1,3,7,ACERTO_VENCEDOR,2026-06-13T17:59:17.639Z
8b6c688b-c7ec-45bc-bfce-42c532deecc1,user29,49c174b7-c464-4916-be8e-c9adf5489d61,2,1,7,ACERTO_VENCEDOR,2026-06-13T17:59:18.860Z
8bc7b99b-484f-4619-835f-1c02b49d9e21,user41,0cb6f4e1-c8e7-45f7-ae8c-862bd9546e01,0,3,7,ACERTO_VENCEDOR,2026-06-13T17:59:20.620Z
53acb772-6423-43f1-84fd-d65b1487c7cd,user26,c5771b35-3695-40b7-a63f-1be736f9d685,3,1,0,ERRO,2026-06-13T17:59:23.955Z
fd5cd25b-1eef-401d-b605-6c5894e7a101,user26,6038b570-f0a1-4247-9752-82e48da6649f,4,0,7,ACERTO_VENCEDOR,2026-06-13T17:59:30.177Z
0b27253b-1267-4a4f-87b0-9c3ce524f766,user26,e4d4af35-c9e0-4d1b-89b7-e72893e5642d,0,2,0,ERRO,2026-06-13T17:59:31.400Z
adf263f9-a443-49e8-afe7-e0d3e7ee204c,user26,a5897071-fca1-470c-b1f4-50ff34a5ff80,0,3,7,ACERTO_VENCEDOR,2026-06-13T17:59:37.248Z
2a5489e3-6b58-40e1-adf9-8a2d05b8a580,user26,f3d0c2c2-ce6a-47a7-8a8d-9268cc90bb61,0,1,0,ERRO,2026-06-13T17:59:41.755Z
1f072111-23e9-4b0b-8a5f-972496741bed,user29,a48358d6-b4c7-4f09-a00a-cb630819f8ef,2,4,5,ACERTO_VENCEDOR,2026-06-13T17:59:50.635Z
97e489af-a16e-43b0-8cd9-40b1825c1bde,user29,6e8dfaca-52e0-489c-8f8d-bad25889f8aa,5,0,7,ACERTO_VENCEDOR,2026-06-13T18:00:23.990Z
e73b7e8a-dbae-4417-8c36-5353666787c0,user29,9a7c71dd-6726-4631-8f78-e5deb9fef73c,0,1,10,ACERTO_PLACAR,2026-06-13T18:01:06.693Z
fbd377cf-e734-47a7-a760-7a17b316e2ae,user29,1a3c502f-3218-4da5-bba5-6fe2da01734d,2,1,7,ACERTO_VENCEDOR,2026-06-13T18:01:21.636Z
5a88a844-b950-4501-88ce-2be4625f1b25,user44,8d259271-eae9-4826-80e5-749e0ab42bb1,1,0,0,ERRO,2026-06-13T18:01:26.197Z
5f4976fc-5725-45a1-958f-f89d1fa5c064,user29,472a5e85-7239-4f32-ab73-fd7e96b99666,2,0,7,ACERTO_VENCEDOR,2026-06-13T18:01:37.019Z
36c6fda3-a406-4ac7-bc4c-cdb3f806a052,user44,febfa8f0-1e0e-41b4-8f71-c42245503f75,1,1,10,ACERTO_PLACAR,2026-06-13T18:01:40.846Z
20e98fec-5de7-43de-ae17-fd04fee651b3,user42,febfa8f0-1e0e-41b4-8f71-c42245503f75,0,5,0,ERRO,2026-06-13T18:01:47.899Z
3efdb6a3-4c4f-491a-97f2-37e31f4ca212,user29,a8f50583-b1af-425d-836c-64944df6c668,3,0,0,ERRO,2026-06-13T18:01:51.512Z
403302ff-1e9b-4ed0-8a16-d12f9c587adb,user40,febfa8f0-1e0e-41b4-8f71-c42245503f75,1,1,10,ACERTO_PLACAR,2026-06-13T18:02:03.308Z
d42335d6-7071-4c2a-b9c1-3f81e374e569,user43,8d259271-eae9-4826-80e5-749e0ab42bb1,4,1,0,ERRO,2026-06-13T18:02:04.570Z
464bd9f9-30bc-4b84-bb03-6cdd8a3d3ecc,user40,8d259271-eae9-4826-80e5-749e0ab42bb1,2,1,0,ERRO,2026-06-13T18:02:07.523Z
e06de8dc-7f46-481f-812a-34354f81cbac,user40,0cb6f4e1-c8e7-45f7-ae8c-862bd9546e01,0,4,7,ACERTO_VENCEDOR,2026-06-13T18:02:10.941Z
177eb494-248e-4eda-a27f-ef114c33ef9f,user42,8d259271-eae9-4826-80e5-749e0ab42bb1,1,2,0,ERRO,2026-06-13T18:02:12.167Z
6300168a-c8e1-4254-afc6-003cfcb1d0ba,user43,febfa8f0-1e0e-41b4-8f71-c42245503f75,0,2,0,ERRO,2026-06-13T18:02:13.928Z
4120a54f-a41c-4701-a2b2-365b9967e4a7,user40,d2bb4311-cc33-4a5e-b210-36d4d6b8c95f,0,2,0,ERRO,2026-06-13T18:02:15.687Z
72b9e752-bceb-48c7-b046-cfe3536d89ee,user44,0cb6f4e1-c8e7-45f7-ae8c-862bd9546e01,0,1,10,ACERTO_PLACAR,2026-06-13T18:02:20.607Z
083107b6-3d44-4c32-bb60-a8aec444bac9,user44,d2bb4311-cc33-4a5e-b210-36d4d6b8c95f,2,0,10,ACERTO_PLACAR,2026-06-13T18:02:29.702Z
bd8ae40b-543b-4fc4-97d9-7d57d446fe33,user43,0cb6f4e1-c8e7-45f7-ae8c-862bd9546e01,1,1,0,ERRO,2026-06-13T18:02:31.380Z
00b1bf65-dfee-4fd3-ba60-8025def47709,user29,94ee8b2b-59f5-4cb6-9039-a8ddbfb45a43,0,2,7,ACERTO_VENCEDOR,2026-06-13T18:02:36.560Z
8eadbe16-2d15-443e-b616-d5486d06ed30,user43,d2bb4311-cc33-4a5e-b210-36d4d6b8c95f,0,1,0,ERRO,2026-06-13T18:02:43.558Z
d4ed6709-41d3-46d7-9f57-239637f57075,user40,c32f61ed-5dd5-4aba-a527-1742a1dc4c9d,5,0,5,ACERTO_VENCEDOR,2026-06-13T18:02:46.004Z
bdbbb941-ad50-4b48-a9f5-ad96f04a9c3f,user46,febfa8f0-1e0e-41b4-8f71-c42245503f75,0,2,0,ERRO,2026-06-13T18:03:07.038Z
89536f3c-7c44-4888-8a77-e3a411fe9705,user29,ec9a9043-f83e-497e-907c-f0d58a78695a,3,1,5,ACERTO_VENCEDOR,2026-06-13T18:03:26.272Z
07dce19b-cebb-4c0d-b992-8c5ef79af4d0,user46,8d259271-eae9-4826-80e5-749e0ab42bb1,1,0,0,ERRO,2026-06-13T18:03:30.620Z
6facc58b-d89b-47ec-b71b-caa6572d082e,user48,febfa8f0-1e0e-41b4-8f71-c42245503f75,0,2,0,ERRO,2026-06-13T18:03:43.702Z
3836abe4-f367-44b3-a74f-11c2564a5d16,user48,8d259271-eae9-4826-80e5-749e0ab42bb1,1,1,10,ACERTO_PLACAR,2026-06-13T18:04:00.709Z
93361684-0eca-4658-a5bd-227ca4a0b235,user46,0cb6f4e1-c8e7-45f7-ae8c-862bd9546e01,1,3,5,ACERTO_VENCEDOR,2026-06-13T18:04:16.053Z
93bd4660-b64c-4356-9a56-9185d9deeb1b,user48,0cb6f4e1-c8e7-45f7-ae8c-862bd9546e01,0,2,7,ACERTO_VENCEDOR,2026-06-13T18:04:20.108Z
d9a643e2-b0c4-47ab-b65c-9e554bee1600,user48,d2bb4311-cc33-4a5e-b210-36d4d6b8c95f,0,1,0,ERRO,2026-06-13T18:04:33.016Z
a3569ef1-7a16-4894-b3a2-45d555634257,user46,d2bb4311-cc33-4a5e-b210-36d4d6b8c95f,1,2,0,ERRO,2026-06-13T18:04:37.176Z
7eac633e-c578-4f87-aa71-64c4595af47c,user29,1be19345-5d2c-4123-a169-46cadcbc7ff2,1,1,7,ACERTO_VENCEDOR,2026-06-13T18:05:07.666Z
c3bf3b81-b29c-4cdb-a0a2-892da6ccbf02,user29,e3dca7c9-b2cc-4ad4-b02c-602ad4e61091,4,1,0,ERRO,2026-06-13T18:05:33.249Z
cf755fab-dd0c-410b-a055-4bb61393bd1e,user29,ca17b700-6fcf-4698-a628-770228b859bf,0,1,5,ACERTO_VENCEDOR,2026-06-13T18:05:49.223Z
81d4206a-5847-4834-bf07-1e32ce9e1f5d,user29,e322a9b7-1a86-4fef-8d1e-276b8e2d438d,4,0,7,ACERTO_VENCEDOR,2026-06-13T18:06:40.267Z
039fdb48-a33e-4761-9ce7-627f6ffeb258,user29,6488ec1b-cd97-409f-83ce-24befb4852be,2,2,0,ERRO,2026-06-13T18:07:07.096Z
d025dc18-25f9-42f4-b107-f454c21ff4ff,user29,c1710c13-a884-47db-b770-4d0d7cf4b0f5,0,2,7,ACERTO_VENCEDOR,2026-06-13T18:07:22.038Z
1a401822-fd5e-40a2-8ff3-6ffcbd949635,user29,6990d81d-87d8-41b1-aea5-b6fbcfafcf7b,6,1,7,ACERTO_VENCEDOR,2026-06-13T18:07:58.143Z
910717e1-d07e-41d6-a0a7-a7605bd4a470,user29,c5771b35-3695-40b7-a63f-1be736f9d685,3,1,0,ERRO,2026-06-13T18:08:37.021Z
4588ee90-ad48-4194-9049-daf0fb3c16a0,user29,a5897071-fca1-470c-b1f4-50ff34a5ff80,0,3,7,ACERTO_VENCEDOR,2026-06-13T18:09:00.306Z
77554cca-4514-4051-96f4-11f7ab92e6e4,user29,6038b570-f0a1-4247-9752-82e48da6649f,3,1,5,ACERTO_VENCEDOR,2026-06-13T18:09:17.214Z
acfc08e1-a38a-4a6c-a54b-d151ed8f6cd9,user29,e4d4af35-c9e0-4d1b-89b7-e72893e5642d,1,1,0,ERRO,2026-06-13T18:09:50.703Z
41181307-4447-4a08-95d1-75620dd83331,user29,f3d0c2c2-ce6a-47a7-8a8d-9268cc90bb61,2,2,0,ERRO,2026-06-13T18:10:03.746Z
a5309dc6-c46c-45b2-bb93-e1508bb6c402,user29,702d0496-83e0-461d-82e9-e335698fca9e,0,2,7,ACERTO_VENCEDOR,2026-06-13T18:10:23.161Z
414a3c6c-ef39-435a-9139-312737504720,user29,6a824c8c-e1be-4339-acc3-3279deec17ad,4,1,7,ACERTO_VENCEDOR,2026-06-13T18:10:51.750Z
0c10bd4b-d759-4c45-adab-68b4d9998fa5,user47,febfa8f0-1e0e-41b4-8f71-c42245503f75,0,2,0,ERRO,2026-06-13T18:12:06.041Z
19104ecf-7534-4b1c-afad-13016473dffc,user29,9ebfdd3b-789a-4e3a-a2b6-d7c31237e3d1,1,2,0,ERRO,2026-06-13T18:12:32.186Z
a607ec53-1f77-4337-8bd7-decc4040b150,user29,52a29ff1-0db3-48b4-921f-1aa0f8940766,1,3,7,ACERTO_VENCEDOR,2026-06-13T18:13:21.140Z
c4a81553-57c2-430f-b411-fe329f5c79c1,user29,32e1259a-ec96-4e5b-8063-b0c1c3d87553,2,2,0,ERRO,2026-06-13T18:13:38.798Z
2c2c28a0-6552-4c2c-b78f-758c1e92540d,user29,9bf43d45-0c13-438c-bd7a-6092b4aef4d2,1,3,7,ACERTO_VENCEDOR,2026-06-13T18:13:58.296Z
96eb88ad-16e9-4817-8fb6-8f61e3abf9fe,user29,c7b8c1b3-52ad-4bef-81d9-1969853ba187,1,0,0,ERRO,2026-06-13T18:14:19.567Z
a4d00c9c-a64b-4f49-b08d-642e29ed7958,user29,908bbff6-9327-41c0-995f-29581a5f84ab,1,4,7,ACERTO_VENCEDOR,2026-06-13T18:14:43.054Z
4e4b86cb-4d7a-436f-9b33-79b157a4d74c,user29,e5959d04-83c8-4037-81fc-1133f95064c2,1,1,7,ACERTO_VENCEDOR,2026-06-13T18:14:58.733Z
8e98c627-d4fc-4c04-af91-8506a81e9678,user29,4e538c8b-876c-4009-849a-761125544175,0,2,0,ERRO,2026-06-13T18:15:27.855Z
b27b897c-3152-4f68-becc-d80c26b5064c,user50,febfa8f0-1e0e-41b4-8f71-c42245503f75,0,2,0,ERRO,2026-06-13T18:15:29.075Z
119892f2-5a76-43f3-8bc9-d2feafe1171d,user50,8d259271-eae9-4826-80e5-749e0ab42bb1,2,1,0,ERRO,2026-06-13T18:15:39.506Z
ab9d0033-7968-4603-9413-718fef362e6a,user29,8e4c2b7f-aab6-4c6d-b181-7a637a728533,2,0,7,ACERTO_VENCEDOR,2026-06-13T18:15:49.592Z
5ee762c2-e203-4d9d-b50d-4d0de3fca281,user29,276fc045-6d8a-40af-ba22-7e5c4b51e177,1,2,7,ACERTO_VENCEDOR,2026-06-13T18:16:03.668Z
79571759-7b7f-421f-84c2-f4ae6e126314,user29,c6a97697-806b-45f8-8deb-24669a074940,1,1,0,ERRO,2026-06-13T18:16:20.851Z
53cac5c0-0a5e-4dcb-b622-33517d9d57ef,user29,d83a4eb5-112c-4d4e-895b-737f0085d5dc,1,3,0,ERRO,2026-06-13T18:16:33.243Z
fb746054-ed4d-4c5d-a811-473ced6ebac8,user29,360b9169-fffe-42c2-a352-481e999c5c10,1,1,10,ACERTO_PLACAR,2026-06-13T18:16:55.081Z
31cc0ff6-94c9-480f-ac81-ebef30a1130d,user29,d7a304b0-482e-46d8-b50b-d250885daf98,1,2,7,ACERTO_VENCEDOR,2026-06-13T18:17:10.513Z
4fb69145-2075-4337-ae10-84e56669dcb9,user29,044a487b-ee61-4547-b15b-84630aae8b47,0,6,7,ACERTO_VENCEDOR,2026-06-13T18:17:26.160Z
dadb7678-8c49-4623-bd1d-ee4babc45677,user29,af891675-71a4-4e36-9820-710f18ef9e27,1,1,0,ERRO,2026-06-13T18:18:27.009Z
efbacae5-0000-494c-982e-adf612af48ba,user29,509c27bb-9832-4145-8630-c309ac6b50cb,2,3,0,ERRO,2026-06-13T18:19:06.322Z
9636128c-d7a6-49b1-b3f9-01b868cc9a67,user29,d048e70a-4271-483f-828e-5b0f3a2c32a2,2,2,7,ACERTO_VENCEDOR,2026-06-13T18:19:19.896Z
2ef9cec3-8c42-4f13-a511-7b3fdf74081f,user29,b59a5f79-d8a9-4ad4-a99e-643e36491858,0,5,5,ACERTO_VENCEDOR,2026-06-13T18:19:33.729Z
8f8cfdbf-edd1-4af3-a78d-d7cb3e48adca,user52,febfa8f0-1e0e-41b4-8f71-c42245503f75,0,2,0,ERRO,2026-06-13T18:24:33.695Z
4bf83563-88ef-4bb6-909d-cea3eda5b7a3,user52,8d259271-eae9-4826-80e5-749e0ab42bb1,2,1,0,ERRO,2026-06-13T18:25:27.690Z
22b76827-bf05-4783-8f3d-8cd8ce9e1d2c,user52,0cb6f4e1-c8e7-45f7-ae8c-862bd9546e01,0,1,10,ACERTO_PLACAR,2026-06-13T18:25:33.635Z
5f1b16c0-5e67-4940-9b7a-a793e96a2714,user52,d2bb4311-cc33-4a5e-b210-36d4d6b8c95f,0,2,0,ERRO,2026-06-13T18:25:40.071Z
03fbc2e9-e976-4ca6-abe2-80115ed4f0a0,user52,c32f61ed-5dd5-4aba-a527-1742a1dc4c9d,2,2,0,ERRO,2026-06-13T18:25:45.963Z
9d9280bc-01d7-4fea-8a60-fe5d942b6fa5,user52,01e47d95-5c68-4036-9f59-c2e6f0a0e13f,1,0,0,ERRO,2026-06-13T18:25:49.760Z
1720fe73-8817-406f-be7c-6cb5a6f27275,user52,3cb95c71-80f9-4c41-97a3-0decd8f5c970,0,3,0,ERRO,2026-06-13T18:27:37.391Z
5fe567ca-6224-463d-b09c-14a61cc29930,user52,3190da5f-a588-4a3e-9611-cd992539fe8a,2,0,5,ACERTO_VENCEDOR,2026-06-13T18:27:43.208Z
096b4771-9c0f-47ba-a8b3-dee124828afd,user52,5fdec0ae-0db7-4b71-863a-ae54c8c386a6,5,0,0,ERRO,2026-06-13T18:27:48.489Z
7192deac-6a70-45b5-bc44-7cd02618d6b7,user52,1d1d118e-8fce-4b32-adff-af0df1bf1306,2,0,0,ERRO,2026-06-13T18:27:54.726Z
4343a197-dc3f-44b6-8ffa-09467af1721b,user52,d59a58f0-503e-4b39-afe6-3b765165d737,0,1,0,ERRO,2026-06-13T18:28:00.107Z
a6f378cc-f5fe-45da-bf6d-70da6749cd12,user52,29dcf119-8ac3-42f4-b171-8bd35c1e77f7,1,0,0,ERRO,2026-06-13T18:28:05.066Z
5b1d0c7a-ffd4-4235-8f69-6b2dc6b673ff,user52,5a305830-be9c-46d2-9810-fa7282c36942,3,0,7,ACERTO_VENCEDOR,2026-06-13T18:28:08.976Z
42bd79b5-4830-48f9-a02a-d58ac429037a,user52,ddfc2048-daf9-49cb-9696-05b30def1f27,2,3,0,ERRO,2026-06-13T18:28:14.075Z
1bf86c7b-336d-4fa1-8b0f-16992ff248c5,user52,1d56ac05-0fdf-4476-94bf-a8b2254ecdf5,1,2,7,ACERTO_VENCEDOR,2026-06-13T18:28:17.483Z
4f56783c-d86c-4a8f-95a5-cbfd89474f38,user53,febfa8f0-1e0e-41b4-8f71-c42245503f75,1,2,0,ERRO,2026-06-13T18:28:20.082Z
a7af659a-c02c-4831-ad36-30bd7b4cbffb,user53,8d259271-eae9-4826-80e5-749e0ab42bb1,4,1,0,ERRO,2026-06-13T18:28:28.882Z
65fbfd30-f71c-4078-b4ea-d280fdb68e43,user53,d2bb4311-cc33-4a5e-b210-36d4d6b8c95f,2,0,10,ACERTO_PLACAR,2026-06-13T18:29:09.302Z
edcb56aa-2798-442f-9de8-f904fbe4e81c,user52,b4ffb117-3d07-4b91-a534-fd3cd301d562,2,2,0,ERRO,2026-06-13T18:29:21.750Z
d129b032-031a-40e3-bd72-6fd24448b65b,user53,0cb6f4e1-c8e7-45f7-ae8c-862bd9546e01,2,2,0,ERRO,2026-06-13T18:29:23.035Z
6dfbc565-32bb-408c-bf20-2bf1c8717d5b,user52,4cc59670-bc10-44eb-980e-e6fa1b392d39,2,0,0,ERRO,2026-06-13T18:29:27.780Z
6541e03c-5a60-4a2f-891c-61289c8691ef,user52,2cc8c024-882c-49d3-b42b-0b34d51e4c31,3,0,5,ACERTO_VENCEDOR,2026-06-13T18:29:35.289Z
7fa620ca-61f5-4a7d-a651-26796131838c,user52,ff24403a-019f-43e2-88b1-40157d97890a,2,0,7,ACERTO_VENCEDOR,2026-06-13T18:29:40.963Z
5f1d0fc8-7d53-41ac-ae01-6effa4f09b18,user52,0171de6d-3aef-41c9-91bb-50e967bc9383,0,4,5,ACERTO_VENCEDOR,2026-06-13T18:29:47.273Z
d450acef-f152-40e7-b83a-765fe2e38b66,user54,febfa8f0-1e0e-41b4-8f71-c42245503f75,0,2,0,ERRO,2026-06-13T18:30:24.438Z
c56cc635-0e7d-4eec-86ce-193f58db40a4,user54,8d259271-eae9-4826-80e5-749e0ab42bb1,1,0,0,ERRO,2026-06-13T18:30:54.969Z
756f4886-5688-4ceb-ad32-bc3557b458c8,user54,0cb6f4e1-c8e7-45f7-ae8c-862bd9546e01,0,2,7,ACERTO_VENCEDOR,2026-06-13T18:31:12.482Z
810d459a-4a05-434c-9f9d-e10b3306c590,user56,8d259271-eae9-4826-80e5-749e0ab42bb1,2,1,0,ERRO,2026-06-13T18:33:13.351Z
2e2d9264-4340-4f4d-a29e-53e871db3317,user57,8d259271-eae9-4826-80e5-749e0ab42bb1,2,1,0,ERRO,2026-06-13T18:33:57.436Z
70d4ba3a-4753-430c-8f43-f576c2cf85a6,user57,febfa8f0-1e0e-41b4-8f71-c42245503f75,0,2,0,ERRO,2026-06-13T18:35:03.844Z
82085432-71b5-40ce-8c94-58a36b450ab5,user57,0cb6f4e1-c8e7-45f7-ae8c-862bd9546e01,1,1,0,ERRO,2026-06-13T18:35:17.040Z
d02c28b9-9dff-4080-8980-f64ab416de34,user47,8d259271-eae9-4826-80e5-749e0ab42bb1,1,1,10,ACERTO_PLACAR,2026-06-13T18:36:42.330Z
5aa3396d-128e-47c7-973d-97a583488783,user58,febfa8f0-1e0e-41b4-8f71-c42245503f75,1,1,10,ACERTO_PLACAR,2026-06-13T18:42:06.948Z
01bf41d0-5605-4f28-9b65-f8c934572c10,user58,8d259271-eae9-4826-80e5-749e0ab42bb1,3,1,0,ERRO,2026-06-13T18:42:11.002Z
c66a1e21-a84e-4be5-9176-378ed877ec76,user58,0cb6f4e1-c8e7-45f7-ae8c-862bd9546e01,2,0,0,ERRO,2026-06-13T18:42:15.289Z
ecf267b7-726f-4d45-a0d9-de629dbb41f3,user59,8d259271-eae9-4826-80e5-749e0ab42bb1,2,1,0,ERRO,2026-06-13T18:43:18.192Z
2224b51c-00e8-43fc-bd31-34b3b2a01cb4,user59,0cb6f4e1-c8e7-45f7-ae8c-862bd9546e01,0,3,7,ACERTO_VENCEDOR,2026-06-13T18:43:38.194Z
950f66a4-3d22-4167-a20b-a10fc7fab573,user59,febfa8f0-1e0e-41b4-8f71-c42245503f75,0,2,0,ERRO,2026-06-13T18:44:25.001Z
d5f51fd8-97c0-48e2-aa56-3decae674a50,user60,8d259271-eae9-4826-80e5-749e0ab42bb1,1,0,0,ERRO,2026-06-13T19:06:03.085Z
16230f74-36bc-4aa3-8446-0e14f5523c51,user61,8d259271-eae9-4826-80e5-749e0ab42bb1,1,2,0,ERRO,2026-06-13T19:15:37.946Z
612825a9-c26c-4677-95b2-1e03edf909e8,user62,8d259271-eae9-4826-80e5-749e0ab42bb1,3,1,0,ERRO,2026-06-13T19:16:27.635Z
a9c28ac1-557a-4988-b401-e9a59fefb920,user63,8d259271-eae9-4826-80e5-749e0ab42bb1,2,1,0,ERRO,2026-06-13T19:18:16.198Z
20d4696e-6590-44fd-b6ab-3abb383b5b7e,user63,0cb6f4e1-c8e7-45f7-ae8c-862bd9546e01,0,3,7,ACERTO_VENCEDOR,2026-06-13T19:18:25.199Z
a3bcb94a-0f98-4eb2-87a7-9431d782dc57,user65,8d259271-eae9-4826-80e5-749e0ab42bb1,2,0,0,ERRO,2026-06-13T19:44:05.395Z
94aeda17-2549-40d7-82e3-dc372f6d1f3e,user67,8d259271-eae9-4826-80e5-749e0ab42bb1,2,1,0,ERRO,2026-06-13T20:11:13.824Z
e28c8227-dd24-47c1-ab95-aa96a6c069dd,user68,8d259271-eae9-4826-80e5-749e0ab42bb1,2,1,0,ERRO,2026-06-13T20:11:24.820Z
baa8a5af-441d-43da-9984-23825248a314,user67,0cb6f4e1-c8e7-45f7-ae8c-862bd9546e01,0,4,7,ACERTO_VENCEDOR,2026-06-13T20:11:25.102Z
e4ea21e4-90c7-4d47-b789-15f4fa8bf506,user68,0cb6f4e1-c8e7-45f7-ae8c-862bd9546e01,0,3,7,ACERTO_VENCEDOR,2026-06-13T20:11:40.515Z
09b43629-5d34-4060-a294-dd0aa0e70e64,user68,d2bb4311-cc33-4a5e-b210-36d4d6b8c95f,0,0,0,ERRO,2026-06-13T20:11:51.935Z
fd07d099-6899-4387-8168-faa2003f60a4,user1,d2bb4311-cc33-4a5e-b210-36d4d6b8c95f,1,2,0,ERRO,2026-06-13T20:21:07.080Z
13c84896-c649-4c1f-b16d-fafd34cc1079,user1,0cb6f4e1-c8e7-45f7-ae8c-862bd9546e01,1,3,5,ACERTO_VENCEDOR,2026-06-13T20:21:10.866Z
c55e57a0-716f-43bf-ab87-9c1f94ef6b8f,user3,8d259271-eae9-4826-80e5-749e0ab42bb1,3,1,0,ERRO,2026-06-13T20:24:38.797Z
166b5101-c506-4250-b8fb-6fa9c883eb74,user3,0cb6f4e1-c8e7-45f7-ae8c-862bd9546e01,0,2,7,ACERTO_VENCEDOR,2026-06-13T20:24:53.385Z
36a59a25-03c2-4886-9263-a3f7669eb8b5,user17,8d259271-eae9-4826-80e5-749e0ab42bb1,3,1,0,ERRO,2026-06-13T20:30:03.497Z
13cb02be-41fa-4ca4-947b-6096f5b48308,user17,0cb6f4e1-c8e7-45f7-ae8c-862bd9546e01,0,3,7,ACERTO_VENCEDOR,2026-06-13T20:30:24.277Z
83edf979-e16c-4637-9d46-cbda1e22913f,user17,d2bb4311-cc33-4a5e-b210-36d4d6b8c95f,0,2,0,ERRO,2026-06-13T20:30:40.718Z
e610b4b2-0ee6-4a65-8941-a09b50ed4e8d,user17,c32f61ed-5dd5-4aba-a527-1742a1dc4c9d,4,0,5,ACERTO_VENCEDOR,2026-06-13T20:31:02.420Z
d5d7c39b-30d8-4590-b193-63c005c0fcf9,user4,8d259271-eae9-4826-80e5-749e0ab42bb1,2,0,0,ERRO,2026-06-13T20:35:24.872Z
a0dff2bb-9a47-4c1d-b7e3-408c9d2f1540,user4,0cb6f4e1-c8e7-45f7-ae8c-862bd9546e01,1,3,5,ACERTO_VENCEDOR,2026-06-13T20:35:37.742Z
6e578896-3ad5-43a1-9cd3-585dd1eeb2a2,user69,8d259271-eae9-4826-80e5-749e0ab42bb1,3,1,0,ERRO,2026-06-13T20:38:35.148Z
78bb3d08-5d1e-419e-b622-5acae782327c,user69,6e8dfaca-52e0-489c-8f8d-bad25889f8aa,2,0,7,ACERTO_VENCEDOR,2026-06-13T20:39:12.936Z
ac6dc9b2-1f7e-4ba3-a28d-fb12e281ae49,user70,8d259271-eae9-4826-80e5-749e0ab42bb1,2,1,0,ERRO,2026-06-13T20:47:30.117Z
32f879b5-afe4-4c7e-9655-198cf7bd1a17,user71,8d259271-eae9-4826-80e5-749e0ab42bb1,3,0,0,ERRO,2026-06-13T20:48:42.740Z
ba724480-2b4c-42b5-b085-c9c08db4d500,user11,8d259271-eae9-4826-80e5-749e0ab42bb1,2,0,0,ERRO,2026-06-13T20:50:31.617Z
41ba3dd3-0a2c-4c9e-b351-4bb32cf35f12,user72,8d259271-eae9-4826-80e5-749e0ab42bb1,2,1,0,ERRO,2026-06-13T21:08:26.202Z
74d3460d-286e-4404-ae6c-9fc814749f6b,user73,8d259271-eae9-4826-80e5-749e0ab42bb1,2,0,0,ERRO,2026-06-13T21:29:03.560Z
b34255b5-5a99-4915-a723-992aabf988c8,user74,8d259271-eae9-4826-80e5-749e0ab42bb1,3,1,0,ERRO,2026-06-13T21:31:12.965Z
3c231b68-3f00-4da6-8eac-44ae63979eaa,user75,8d259271-eae9-4826-80e5-749e0ab42bb1,3,1,0,ERRO,2026-06-13T21:34:31.850Z
fbec578a-f627-405e-b5c6-64ea093c6185,user76,8d259271-eae9-4826-80e5-749e0ab42bb1,2,1,0,ERRO,2026-06-13T21:46:41.253Z
038ec376-4cc8-4d67-97c3-cf91bfd3b347,user35,0cb6f4e1-c8e7-45f7-ae8c-862bd9546e01,1,1,0,ERRO,2026-06-13T22:19:14.538Z
d47c2a2c-a0bd-4448-8370-5ca7a28f7b51,user14,0cb6f4e1-c8e7-45f7-ae8c-862bd9546e01,0,1,10,ACERTO_PLACAR,2026-06-13T22:20:30.358Z
313e2b87-84be-49d3-b3da-5eeffc36296e,user53,c32f61ed-5dd5-4aba-a527-1742a1dc4c9d,4,0,5,ACERTO_VENCEDOR,2026-06-13T22:29:33.043Z
54ff34e6-c0da-4781-a843-ea0c96e17864,user53,01e47d95-5c68-4036-9f59-c2e6f0a0e13f,3,2,0,ERRO,2026-06-13T22:29:58.245Z
f257c0e7-bede-47b8-9abe-23bfc45ff584,user53,3190da5f-a588-4a3e-9611-cd992539fe8a,2,1,7,ACERTO_VENCEDOR,2026-06-13T22:30:11.173Z
258cb31c-ccfa-43b8-b694-53bd54cf9ace,user53,3cb95c71-80f9-4c41-97a3-0decd8f5c970,0,3,0,ERRO,2026-06-13T22:30:20.345Z
8eb50394-3c5e-49f5-848e-6b4e17ab4356,user12,d2bb4311-cc33-4a5e-b210-36d4d6b8c95f,1,2,0,ERRO,2026-06-13T22:35:33.142Z
b0c7e96c-541f-4ddc-ba28-233f01b3a59a,user54,d2bb4311-cc33-4a5e-b210-36d4d6b8c95f,1,0,7,ACERTO_VENCEDOR,2026-06-14T00:04:46.383Z
86ffe7ad-dd2d-4c63-b736-abc8e9b47173,user54,c32f61ed-5dd5-4aba-a527-1742a1dc4c9d,3,0,5,ACERTO_VENCEDOR,2026-06-14T00:04:56.557Z
afb1aceb-36ef-4a7f-8605-8b147237b4d9,user54,01e47d95-5c68-4036-9f59-c2e6f0a0e13f,2,1,0,ERRO,2026-06-14T00:06:00.591Z
3c71a42e-942f-4dd9-8559-68f1b6601f5f,user54,3cb95c71-80f9-4c41-97a3-0decd8f5c970,1,1,0,ERRO,2026-06-14T00:08:10.939Z
02a88994-3c18-4743-86cf-a8d109ac0f76,user54,3190da5f-a588-4a3e-9611-cd992539fe8a,2,1,7,ACERTO_VENCEDOR,2026-06-14T00:08:25.766Z
8d5d6b62-4dca-43f7-be01-56bce8e34409,user80,01e47d95-5c68-4036-9f59-c2e6f0a0e13f,0,0,7,ACERTO_VENCEDOR,2026-06-14T01:17:16.344Z
56131b03-c3cc-4d20-b390-71c4baf75d1f,user80,d2bb4311-cc33-4a5e-b210-36d4d6b8c95f,1,1,0,ERRO,2026-06-14T01:17:31.438Z
1f352d8c-14c4-47a6-88d5-fb6e5d481a9b,user80,c32f61ed-5dd5-4aba-a527-1742a1dc4c9d,3,1,7,ACERTO_VENCEDOR,2026-06-14T01:17:35.555Z
5b2b9889-7ee5-43de-9ead-99d9cae91eb7,user4,d2bb4311-cc33-4a5e-b210-36d4d6b8c95f,1,2,0,ERRO,2026-06-14T03:38:12.084Z
8ec51f7a-3bec-4c8e-9d88-a713b5fd059d,user4,c32f61ed-5dd5-4aba-a527-1742a1dc4c9d,4,0,5,ACERTO_VENCEDOR,2026-06-14T03:38:23.422Z
c08c231f-27f1-4758-88a1-2441c3cb36e0,user4,01e47d95-5c68-4036-9f59-c2e6f0a0e13f,1,1,7,ACERTO_VENCEDOR,2026-06-14T03:38:35.122Z
fb0f2bbe-560b-47f2-97f1-4202a1588110,user4,3cb95c71-80f9-4c41-97a3-0decd8f5c970,1,1,0,ERRO,2026-06-14T03:38:47.570Z
d4eee246-5431-4434-93a3-850d61e32116,user4,3190da5f-a588-4a3e-9611-cd992539fe8a,2,0,5,ACERTO_VENCEDOR,2026-06-14T03:39:00.420Z
95cbe4a0-788f-47d6-8ffb-6d009bd33a09,user9,01e47d95-5c68-4036-9f59-c2e6f0a0e13f,2,3,0,ERRO,2026-06-14T04:03:34.910Z
82bc19bb-998f-45dd-95f2-93b2a7274b20,user9,3190da5f-a588-4a3e-9611-cd992539fe8a,1,0,5,ACERTO_VENCEDOR,2026-06-14T04:04:50.391Z
5bea5b25-955c-43ce-8fe5-2ed78ab88838,user9,5fdec0ae-0db7-4b71-863a-ae54c8c386a6,3,1,0,ERRO,2026-06-14T04:05:04.326Z
57f47671-4e2c-4cc4-8b73-b329c019dcef,user1,c32f61ed-5dd5-4aba-a527-1742a1dc4c9d,5,0,5,ACERTO_VENCEDOR,2026-06-14T04:22:40.311Z
9cc49406-8405-4111-9ced-59b960329589,user1,01e47d95-5c68-4036-9f59-c2e6f0a0e13f,2,2,10,ACERTO_PLACAR,2026-06-14T04:22:51.094Z
0831f1f2-db90-4fbb-90ce-610499e284d9,user1,3cb95c71-80f9-4c41-97a3-0decd8f5c970,1,3,0,ERRO,2026-06-14T04:23:07.504Z
ca23cd56-d76d-4cad-8ff8-d9454ce58872,user1,3190da5f-a588-4a3e-9611-cd992539fe8a,1,0,5,ACERTO_VENCEDOR,2026-06-14T04:23:19.259Z
9f245f76-9fc8-42f2-9f94-626625d5c378,user46,c32f61ed-5dd5-4aba-a527-1742a1dc4c9d,4,0,5,ACERTO_VENCEDOR,2026-06-14T12:17:10.267Z
4b405e0c-707b-4803-b587-498f24ba8200,user46,01e47d95-5c68-4036-9f59-c2e6f0a0e13f,1,1,7,ACERTO_VENCEDOR,2026-06-14T12:18:00.382Z
aa215fe9-a7d7-4911-b935-65fff49bd11a,user46,3cb95c71-80f9-4c41-97a3-0decd8f5c970,2,1,7,ACERTO_VENCEDOR,2026-06-14T12:18:34.257Z
40460d4a-81e5-4bce-9971-ec714216b7fb,user46,3190da5f-a588-4a3e-9611-cd992539fe8a,1,0,5,ACERTO_VENCEDOR,2026-06-14T12:19:05.938Z
7867d513-2373-4ce1-b5fc-6068bb4d036b,user3,3cb95c71-80f9-4c41-97a3-0decd8f5c970,2,0,7,ACERTO_VENCEDOR,2026-06-14T15:11:20.449Z
da97102c-1244-44a0-ada2-8edeefdc1f3f,user3,01e47d95-5c68-4036-9f59-c2e6f0a0e13f,2,1,0,ERRO,2026-06-14T15:11:24.173Z
3489ce61-aaba-49d9-88dc-ebf26473c5b2,user3,c32f61ed-5dd5-4aba-a527-1742a1dc4c9d,3,0,5,ACERTO_VENCEDOR,2026-06-14T15:11:28.489Z
302f2d6a-3c30-4517-86fb-812a73fa1a4e,user3,3190da5f-a588-4a3e-9611-cd992539fe8a,1,0,5,ACERTO_VENCEDOR,2026-06-14T15:11:48.510Z
2abbc832-86bb-4626-8c32-19ce4af02c1d,user3,5fdec0ae-0db7-4b71-863a-ae54c8c386a6,2,0,0,ERRO,2026-06-14T15:12:01.782Z
f47077b5-267f-4a4a-8f3e-348be019e5ad,user3,1d1d118e-8fce-4b32-adff-af0df1bf1306,1,1,10,ACERTO_PLACAR,2026-06-14T15:12:14.250Z
e8130c20-21de-4e44-a290-4228ad4df423,user3,d59a58f0-503e-4b39-afe6-3b765165d737,1,2,0,ERRO,2026-06-14T15:12:25.368Z
570e0c3b-0292-4372-b96c-445c4fb5a377,user3,29dcf119-8ac3-42f4-b171-8bd35c1e77f7,1,2,0,ERRO,2026-06-14T15:12:34.935Z
1b648b27-275a-46e2-be09-ac4ce0b35df1,user12,5fdec0ae-0db7-4b71-863a-ae54c8c386a6,3,1,0,ERRO,2026-06-14T15:33:08.886Z
d31c73c1-0f9e-4c38-9f8d-88b5573741b1,user12,3cb95c71-80f9-4c41-97a3-0decd8f5c970,0,1,0,ERRO,2026-06-14T15:33:16.382Z
f98df46f-3d0a-44b1-8497-cd6a69cf34c1,user12,01e47d95-5c68-4036-9f59-c2e6f0a0e13f,3,2,0,ERRO,2026-06-14T15:33:21.747Z
f0e796f6-8bf0-4035-bc3c-ff8ad9cf417f,user12,c32f61ed-5dd5-4aba-a527-1742a1dc4c9d,2,0,5,ACERTO_VENCEDOR,2026-06-14T15:33:26.117Z
160f2cf5-6f2d-4c80-a638-82fa80b49a1d,user12,1d1d118e-8fce-4b32-adff-af0df1bf1306,2,1,0,ERRO,2026-06-14T15:33:43.100Z
7918512e-228b-4b4c-84f4-19fd41fa12a6,user12,5a305830-be9c-46d2-9810-fa7282c36942,2,2,0,ERRO,2026-06-14T15:34:01.781Z
812d6a00-1d17-473c-bfe1-b760886f2c49,user40,3cb95c71-80f9-4c41-97a3-0decd8f5c970,2,0,7,ACERTO_VENCEDOR,2026-06-14T17:34:11.474Z
2d7ee158-7b9f-46c3-8882-757d3d76ebc2,user68,01e47d95-5c68-4036-9f59-c2e6f0a0e13f,3,1,0,ERRO,2026-06-14T17:54:49.836Z
2025425a-637a-4845-a735-9c5f32d8a290,user68,3cb95c71-80f9-4c41-97a3-0decd8f5c970,2,2,0,ERRO,2026-06-14T17:55:07.345Z
9eb6ceca-e92a-412d-9427-6f206af9c082,user68,3190da5f-a588-4a3e-9611-cd992539fe8a,2,0,5,ACERTO_VENCEDOR,2026-06-14T17:55:24.958Z
b7269b69-5036-44c7-aef0-1dadb3437da8,user40,01e47d95-5c68-4036-9f59-c2e6f0a0e13f,3,1,0,ERRO,2026-06-14T18:24:26.585Z
9ca7f050-ca90-4bd7-8c3b-04cefb989095,user11,01e47d95-5c68-4036-9f59-c2e6f0a0e13f,2,1,0,ERRO,2026-06-14T19:28:43.045Z
14443cdd-cef7-4cd4-afa5-af8f68c06a5d,user11,3cb95c71-80f9-4c41-97a3-0decd8f5c970,2,2,0,ERRO,2026-06-14T19:29:34.452Z
b272309c-25f8-4cef-a605-50d616314164,user11,3190da5f-a588-4a3e-9611-cd992539fe8a,3,2,5,ACERTO_VENCEDOR,2026-06-14T19:30:01.006Z
eb719e28-9bd9-4e3b-bc8c-fb647a697a98,user11,5fdec0ae-0db7-4b71-863a-ae54c8c386a6,3,1,0,ERRO,2026-06-14T19:30:23.152Z
d71b1445-2633-486d-9d6d-ac43cb82b684,user11,1d1d118e-8fce-4b32-adff-af0df1bf1306,1,1,10,ACERTO_PLACAR,2026-06-14T19:30:41.243Z
00d4a0bb-eada-498c-bbb2-48cd8cce656a,user10,01e47d95-5c68-4036-9f59-c2e6f0a0e13f,0,1,0,ERRO,2026-06-14T19:30:42.671Z
54df3827-10c9-4c24-a4b5-612e11a15552,user11,d59a58f0-503e-4b39-afe6-3b765165d737,2,3,0,ERRO,2026-06-14T19:31:08.367Z
19da8154-d74f-4704-9aab-b2169ccb69ce,user40,3190da5f-a588-4a3e-9611-cd992539fe8a,2,2,0,ERRO,2026-06-14T19:31:35.462Z
d285b1c8-c114-4bd4-8ca9-bb5830fb0a15,user89,01e47d95-5c68-4036-9f59-c2e6f0a0e13f,1,2,0,ERRO,2026-06-14T19:49:16.555Z
a58cb1b2-ca4b-46b8-8441-97dd1283f35c,user89,3cb95c71-80f9-4c41-97a3-0decd8f5c970,0,2,0,ERRO,2026-06-14T19:49:25.335Z
7b9c5864-7d31-4216-bb05-7e1d8931894f,user89,3190da5f-a588-4a3e-9611-cd992539fe8a,1,0,5,ACERTO_VENCEDOR,2026-06-14T19:49:32.454Z
9a66ce7d-26c9-48ca-a728-678fb6fabab5,user89,5fdec0ae-0db7-4b71-863a-ae54c8c386a6,6,0,0,ERRO,2026-06-14T19:49:40.051Z
a1fdc2f0-3b28-4951-818f-1765d578a499,user89,1d1d118e-8fce-4b32-adff-af0df1bf1306,2,1,0,ERRO,2026-06-14T19:49:53.634Z
61689048-c7d9-4423-9e2f-54169abfa9ba,user89,d59a58f0-503e-4b39-afe6-3b765165d737,1,2,0,ERRO,2026-06-14T19:50:03.193Z
8ff2104c-3fb8-4dd2-a7a3-348d5293cd6a,user89,5a305830-be9c-46d2-9810-fa7282c36942,2,0,7,ACERTO_VENCEDOR,2026-06-14T19:50:13.523Z
8f486830-62e2-446b-8ca2-de93368b1347,user89,29dcf119-8ac3-42f4-b171-8bd35c1e77f7,3,0,0,ERRO,2026-06-14T19:50:23.816Z
600942cf-99bb-43b7-90da-e921fe2e4f9a,user17,3cb95c71-80f9-4c41-97a3-0decd8f5c970,1,1,0,ERRO,2026-06-14T20:41:14.994Z
255c16ab-4a36-4d36-a38d-c273889c085c,user17,3190da5f-a588-4a3e-9611-cd992539fe8a,2,0,5,ACERTO_VENCEDOR,2026-06-14T20:41:30.556Z
0bcc982a-2039-4b69-a0b4-6f20bad7c10a,user92,3cb95c71-80f9-4c41-97a3-0decd8f5c970,2,1,7,ACERTO_VENCEDOR,2026-06-14T21:06:38.693Z
aa2f1d6c-6a7d-42b0-a4c5-8accec0f7af9,user54,5fdec0ae-0db7-4b71-863a-ae54c8c386a6,2,0,0,ERRO,2026-06-14T21:44:45.015Z
f6686ec8-ed64-426c-8e55-b6c14a9c4a39,user54,1d1d118e-8fce-4b32-adff-af0df1bf1306,1,1,10,ACERTO_PLACAR,2026-06-14T21:44:59.100Z
88e7a1f8-124f-408e-99be-1ffc844b1a0b,user54,d59a58f0-503e-4b39-afe6-3b765165d737,0,3,0,ERRO,2026-06-14T21:45:13.437Z
12b58701-6e15-43ac-9a84-6693f72f1a23,user54,29dcf119-8ac3-42f4-b171-8bd35c1e77f7,1,2,0,ERRO,2026-06-14T21:45:45.962Z
d37c4456-8220-45d2-9f1d-ec51f85a7644,user93,3cb95c71-80f9-4c41-97a3-0decd8f5c970,1,3,0,ERRO,2026-06-14T22:27:52.460Z
05492c85-e308-4d58-99b1-14736459cdb4,user93,1d56ac05-0fdf-4476-94bf-a8b2254ecdf5,0,4,7,ACERTO_VENCEDOR,2026-06-14T22:28:51.645Z
83380a4e-063f-4cb0-85d8-75ac06ee2233,user93,5a305830-be9c-46d2-9810-fa7282c36942,4,2,7,ACERTO_VENCEDOR,2026-06-14T22:28:56.551Z
4993fb40-1ddb-4a2a-9def-7b6ac5fea8c6,user91,3190da5f-a588-4a3e-9611-cd992539fe8a,2,1,7,ACERTO_VENCEDOR,2026-06-14T23:50:47.446Z
cd225930-8427-462a-a81b-00a6bc3bf207,user91,5fdec0ae-0db7-4b71-863a-ae54c8c386a6,5,0,0,ERRO,2026-06-14T23:50:53.886Z
85c9bf1a-56c8-4ff9-8237-08d6ae348a0c,user91,1d1d118e-8fce-4b32-adff-af0df1bf1306,2,1,0,ERRO,2026-06-14T23:50:57.761Z
b1938f7e-7768-4fe3-a722-de0330f4beea,user91,d59a58f0-503e-4b39-afe6-3b765165d737,1,2,0,ERRO,2026-06-14T23:51:02.781Z
0c2949f2-858e-4c1d-9767-efb21849b1d3,user91,29dcf119-8ac3-42f4-b171-8bd35c1e77f7,3,0,0,ERRO,2026-06-14T23:51:06.544Z
1993fa82-16dc-4b99-a7a7-ffa26729c242,user91,5a305830-be9c-46d2-9810-fa7282c36942,3,1,10,ACERTO_PLACAR,2026-06-14T23:51:10.567Z
c8187de9-108f-457e-b01b-b85d8398376e,user91,1d56ac05-0fdf-4476-94bf-a8b2254ecdf5,0,3,7,ACERTO_VENCEDOR,2026-06-14T23:51:15.165Z
df962e19-595d-4d3f-b285-481c68e4d219,user91,ddfc2048-daf9-49cb-9696-05b30def1f27,3,1,7,ACERTO_VENCEDOR,2026-06-14T23:51:20.301Z
2b1632fb-a0af-409a-a3d6-2ccaa134c26f,user91,b4ffb117-3d07-4b91-a534-fd3cd301d562,2,0,7,ACERTO_VENCEDOR,2026-06-14T23:51:27.300Z
87152de2-fac7-4a0f-baa6-c043783bb5c3,user91,4cc59670-bc10-44eb-980e-e6fa1b392d39,5,0,0,ERRO,2026-06-14T23:51:31.978Z
0d25a66d-52c6-449a-ad70-1e08c0c6ab75,user91,2cc8c024-882c-49d3-b42b-0b34d51e4c31,2,1,5,ACERTO_VENCEDOR,2026-06-14T23:51:36.778Z
a343bffb-76ec-438b-ae98-9ad04e0b54d4,user91,ff24403a-019f-43e2-88b1-40157d97890a,1,2,0,ERRO,2026-06-14T23:51:41.323Z
6ebaddca-e217-42f2-b3ed-001ba32f4fc8,user91,0171de6d-3aef-41c9-91bb-50e967bc9383,0,3,7,ACERTO_VENCEDOR,2026-06-14T23:51:46.005Z
fad3a06e-5103-4d56-8d29-b5384cc092ec,user91,e00087f2-d8fb-4a87-b368-e30a37ec8e44,1,1,0,ERRO,2026-06-14T23:52:20.974Z
cfd02bba-e594-4f92-a546-288bd57198b7,user91,d31fa12d-65f6-416b-b7dc-210c0aeff4bf,2,0,0,ERRO,2026-06-14T23:52:24.603Z
cb8acbaa-1de1-4fcf-b72e-7664a61aacf5,user91,f243892f-ff42-414e-85d3-fdb50c697b05,1,1,0,ERRO,2026-06-14T23:52:42.766Z
e702f714-b2d3-4746-a86b-3ee7a2cacef9,user91,bfc8b7bc-2dcc-42ce-9123-6d1fd3c45a9d,2,2,0,ERRO,2026-06-14T23:52:55.236Z
3ad5d1fc-ce65-49ea-82c8-22d331cf1ee0,user91,49c174b7-c464-4916-be8e-c9adf5489d61,3,1,7,ACERTO_VENCEDOR,2026-06-14T23:53:05.373Z
96b39e20-c28c-46bd-9254-d397296111fa,user91,a48358d6-b4c7-4f09-a00a-cb630819f8ef,0,2,7,ACERTO_VENCEDOR,2026-06-14T23:53:29.336Z
1cf8c37e-9fba-46f7-a9c6-f9ebbcdfb377,user91,6e8dfaca-52e0-489c-8f8d-bad25889f8aa,2,0,7,ACERTO_VENCEDOR,2026-06-14T23:53:40.846Z
9a76864a-4dd8-4bbf-a245-23cc42c23990,user91,9a7c71dd-6726-4631-8f78-e5deb9fef73c,1,2,7,ACERTO_VENCEDOR,2026-06-14T23:53:54.128Z
4f5419c6-dfb7-4f60-a7ec-48db3b22e0d8,user91,472a5e85-7239-4f32-ab73-fd7e96b99666,3,1,7,ACERTO_VENCEDOR,2026-06-14T23:54:32.867Z
325c79e2-c9fa-4f7f-b583-3bf1f77e701a,user46,5fdec0ae-0db7-4b71-863a-ae54c8c386a6,4,0,0,ERRO,2026-06-15T01:55:15.406Z
a2ed65db-bbae-4af2-8b98-07424772085e,user46,1d1d118e-8fce-4b32-adff-af0df1bf1306,1,1,10,ACERTO_PLACAR,2026-06-15T01:56:07.506Z
cbae8c9d-fb68-4b90-813d-1820688c332a,user9,1d1d118e-8fce-4b32-adff-af0df1bf1306,2,1,0,ERRO,2026-06-15T01:56:31.986Z
072442dd-0e21-446a-833f-a6b0b29875fa,user9,d59a58f0-503e-4b39-afe6-3b765165d737,2,0,0,ERRO,2026-06-15T01:56:40.794Z
09e6fff5-dae9-4611-8b79-9b7c8f5baf45,user46,d59a58f0-503e-4b39-afe6-3b765165d737,0,1,0,ERRO,2026-06-15T01:57:34.445Z
96af8e7a-1829-4735-ad62-5111a2bc7c8f,user46,29dcf119-8ac3-42f4-b171-8bd35c1e77f7,2,1,0,ERRO,2026-06-15T01:58:13.749Z
2c92c60e-0e4b-47e6-a062-1ba6c134111d,user40,1d1d118e-8fce-4b32-adff-af0df1bf1306,1,2,0,ERRO,2026-06-15T05:09:40.219Z
bb78198d-9023-4070-bb42-97d10aae4d01,user40,5fdec0ae-0db7-4b71-863a-ae54c8c386a6,3,0,0,ERRO,2026-06-15T05:09:43.544Z
e1cd7b37-a00b-4bed-81c7-2dfee2064f51,user40,d59a58f0-503e-4b39-afe6-3b765165d737,1,3,0,ERRO,2026-06-15T05:09:53.726Z
961ff5f3-9f4f-462c-9bc9-6795e87906e9,user40,29dcf119-8ac3-42f4-b171-8bd35c1e77f7,2,0,0,ERRO,2026-06-15T05:10:05.604Z
448f968f-1141-4f3d-85ef-5ad9738734a0,user1,5fdec0ae-0db7-4b71-863a-ae54c8c386a6,5,1,0,ERRO,2026-06-15T11:38:11.269Z
f8e90c8a-7c23-4ac5-8553-978ffa67c625,user1,1d1d118e-8fce-4b32-adff-af0df1bf1306,2,1,0,ERRO,2026-06-15T11:38:23.505Z
8b1a258c-963d-4c89-8456-3e163077bf6c,user1,d59a58f0-503e-4b39-afe6-3b765165d737,1,3,0,ERRO,2026-06-15T11:38:36.250Z
57624037-d1d9-4d68-ba90-ff7879436234,user1,29dcf119-8ac3-42f4-b171-8bd35c1e77f7,1,2,0,ERRO,2026-06-15T11:39:00.426Z
29660a8f-1d30-4ca0-b154-1ce99b49d8f3,user98,5fdec0ae-0db7-4b71-863a-ae54c8c386a6,4,0,0,ERRO,2026-06-15T12:14:16.737Z
551c4530-ac5b-4968-abd9-3ad081926afb,user98,1d1d118e-8fce-4b32-adff-af0df1bf1306,2,0,0,ERRO,2026-06-15T12:14:29.278Z
ec453a28-2e76-4dd0-88a8-26e1ad121bbd,user99,5fdec0ae-0db7-4b71-863a-ae54c8c386a6,6,1,0,ERRO,2026-06-15T12:14:49.671Z
401bc59b-9ab3-4ba5-bbff-f3c417843907,user99,1d1d118e-8fce-4b32-adff-af0df1bf1306,3,2,0,ERRO,2026-06-15T12:15:06.583Z
f3be26b7-664d-43bc-8132-85cd1840293e,user99,d59a58f0-503e-4b39-afe6-3b765165d737,0,2,0,ERRO,2026-06-15T12:15:16.590Z
16ff285d-da92-45eb-b727-8fb7e9519064,user99,29dcf119-8ac3-42f4-b171-8bd35c1e77f7,2,2,10,ACERTO_PLACAR,2026-06-15T12:15:30.555Z
e74d0911-1979-431f-ac01-20636857294d,user99,5a305830-be9c-46d2-9810-fa7282c36942,0,1,0,ERRO,2026-06-15T12:15:45.224Z
dc94b886-69f7-483b-9017-057556a111e5,user99,1d56ac05-0fdf-4476-94bf-a8b2254ecdf5,0,3,7,ACERTO_VENCEDOR,2026-06-15T12:15:53.729Z
202d2f1c-3c80-49ba-bb02-77764d6a933e,user99,ddfc2048-daf9-49cb-9696-05b30def1f27,2,1,5,ACERTO_VENCEDOR,2026-06-15T12:16:02.222Z
ad62d817-2c74-4be9-afc7-48eb0cb63db1,user99,b4ffb117-3d07-4b91-a534-fd3cd301d562,1,1,0,ERRO,2026-06-15T12:16:11.872Z
2cf0527d-77d8-42a0-a389-d47534a367d4,user14,d59a58f0-503e-4b39-afe6-3b765165d737,1,1,10,ACERTO_PLACAR,2026-06-15T12:16:37.087Z
26915b6f-4b82-4b3d-b798-6d41ab2d8725,user14,1d1d118e-8fce-4b32-adff-af0df1bf1306,2,0,0,ERRO,2026-06-15T12:16:44.092Z
441857ce-ebc3-48c2-8028-1407110102f3,user14,5fdec0ae-0db7-4b71-863a-ae54c8c386a6,3,0,0,ERRO,2026-06-15T12:16:50.239Z
9b09ccf0-95d4-4d39-bb0f-a48c11808a82,user100,5fdec0ae-0db7-4b71-863a-ae54c8c386a6,4,1,0,ERRO,2026-06-15T12:33:57.107Z
240f605f-4d0c-4000-b546-5440f3ad402d,user100,1d1d118e-8fce-4b32-adff-af0df1bf1306,2,2,7,ACERTO_VENCEDOR,2026-06-15T12:34:11.193Z
46158751-58b0-4378-a67b-6096d98e18fd,user100,d59a58f0-503e-4b39-afe6-3b765165d737,1,1,10,ACERTO_PLACAR,2026-06-15T12:34:30.195Z
854f6f95-0be2-430c-882c-0de59b245fa6,user100,29dcf119-8ac3-42f4-b171-8bd35c1e77f7,1,0,0,ERRO,2026-06-15T12:35:06.617Z
d36728af-8822-43fa-adc6-0074cb98ca05,user101,d59a58f0-503e-4b39-afe6-3b765165d737,1,2,0,ERRO,2026-06-15T13:53:36.960Z
0d8145b7-1079-4efc-b3ee-14d9d25c6075,user101,29dcf119-8ac3-42f4-b171-8bd35c1e77f7,0,0,7,ACERTO_VENCEDOR,2026-06-15T13:53:51.971Z
30f3e862-c468-42f6-8d64-8db863e7c538,user101,5fdec0ae-0db7-4b71-863a-ae54c8c386a6,2,1,0,ERRO,2026-06-15T13:54:00.930Z
9a75b596-dde3-4555-967d-08dc811cf1d6,user102,5fdec0ae-0db7-4b71-863a-ae54c8c386a6,2,0,0,ERRO,2026-06-15T13:57:34.761Z
00b1d020-1052-46e7-bb72-daa6f4e5c0dc,user102,1d1d118e-8fce-4b32-adff-af0df1bf1306,1,2,0,ERRO,2026-06-15T13:59:56.949Z
6990e8a5-b953-4436-8f26-d56af0d95693,user102,d59a58f0-503e-4b39-afe6-3b765165d737,0,1,0,ERRO,2026-06-15T14:00:45.442Z
82c14fc7-2895-43b6-aeb2-645ed4a17890,user102,5a305830-be9c-46d2-9810-fa7282c36942,4,0,5,ACERTO_VENCEDOR,2026-06-15T14:01:03.266Z
a72b2e70-eb1a-4580-b3df-d45585875df0,user102,29dcf119-8ac3-42f4-b171-8bd35c1e77f7,1,1,7,ACERTO_VENCEDOR,2026-06-15T14:24:12.229Z
d82474f1-84dd-486e-a402-e5121753305e,user102,4cc59670-bc10-44eb-980e-e6fa1b392d39,3,0,0,ERRO,2026-06-15T14:27:53.349Z
4a1f998f-0f2a-4a3a-80f8-1e40bbfa799e,user103,5fdec0ae-0db7-4b71-863a-ae54c8c386a6,6,1,0,ERRO,2026-06-15T15:01:30.797Z
4a9a5a8a-4a02-4446-b035-a347d46d1b26,user103,1d1d118e-8fce-4b32-adff-af0df1bf1306,3,1,0,ERRO,2026-06-15T15:01:42.225Z
0d0d0a22-4258-4999-8733-5b7565461da3,user103,d59a58f0-503e-4b39-afe6-3b765165d737,1,3,0,ERRO,2026-06-15T15:01:53.760Z
6475a92e-3640-40aa-97a2-c94344381dfc,user103,29dcf119-8ac3-42f4-b171-8bd35c1e77f7,1,1,7,ACERTO_VENCEDOR,2026-06-15T15:02:05.063Z
2c2cbacd-07e8-4e90-993a-e6da621bbcad,user104,5fdec0ae-0db7-4b71-863a-ae54c8c386a6,4,1,0,ERRO,2026-06-15T15:46:48.655Z
c11331d4-c603-4366-897c-6f98b26ac5da,user104,1d1d118e-8fce-4b32-adff-af0df1bf1306,2,1,0,ERRO,2026-06-15T15:47:28.606Z
e5d52e9a-ebd5-4688-b0a5-dd60c7c23255,user104,d59a58f0-503e-4b39-afe6-3b765165d737,1,2,0,ERRO,2026-06-15T15:47:38.538Z
7a85c99f-5997-43a2-9f5b-a2b085c15d0e,user104,29dcf119-8ac3-42f4-b171-8bd35c1e77f7,1,1,7,ACERTO_VENCEDOR,2026-06-15T15:47:47.207Z
7b428b88-44dd-4c1e-ae6e-62e6e0be2526,user105,1d1d118e-8fce-4b32-adff-af0df1bf1306,2,0,0,ERRO,2026-06-15T16:45:41.344Z
1d3b2ab3-c788-4c31-99db-bb1c1cb959b8,user17,1d1d118e-8fce-4b32-adff-af0df1bf1306,2,0,0,ERRO,2026-06-15T18:08:16.268Z
d66293f8-1f27-49d4-942a-f12da120e3de,user17,d59a58f0-503e-4b39-afe6-3b765165d737,0,3,0,ERRO,2026-06-15T18:08:37.954Z
74976c5e-09f4-4b8c-8a39-a13205018394,user17,29dcf119-8ac3-42f4-b171-8bd35c1e77f7,2,1,0,ERRO,2026-06-15T18:09:06.802Z
8a9d5466-421f-4cd2-aa58-3dd959e04605,user4,1d1d118e-8fce-4b32-adff-af0df1bf1306,2,0,0,ERRO,2026-06-15T18:13:48.399Z
ba6d693f-dab3-4191-91b6-1d3fab024c84,user4,d59a58f0-503e-4b39-afe6-3b765165d737,1,2,0,ERRO,2026-06-15T18:14:00.332Z
df6e54c8-22b1-4b2c-80ba-5221690cf10e,user4,29dcf119-8ac3-42f4-b171-8bd35c1e77f7,0,1,0,ERRO,2026-06-15T18:14:13.499Z
d7dea35f-1d3d-4338-a666-d9041438e19e,user4,5a305830-be9c-46d2-9810-fa7282c36942,4,0,5,ACERTO_VENCEDOR,2026-06-15T18:14:22.766Z
0752fcde-5a5f-40e2-a442-c79e63c5a874,user2,1d1d118e-8fce-4b32-adff-af0df1bf1306,2,0,0,ERRO,2026-06-15T18:56:50.994Z
2332362f-9755-42b8-8396-698b279fd52d,user106,d59a58f0-503e-4b39-afe6-3b765165d737,1,2,0,ERRO,2026-06-15T21:05:21.242Z
fb586194-28e3-4661-bb96-9c98a024674b,user106,29dcf119-8ac3-42f4-b171-8bd35c1e77f7,1,1,7,ACERTO_VENCEDOR,2026-06-15T21:05:30.811Z
fcb486a5-53d4-4443-99fb-4956012b5fdf,user12,29dcf119-8ac3-42f4-b171-8bd35c1e77f7,1,1,7,ACERTO_VENCEDOR,2026-06-15T23:21:57.511Z
99e25384-28d1-4322-a025-7e598619466e,user12,1d56ac05-0fdf-4476-94bf-a8b2254ecdf5,1,2,7,ACERTO_VENCEDOR,2026-06-15T23:22:08.443Z
4e90776e-06ae-4d9e-b3b5-e4064e451591,user12,ddfc2048-daf9-49cb-9696-05b30def1f27,3,1,7,ACERTO_VENCEDOR,2026-06-15T23:22:19.356Z
dab68379-74bd-4a4e-94e9-3f4ac4cf67a1,user12,4cc59670-bc10-44eb-980e-e6fa1b392d39,3,0,0,ERRO,2026-06-15T23:22:34.288Z
c20d137f-8023-4dac-9151-360cf3377921,user1,1d56ac05-0fdf-4476-94bf-a8b2254ecdf5,0,3,7,ACERTO_VENCEDOR,2026-06-15T23:49:03.253Z
51348c82-25a5-46bd-8100-94a0698598fa,user1,5a305830-be9c-46d2-9810-fa7282c36942,2,1,7,ACERTO_VENCEDOR,2026-06-15T23:49:14.521Z
488fb573-0205-47ff-ab47-1bf0bada7145,user1,ddfc2048-daf9-49cb-9696-05b30def1f27,3,1,7,ACERTO_VENCEDOR,2026-06-15T23:49:50.806Z
03cfac87-07e6-4b9a-966b-bebef0d6b28a,user1,b4ffb117-3d07-4b91-a534-fd3cd301d562,2,0,7,ACERTO_VENCEDOR,2026-06-15T23:51:24.447Z
db32cec2-064e-4ea3-bb68-a94e51b64387,user1,4cc59670-bc10-44eb-980e-e6fa1b392d39,4,0,0,ERRO,2026-06-15T23:52:12.744Z
d7b47715-f57b-4eca-9520-184934e34b04,user1,2cc8c024-882c-49d3-b42b-0b34d51e4c31,2,1,5,ACERTO_VENCEDOR,2026-06-15T23:54:07.301Z
2c95c0a5-25a6-4392-8fbd-7c9407a6068b,user1,0171de6d-3aef-41c9-91bb-50e967bc9383,1,3,10,ACERTO_PLACAR,2026-06-15T23:54:24.296Z
0ccf090a-69b0-4000-8f8c-9e120cb7a076,user1,ff24403a-019f-43e2-88b1-40157d97890a,0,1,0,ERRO,2026-06-15T23:55:07.541Z
dd9e4c06-7b78-48c8-a157-197b9c184314,user3,1d56ac05-0fdf-4476-94bf-a8b2254ecdf5,1,2,7,ACERTO_VENCEDOR,2026-06-15T23:56:46.993Z
ffbf12c9-bb4d-4c33-9687-4d9307dc9c35,user3,ddfc2048-daf9-49cb-9696-05b30def1f27,2,0,7,ACERTO_VENCEDOR,2026-06-15T23:56:57.698Z
3595c84a-304e-461e-9be6-6a2279d7c62e,user54,5a305830-be9c-46d2-9810-fa7282c36942,2,1,7,ACERTO_VENCEDOR,2026-06-16T00:37:59.332Z
c24f1f98-b55f-41c3-89a0-6a15c2962f9b,user54,1d56ac05-0fdf-4476-94bf-a8b2254ecdf5,0,2,5,ACERTO_VENCEDOR,2026-06-16T00:38:12.120Z
32ded014-fb29-486d-86f4-b654e08bbb51,user54,ddfc2048-daf9-49cb-9696-05b30def1f27,3,0,10,ACERTO_PLACAR,2026-06-16T00:38:22.007Z
ef26394f-ae93-4bdb-b4f5-78956c20c34b,user11,5a305830-be9c-46d2-9810-fa7282c36942,2,1,7,ACERTO_VENCEDOR,2026-06-16T02:55:50.324Z
b2667860-d17c-4c99-bae1-506367c567b6,user11,1d56ac05-0fdf-4476-94bf-a8b2254ecdf5,1,2,7,ACERTO_VENCEDOR,2026-06-16T02:56:10.695Z
e76fe73e-12bf-483c-bd76-c93f040b1183,user11,ddfc2048-daf9-49cb-9696-05b30def1f27,3,0,10,ACERTO_PLACAR,2026-06-16T02:57:07.894Z
4227b47d-ac11-4d1a-b07f-d7b155b6cc26,user11,b4ffb117-3d07-4b91-a534-fd3cd301d562,2,2,0,ERRO,2026-06-16T02:57:28.941Z
a6ee62b0-6611-4ecb-be5c-1a3e376df6ff,user11,4cc59670-bc10-44eb-980e-e6fa1b392d39,2,0,0,ERRO,2026-06-16T02:57:44.274Z
a80d62df-2d83-4389-b564-48c140ed4901,user11,2cc8c024-882c-49d3-b42b-0b34d51e4c31,1,1,0,ERRO,2026-06-16T02:58:00.083Z
87b77154-5893-45a0-8fd9-08d961fca698,user11,ff24403a-019f-43e2-88b1-40157d97890a,1,1,0,ERRO,2026-06-16T02:58:18.810Z
734a10ef-d2e3-4dd9-8bcd-a8bb4a183186,user11,0171de6d-3aef-41c9-91bb-50e967bc9383,1,3,10,ACERTO_PLACAR,2026-06-16T02:58:50.878Z
9f40b168-429e-4f3d-9cb9-1aefb411f0b2,user11,d31fa12d-65f6-416b-b7dc-210c0aeff4bf,2,2,7,ACERTO_VENCEDOR,2026-06-16T02:59:10.800Z
c210a37e-0a73-498d-b639-e854ee18029e,user11,e00087f2-d8fb-4a87-b368-e30a37ec8e44,1,1,0,ERRO,2026-06-16T02:59:37.587Z
c21ef359-6210-4dcc-8809-d6fbe00f53b9,user11,f243892f-ff42-414e-85d3-fdb50c697b05,2,1,5,ACERTO_VENCEDOR,2026-06-16T02:59:50.888Z
bf464c6f-4a1b-4ebf-9a8f-f2434743dc26,user11,bfc8b7bc-2dcc-42ce-9123-6d1fd3c45a9d,3,2,7,ACERTO_VENCEDOR,2026-06-16T03:00:12.553Z
ce11cb6d-6733-4f66-900a-29214717c842,user11,49c174b7-c464-4916-be8e-c9adf5489d61,4,1,5,ACERTO_VENCEDOR,2026-06-16T03:00:29.888Z
0761ebf2-6e22-4f23-aeac-501fc58e98c9,user11,a48358d6-b4c7-4f09-a00a-cb630819f8ef,0,1,10,ACERTO_PLACAR,2026-06-16T03:00:53.294Z
9c01e693-ec49-430a-8592-a53c8f9410b1,user11,6e8dfaca-52e0-489c-8f8d-bad25889f8aa,3,0,10,ACERTO_PLACAR,2026-06-16T03:01:35.624Z
7bd589a1-73ae-4da4-845d-cee0d3058146,user11,9a7c71dd-6726-4631-8f78-e5deb9fef73c,1,2,7,ACERTO_VENCEDOR,2026-06-16T03:02:04.528Z
1df47409-49ca-4ce5-92f5-3d603325b3b0,user91,1a3c502f-3218-4da5-bba5-6fe2da01734d,2,2,0,ERRO,2026-06-16T03:03:12.347Z
e83d4a50-6ca3-4c86-80e1-a9d369951b40,user91,a8f50583-b1af-425d-836c-64944df6c668,4,0,0,ERRO,2026-06-16T03:03:27.213Z
0205670a-5ca3-47ad-8553-f32d8677820e,user91,94ee8b2b-59f5-4cb6-9039-a8ddbfb45a43,1,2,5,ACERTO_VENCEDOR,2026-06-16T03:03:41.644Z
546fdcec-0533-4f85-ad06-f48f1e908a45,user91,ec9a9043-f83e-497e-907c-f0d58a78695a,2,1,5,ACERTO_VENCEDOR,2026-06-16T03:03:53.848Z
461aa995-1669-4200-ad30-f8cdc9aae37a,user91,1be19345-5d2c-4123-a169-46cadcbc7ff2,1,2,0,ERRO,2026-06-16T03:04:04.891Z
e5cc8974-329c-47d8-b2cd-792cca23b0ae,user91,e3dca7c9-b2cc-4ad4-b02c-602ad4e61091,1,0,0,ERRO,2026-06-16T03:04:26.018Z
a38a3dce-4054-43a0-988c-bc5bf0ae12ac,user91,ca17b700-6fcf-4698-a628-770228b859bf,0,1,5,ACERTO_VENCEDOR,2026-06-16T03:04:39.965Z
65a55774-f215-453d-a3d6-93b153e08412,user5,5a305830-be9c-46d2-9810-fa7282c36942,3,0,7,ACERTO_VENCEDOR,2026-06-16T03:37:26.787Z
798ac88a-815c-4a5f-ada4-dafd4e206d7d,user5,1d56ac05-0fdf-4476-94bf-a8b2254ecdf5,0,2,5,ACERTO_VENCEDOR,2026-06-16T03:39:06.083Z
da784bf0-cbf3-4f2c-8996-7928a9d58652,user68,5a305830-be9c-46d2-9810-fa7282c36942,4,1,7,ACERTO_VENCEDOR,2026-06-16T04:26:39.010Z
34a99240-82f4-4d2b-ae03-cf714d986e79,user68,1d56ac05-0fdf-4476-94bf-a8b2254ecdf5,0,2,5,ACERTO_VENCEDOR,2026-06-16T04:27:07.697Z
03f4c552-f315-45e4-8cfd-e857b184685d,user68,ddfc2048-daf9-49cb-9696-05b30def1f27,3,1,7,ACERTO_VENCEDOR,2026-06-16T04:27:20.419Z
c68a130b-3c8b-446a-96c8-594444914a77,user68,b4ffb117-3d07-4b91-a534-fd3cd301d562,0,0,0,ERRO,2026-06-16T04:27:29.079Z
db2c867b-8609-4937-ad0d-9b311e26744b,user68,4cc59670-bc10-44eb-980e-e6fa1b392d39,2,1,0,ERRO,2026-06-16T04:27:37.636Z
4a5123f9-c96b-48fb-8711-6eacea74e68f,user109,5a305830-be9c-46d2-9810-fa7282c36942,1,2,0,ERRO,2026-06-16T04:40:07.236Z
d1e61d8c-ae5c-4acb-a2b3-b980bc65246a,user109,1d56ac05-0fdf-4476-94bf-a8b2254ecdf5,0,3,7,ACERTO_VENCEDOR,2026-06-16T04:40:39.274Z
f6cd0230-988b-42a6-b4e4-0a4d7a0f3717,user109,ddfc2048-daf9-49cb-9696-05b30def1f27,0,2,0,ERRO,2026-06-16T04:40:53.080Z
7a3bc326-8513-4bb5-b015-96ac39250ced,user109,b4ffb117-3d07-4b91-a534-fd3cd301d562,0,0,0,ERRO,2026-06-16T04:41:07.835Z
b34a99e5-6644-4f1a-b9db-3982852bc376,user1,d31fa12d-65f6-416b-b7dc-210c0aeff4bf,1,1,10,ACERTO_PLACAR,2026-06-16T06:39:47.181Z
7aa723ae-bc63-435c-bf8c-a7ebe8a0c9a2,user1,e00087f2-d8fb-4a87-b368-e30a37ec8e44,3,1,7,ACERTO_VENCEDOR,2026-06-16T06:39:47.918Z
55718b3a-71ed-4a19-8426-abe423f4fca0,user1,f243892f-ff42-414e-85d3-fdb50c697b05,2,0,7,ACERTO_VENCEDOR,2026-06-16T06:39:48.655Z
89f8baef-f373-4440-9138-2d03c8547581,user1,bfc8b7bc-2dcc-42ce-9123-6d1fd3c45a9d,2,1,7,ACERTO_VENCEDOR,2026-06-16T06:39:49.391Z
d8381c85-39e9-410b-8241-ed622a499ca0,user12,2cc8c024-882c-49d3-b42b-0b34d51e4c31,2,3,0,ERRO,2026-06-16T08:59:13.708Z
a61ce8d4-c7d9-4cf9-aed5-2f25fa6146db,user46,ddfc2048-daf9-49cb-9696-05b30def1f27,2,0,7,ACERTO_VENCEDOR,2026-06-16T10:48:14.796Z
ad9c4bc3-4684-4ba7-a61f-a08d4d77c840,user46,5a305830-be9c-46d2-9810-fa7282c36942,3,1,10,ACERTO_PLACAR,2026-06-16T10:48:36.719Z
3dd67804-9a38-4972-944b-a973d24184fe,user46,1d56ac05-0fdf-4476-94bf-a8b2254ecdf5,0,1,5,ACERTO_VENCEDOR,2026-06-16T10:49:48.362Z
d128e345-51e4-40a1-a100-88045caa74f5,user46,b4ffb117-3d07-4b91-a534-fd3cd301d562,1,1,0,ERRO,2026-06-16T10:51:56.272Z
8b7a67e6-b3d2-4056-9a17-4c208a7b7dd8,user43,5a305830-be9c-46d2-9810-fa7282c36942,2,3,0,ERRO,2026-06-16T12:11:25.272Z
f6124faf-a2ac-4908-8bc0-0a4c05be1b09,user43,1d56ac05-0fdf-4476-94bf-a8b2254ecdf5,0,5,5,ACERTO_VENCEDOR,2026-06-16T12:11:36.520Z
336b240e-1eb1-4065-9c5e-fdb0ceec96f9,user43,ddfc2048-daf9-49cb-9696-05b30def1f27,3,0,10,ACERTO_PLACAR,2026-06-16T12:11:53.497Z
e42e7f27-f313-45ee-ab0f-149d07ae693d,user43,b4ffb117-3d07-4b91-a534-fd3cd301d562,1,2,0,ERRO,2026-06-16T12:12:01.216Z
fcf58ec2-fa87-4d49-83f1-c3c7c1af6380,user43,4cc59670-bc10-44eb-980e-e6fa1b392d39,2,0,0,ERRO,2026-06-16T12:12:06.207Z
6599a299-1c64-4d80-a28a-f3db8011124c,user43,2cc8c024-882c-49d3-b42b-0b34d51e4c31,1,1,0,ERRO,2026-06-16T12:12:12.149Z
135a0894-de8f-4139-965f-f11196616b97,user5,ddfc2048-daf9-49cb-9696-05b30def1f27,2,0,7,ACERTO_VENCEDOR,2026-06-16T12:42:38.484Z
586e121e-6609-468d-82d9-f420ec7d601e,user77,5a305830-be9c-46d2-9810-fa7282c36942,3,1,10,ACERTO_PLACAR,2026-06-16T13:07:19.262Z
7e68f5de-53f4-42b2-8d01-f10e1029a9b9,user77,1d56ac05-0fdf-4476-94bf-a8b2254ecdf5,0,2,5,ACERTO_VENCEDOR,2026-06-16T13:07:31.620Z
0cd72e9e-8fe1-4532-bad5-76bb3f1f5d45,user77,ddfc2048-daf9-49cb-9696-05b30def1f27,2,1,5,ACERTO_VENCEDOR,2026-06-16T13:07:55.118Z
79cae3a7-2348-40d6-a7a8-b02b0b177e7f,user77,b4ffb117-3d07-4b91-a534-fd3cd301d562,1,0,5,ACERTO_VENCEDOR,2026-06-16T13:09:56.547Z
423ad167-58c6-40b5-baed-466715070cbd,user77,4cc59670-bc10-44eb-980e-e6fa1b392d39,4,0,0,ERRO,2026-06-16T13:10:08.773Z
ef7276f7-7563-410e-8412-56c28af0a504,user77,2cc8c024-882c-49d3-b42b-0b34d51e4c31,2,2,0,ERRO,2026-06-16T13:10:23.281Z
c685a330-3d1d-4b76-8e3c-f7b72af6e747,user77,ff24403a-019f-43e2-88b1-40157d97890a,0,1,0,ERRO,2026-06-16T13:10:32.561Z
4c8a23a8-70b5-4c16-b832-13071f91768d,user77,0171de6d-3aef-41c9-91bb-50e967bc9383,0,2,7,ACERTO_VENCEDOR,2026-06-16T13:10:40.962Z
8fb8980f-36a9-4811-8c12-8a8e762040bb,user77,d31fa12d-65f6-416b-b7dc-210c0aeff4bf,0,0,7,ACERTO_VENCEDOR,2026-06-16T13:10:47.669Z
94f45220-d31b-487b-9e5a-7765ab556714,user77,e00087f2-d8fb-4a87-b368-e30a37ec8e44,2,0,5,ACERTO_VENCEDOR,2026-06-16T13:10:55.350Z
fa917e2a-64c6-4b7d-a72b-ccc53ba97676,user77,f243892f-ff42-414e-85d3-fdb50c697b05,1,1,0,ERRO,2026-06-16T13:11:02.526Z
4779f489-5e16-4934-856c-564e381b3189,user77,bfc8b7bc-2dcc-42ce-9123-6d1fd3c45a9d,2,1,7,ACERTO_VENCEDOR,2026-06-16T13:11:10.838Z
b4bc95c2-e026-41a8-8a97-76141aa5a089,user77,49c174b7-c464-4916-be8e-c9adf5489d61,2,1,7,ACERTO_VENCEDOR,2026-06-16T13:12:54.173Z
c829cb16-d3c7-430e-86d9-60cd80f530bd,user77,a48358d6-b4c7-4f09-a00a-cb630819f8ef,0,2,7,ACERTO_VENCEDOR,2026-06-16T13:13:01.754Z
a3422d1c-8d24-451b-89fe-9f039decc7d1,user77,6e8dfaca-52e0-489c-8f8d-bad25889f8aa,4,1,7,ACERTO_VENCEDOR,2026-06-16T13:13:10.475Z
d2d1646a-c281-4c38-b2a9-2f95e86bb398,user77,472a5e85-7239-4f32-ab73-fd7e96b99666,2,2,0,ERRO,2026-06-16T13:14:26.967Z
7f49b98f-7d95-43c1-9c48-de371f9d8ec8,user77,a8f50583-b1af-425d-836c-64944df6c668,3,0,0,ERRO,2026-06-16T13:14:29.817Z
84abfdb3-dab0-4ba7-aadb-1c6ff29416fb,user77,1be19345-5d2c-4123-a169-46cadcbc7ff2,3,0,0,ERRO,2026-06-16T13:14:30.104Z
dc52256d-a9eb-4ac4-8724-e5c171244250,user77,1a3c502f-3218-4da5-bba5-6fe2da01734d,8,0,5,ACERTO_VENCEDOR,2026-06-16T13:14:30.388Z
a10d1f03-cbed-4428-938f-2f7a2ae1192c,user77,ec9a9043-f83e-497e-907c-f0d58a78695a,3,0,7,ACERTO_VENCEDOR,2026-06-16T13:14:30.672Z
14e814f4-423e-4b2c-a7f6-70a4be4b2828,user77,94ee8b2b-59f5-4cb6-9039-a8ddbfb45a43,0,2,7,ACERTO_VENCEDOR,2026-06-16T13:14:30.957Z
4719bf47-515f-41ba-8922-5dc3a8a7c96a,user77,9a7c71dd-6726-4631-8f78-e5deb9fef73c,1,0,0,ERRO,2026-06-16T13:14:31.241Z
dad748d4-d58d-45d1-a8aa-cc7ba0f9ca22,user77,c5771b35-3695-40b7-a63f-1be736f9d685,3,0,0,ERRO,2026-06-16T13:18:17.175Z
86e5fa3b-bc4a-43bf-852b-ff69754fa5e0,user77,609c6c86-9a27-4c77-8f72-b0fa878924a9,3,0,7,ACERTO_VENCEDOR,2026-06-16T13:18:17.449Z
3825217e-32a8-4a2e-8d83-7642a9ff642a,user77,f3d0c2c2-ce6a-47a7-8a8d-9268cc90bb61,2,0,7,ACERTO_VENCEDOR,2026-06-16T13:18:17.720Z
3c0a9fb3-0723-4d48-80f7-f3fba71769ae,user77,6038b570-f0a1-4247-9752-82e48da6649f,2,0,7,ACERTO_VENCEDOR,2026-06-16T13:18:17.993Z
1923f045-5e2f-450d-9147-1e590b75ac86,user77,a5897071-fca1-470c-b1f4-50ff34a5ff80,0,3,7,ACERTO_VENCEDOR,2026-06-16T13:18:18.266Z
897a1444-606b-445c-9447-cb5aacc0012f,user77,6990d81d-87d8-41b1-aea5-b6fbcfafcf7b,2,0,7,ACERTO_VENCEDOR,2026-06-16T13:18:18.537Z
7dc0e1ae-6787-4b0f-8e54-66b498910f68,user77,ca17b700-6fcf-4698-a628-770228b859bf,1,2,7,ACERTO_VENCEDOR,2026-06-16T13:18:18.809Z
2623fe7c-8353-46ba-b969-5c4b8f2cd719,user77,e3dca7c9-b2cc-4ad4-b02c-602ad4e61091,2,0,0,ERRO,2026-06-16T13:18:19.082Z
cc70c408-3728-41a9-8b13-b73894fe18b6,user77,e322a9b7-1a86-4fef-8d1e-276b8e2d438d,4,0,7,ACERTO_VENCEDOR,2026-06-16T13:18:19.354Z
bdbcc126-6518-4b22-b227-b2178e02f178,user77,e4d4af35-c9e0-4d1b-89b7-e72893e5642d,0,1,0,ERRO,2026-06-16T13:18:20.172Z
fdb64660-26d3-4bea-a887-6aeda6661739,user89,1d56ac05-0fdf-4476-94bf-a8b2254ecdf5,0,3,7,ACERTO_VENCEDOR,2026-06-16T13:45:39.791Z
c3d8d657-0efd-4ea0-ad7a-525ce77188c3,user89,ddfc2048-daf9-49cb-9696-05b30def1f27,2,1,5,ACERTO_VENCEDOR,2026-06-16T13:45:47.004Z
fef6efac-c0c4-460d-b9b8-89a1c51595f5,user89,b4ffb117-3d07-4b91-a534-fd3cd301d562,2,1,7,ACERTO_VENCEDOR,2026-06-16T13:45:59.210Z
792e1252-4878-42e9-8d91-e7268f6b2778,user90,5a305830-be9c-46d2-9810-fa7282c36942,3,0,7,ACERTO_VENCEDOR,2026-06-16T13:50:15.546Z
301d65cf-e9e5-4040-ae52-37d54640b836,user14,ddfc2048-daf9-49cb-9696-05b30def1f27,2,0,7,ACERTO_VENCEDOR,2026-06-16T13:52:00.524Z
c1a3b1ec-e13b-4fcf-9d34-5a6930921ab7,user14,1d56ac05-0fdf-4476-94bf-a8b2254ecdf5,0,1,5,ACERTO_VENCEDOR,2026-06-16T13:52:02.241Z
30fec7bf-4be7-425f-bc9f-063493be00cd,user14,5a305830-be9c-46d2-9810-fa7282c36942,3,0,7,ACERTO_VENCEDOR,2026-06-16T13:52:02.527Z
05f7b26c-1745-40a4-ac8f-fc287036539a,user104,5a305830-be9c-46d2-9810-fa7282c36942,3,0,7,ACERTO_VENCEDOR,2026-06-16T13:52:16.560Z
d0d8dafd-38f2-44db-98b0-559c8ac606b1,user104,1d56ac05-0fdf-4476-94bf-a8b2254ecdf5,0,2,5,ACERTO_VENCEDOR,2026-06-16T13:52:33.528Z
e6d9bb37-4666-4b10-a3ea-be96c573102b,user104,ddfc2048-daf9-49cb-9696-05b30def1f27,2,0,7,ACERTO_VENCEDOR,2026-06-16T13:53:34.768Z
8acb40c2-ab4d-48f8-823f-b66e064a2fbe,user104,b4ffb117-3d07-4b91-a534-fd3cd301d562,2,1,7,ACERTO_VENCEDOR,2026-06-16T13:53:45.520Z
cdf0dae6-b7c6-42bb-ac31-2c901a26812a,user90,ddfc2048-daf9-49cb-9696-05b30def1f27,2,1,5,ACERTO_VENCEDOR,2026-06-16T13:53:50.003Z
24730b21-6d24-4fa7-b175-cba3024d6521,user104,4cc59670-bc10-44eb-980e-e6fa1b392d39,1,0,0,ERRO,2026-06-16T13:54:04.868Z
6ddb98f4-253a-40e4-94cb-b5b68ac3d227,user89,2cc8c024-882c-49d3-b42b-0b34d51e4c31,1,1,0,ERRO,2026-06-16T13:54:59.487Z
c6928f42-5064-430f-9b1f-3d5a6e41a64f,user90,5e870695-b61c-467b-91db-d4361d873104,0,0,7,ACERTO_VENCEDOR,2026-06-16T13:55:15.462Z
c91e3137-167d-49ec-bcf7-dedbb0beca24,user14,b4ffb117-3d07-4b91-a534-fd3cd301d562,2,2,0,ERRO,2026-06-16T13:55:16.798Z
8e3d9bd5-8880-4833-a97f-ed588b90b627,user14,4cc59670-bc10-44eb-980e-e6fa1b392d39,1,1,10,ACERTO_PLACAR,2026-06-16T13:55:23.256Z
16832959-a390-4ff8-bea7-042ca5825314,user14,2cc8c024-882c-49d3-b42b-0b34d51e4c31,1,1,0,ERRO,2026-06-16T13:55:25.165Z
a7b70f0d-1bf4-4574-8b5b-c5b5d72cdf37,user89,4cc59670-bc10-44eb-980e-e6fa1b392d39,3,0,0,ERRO,2026-06-16T13:55:26.016Z
abc76782-e2b0-43e7-b12a-26ba48620743,user89,ff24403a-019f-43e2-88b1-40157d97890a,2,2,0,ERRO,2026-06-16T13:56:03.867Z
f900cf20-ca94-4f12-a5cb-86d91f61aa17,user14,ff24403a-019f-43e2-88b1-40157d97890a,2,2,0,ERRO,2026-06-16T13:56:10.184Z
ecedab91-2145-4c2d-8006-00ca27ae048d,user89,0171de6d-3aef-41c9-91bb-50e967bc9383,1,3,10,ACERTO_PLACAR,2026-06-16T13:56:38.354Z
79bf0bd9-baeb-45ff-863d-574a3b6d8ab2,user14,0171de6d-3aef-41c9-91bb-50e967bc9383,1,2,7,ACERTO_VENCEDOR,2026-06-16T13:56:42.715Z
d9f5b0fc-45e9-455c-a887-03faf5092215,user111,5a305830-be9c-46d2-9810-fa7282c36942,2,1,7,ACERTO_VENCEDOR,2026-06-16T14:07:38.309Z
cfc7c29c-d325-4a2c-9048-76d520f078a5,user111,1d56ac05-0fdf-4476-94bf-a8b2254ecdf5,0,1,5,ACERTO_VENCEDOR,2026-06-16T14:07:39.599Z
25475033-e89c-416f-a387-7a9728738683,user111,ddfc2048-daf9-49cb-9696-05b30def1f27,2,1,5,ACERTO_VENCEDOR,2026-06-16T14:07:42.023Z
c3800883-fb5a-4d18-ae6a-333b04c2fd52,user2,5a305830-be9c-46d2-9810-fa7282c36942,2,0,7,ACERTO_VENCEDOR,2026-06-16T16:30:09.231Z
66715924-ec93-401d-a421-910980ef66ed,user3,5a305830-be9c-46d2-9810-fa7282c36942,2,1,7,ACERTO_VENCEDOR,2026-06-16T16:30:12.651Z
31ce2ba8-c954-4d8b-80cb-b874d737c741,user3,b4ffb117-3d07-4b91-a534-fd3cd301d562,2,1,7,ACERTO_VENCEDOR,2026-06-16T16:30:27.762Z
e85ff2d2-3827-4652-ac3b-a712aab968ff,user3,4cc59670-bc10-44eb-980e-e6fa1b392d39,3,0,0,ERRO,2026-06-16T16:30:35.521Z
6a711fec-d1d7-4880-8ab0-3df148d0f30d,user3,2cc8c024-882c-49d3-b42b-0b34d51e4c31,2,1,5,ACERTO_VENCEDOR,2026-06-16T16:30:50.408Z
4e1ae9cd-642b-49f8-8c15-2aaa0728fc22,user2,1d56ac05-0fdf-4476-94bf-a8b2254ecdf5,0,2,5,ACERTO_VENCEDOR,2026-06-16T16:30:56.996Z
37e9565e-8a0e-4ce3-916b-6e80876a7d03,user3,ff24403a-019f-43e2-88b1-40157d97890a,1,2,0,ERRO,2026-06-16T16:30:58.755Z
4fe118a6-f19c-4a8a-945b-58fcb22e96c5,user2,ddfc2048-daf9-49cb-9696-05b30def1f27,1,0,7,ACERTO_VENCEDOR,2026-06-16T16:31:04.691Z
f8ed6d82-14bf-4e10-9d18-6beef9dbb7a7,user3,0171de6d-3aef-41c9-91bb-50e967bc9383,0,3,7,ACERTO_VENCEDOR,2026-06-16T16:31:08.275Z
089c441b-16f7-49a3-8b66-b229a5eb9789,user9,5a305830-be9c-46d2-9810-fa7282c36942,3,0,7,ACERTO_VENCEDOR,2026-06-16T17:35:15.022Z
512953f1-d8f7-4a36-ade5-f3b2647532c7,user9,1d56ac05-0fdf-4476-94bf-a8b2254ecdf5,0,2,5,ACERTO_VENCEDOR,2026-06-16T17:35:42.095Z
0d7433e1-2c5d-41d3-9e05-f15252255c57,user9,ddfc2048-daf9-49cb-9696-05b30def1f27,4,0,7,ACERTO_VENCEDOR,2026-06-16T17:36:05.767Z
2c8d7a6e-69fd-4e98-859f-211675f216b2,user40,5a305830-be9c-46d2-9810-fa7282c36942,2,0,7,ACERTO_VENCEDOR,2026-06-16T17:36:31.638Z
9b5c9e2d-9c19-47dc-8800-0d141635c5a9,user9,b4ffb117-3d07-4b91-a534-fd3cd301d562,1,1,0,ERRO,2026-06-16T17:37:27.740Z
0b454fcb-0f47-4c75-96f9-d884e357743e,user112,5a305830-be9c-46d2-9810-fa7282c36942,2,1,7,ACERTO_VENCEDOR,2026-06-16T17:58:26.454Z
df269a68-aa88-489f-bcd4-3abb7015cee7,user112,1d56ac05-0fdf-4476-94bf-a8b2254ecdf5,2,2,0,ERRO,2026-06-16T17:58:31.689Z
424c0e76-80ab-42a7-95f0-7942eb7bcec7,user112,ddfc2048-daf9-49cb-9696-05b30def1f27,1,1,0,ERRO,2026-06-16T17:58:42.212Z
50a903a2-e34e-4cd6-9dc5-f837125bef2e,user112,b4ffb117-3d07-4b91-a534-fd3cd301d562,2,1,7,ACERTO_VENCEDOR,2026-06-16T17:58:48.183Z
b3611861-0462-497f-91cc-37b963a03a2f,user112,4cc59670-bc10-44eb-980e-e6fa1b392d39,3,1,0,ERRO,2026-06-16T17:58:52.133Z
df610642-9150-490f-b31a-45cbf6a10a1b,user112,2cc8c024-882c-49d3-b42b-0b34d51e4c31,3,1,7,ACERTO_VENCEDOR,2026-06-16T17:58:57.579Z
490528ad-c1b3-4ffc-b137-e019dd93407d,user112,ff24403a-019f-43e2-88b1-40157d97890a,1,1,0,ERRO,2026-06-16T17:59:00.918Z
e6bacae6-27b1-491d-9965-01ce1a06b6ee,user112,0171de6d-3aef-41c9-91bb-50e967bc9383,1,1,0,ERRO,2026-06-16T17:59:12.184Z
51fe8f91-d412-44a3-a290-a898b44baa44,user112,d31fa12d-65f6-416b-b7dc-210c0aeff4bf,1,1,10,ACERTO_PLACAR,2026-06-16T17:59:20.571Z
0217dcce-ab36-4ea7-92e6-a3be3bbdba39,user112,e00087f2-d8fb-4a87-b368-e30a37ec8e44,2,1,7,ACERTO_VENCEDOR,2026-06-16T17:59:24.967Z
fe171a0e-da7f-4be1-87b6-0b60c8b81034,user112,f243892f-ff42-414e-85d3-fdb50c697b05,2,0,7,ACERTO_VENCEDOR,2026-06-16T17:59:30.678Z
ce44817f-f739-4a95-9bcf-b4bc2c8db43e,user112,bfc8b7bc-2dcc-42ce-9123-6d1fd3c45a9d,2,2,0,ERRO,2026-06-16T17:59:45.094Z
8c015435-6957-4d53-aa23-2cb5bbaf8c4e,user112,49c174b7-c464-4916-be8e-c9adf5489d61,2,2,0,ERRO,2026-06-16T18:22:02.046Z
2140123e-857c-45aa-b7f5-caedf8270326,user112,a48358d6-b4c7-4f09-a00a-cb630819f8ef,1,2,7,ACERTO_VENCEDOR,2026-06-16T18:22:03.375Z
07393b98-09bc-40e1-85c1-e71828fc620b,user112,6e8dfaca-52e0-489c-8f8d-bad25889f8aa,3,1,7,ACERTO_VENCEDOR,2026-06-16T18:22:07.647Z
16f9baf1-4ddf-4fe1-8a30-a02347f47bbf,user112,9a7c71dd-6726-4631-8f78-e5deb9fef73c,2,0,0,ERRO,2026-06-16T18:22:24.590Z
9dd3a35e-5100-4e7b-9f5f-a5ffa24c2966,user112,1a3c502f-3218-4da5-bba5-6fe2da01734d,2,2,0,ERRO,2026-06-16T18:22:30.003Z
f266df8a-b27a-4de6-bdc2-20bccbebe70a,user112,472a5e85-7239-4f32-ab73-fd7e96b99666,5,1,7,ACERTO_VENCEDOR,2026-06-16T18:22:34.236Z
38f4951e-8a0b-450c-9e2b-104ec33a7477,user112,a8f50583-b1af-425d-836c-64944df6c668,2,1,0,ERRO,2026-06-16T18:22:41.223Z
e3beff77-d5c8-43ee-a75b-992a08813ace,user112,94ee8b2b-59f5-4cb6-9039-a8ddbfb45a43,1,2,5,ACERTO_VENCEDOR,2026-06-16T18:22:51.267Z
42935302-d283-42ab-8a39-4a645e1d2cba,user112,ec9a9043-f83e-497e-907c-f0d58a78695a,2,1,5,ACERTO_VENCEDOR,2026-06-16T18:22:55.608Z
13310af5-cf9b-475d-a9e9-4f805d892585,user112,e322a9b7-1a86-4fef-8d1e-276b8e2d438d,6,0,7,ACERTO_VENCEDOR,2026-06-16T18:27:21.221Z
2e76c5e7-8e7b-4b32-ad04-84d4741ea242,user112,ca17b700-6fcf-4698-a628-770228b859bf,0,1,5,ACERTO_VENCEDOR,2026-06-16T18:27:22.099Z
d388f032-b02c-4f89-8e7e-f1171958003b,user112,6038b570-f0a1-4247-9752-82e48da6649f,2,1,7,ACERTO_VENCEDOR,2026-06-16T18:27:22.973Z
ae2ff326-d2a6-467d-8c0f-6547682ea1a0,user112,f3d0c2c2-ce6a-47a7-8a8d-9268cc90bb61,2,2,0,ERRO,2026-06-16T18:27:23.846Z
10a56380-5fc1-4f44-a08a-7b481bb34792,user112,276fc045-6d8a-40af-ba22-7e5c4b51e177,1,2,7,ACERTO_VENCEDOR,2026-06-16T18:27:24.722Z
2fc0fca0-a842-4b57-9397-86657eabe00f,user112,b59a5f79-d8a9-4ad4-a99e-643e36491858,1,2,7,ACERTO_VENCEDOR,2026-06-16T18:27:25.598Z
1c1aacf4-9025-4a3a-9938-6ddb6fa0c100,user112,a5897071-fca1-470c-b1f4-50ff34a5ff80,1,2,7,ACERTO_VENCEDOR,2026-06-16T18:27:26.469Z
2a091d02-b450-48c3-b90b-7f5982230d21,user112,e4d4af35-c9e0-4d1b-89b7-e72893e5642d,1,0,5,ACERTO_VENCEDOR,2026-06-16T18:27:27.404Z
a9e5dcbd-5ae3-451b-82ff-1844c397d140,user112,c5771b35-3695-40b7-a63f-1be736f9d685,4,1,0,ERRO,2026-06-16T18:27:28.278Z
0008028f-67d0-41ff-8563-63b716e3ab76,user112,1be19345-5d2c-4123-a169-46cadcbc7ff2,2,2,7,ACERTO_VENCEDOR,2026-06-16T18:27:29.156Z
76afb309-8070-4313-ab46-4c40c1f7244f,user112,e5959d04-83c8-4037-81fc-1133f95064c2,1,2,0,ERRO,2026-06-16T18:27:30.035Z
dcee8e7e-7144-4c48-bcb8-abab143d7b9b,user112,509c27bb-9832-4145-8630-c309ac6b50cb,1,1,0,ERRO,2026-06-16T18:27:31.041Z
5ddb9ee0-75c3-4d2e-a0a4-0250e72bf239,user112,5e870695-b61c-467b-91db-d4361d873104,2,0,0,ERRO,2026-06-16T18:28:14.543Z
833d9171-2ee5-4d6f-8311-7290efc6a493,user112,d048e70a-4271-483f-828e-5b0f3a2c32a2,1,4,0,ERRO,2026-06-16T18:28:18.022Z
b18f5045-8bae-46cd-b42f-b111da79262b,user112,360b9169-fffe-42c2-a352-481e999c5c10,2,2,7,ACERTO_VENCEDOR,2026-06-16T18:28:21.878Z
38be7993-d4d7-4ed2-bb58-1b6f49248999,user112,d7a304b0-482e-46d8-b50b-d250885daf98,2,2,0,ERRO,2026-06-16T18:28:23.741Z
7203bf2f-952f-4be3-8462-7df0d9476e5a,user112,af891675-71a4-4e36-9820-710f18ef9e27,3,1,7,ACERTO_VENCEDOR,2026-06-16T18:28:27.548Z
14c4c679-ef2b-4938-be5c-dc99b2dd02e5,user112,044a487b-ee61-4547-b15b-84630aae8b47,0,7,7,ACERTO_VENCEDOR,2026-06-16T18:28:31.251Z
3aee23a9-cf4e-4531-8469-28f3721b969a,user112,c6a97697-806b-45f8-8deb-24669a074940,1,1,0,ERRO,2026-06-16T18:28:37.051Z
9d3b35cb-79ea-40ab-8551-64404cf41c08,user112,d83a4eb5-112c-4d4e-895b-737f0085d5dc,1,0,0,ERRO,2026-06-16T18:28:43.316Z
3a29e661-4c5f-48e4-b3ce-780faf3e4708,user112,8e4c2b7f-aab6-4c6d-b181-7a637a728533,2,1,5,ACERTO_VENCEDOR,2026-06-16T18:28:47.705Z
a6b9d26f-bbd6-4e62-ac71-18589cd3755e,user112,c7b8c1b3-52ad-4bef-81d9-1969853ba187,2,1,0,ERRO,2026-06-16T18:28:51.161Z
469a617b-dc2d-430e-b672-1bb2042f23e3,user112,908bbff6-9327-41c0-995f-29581a5f84ab,1,1,0,ERRO,2026-06-16T18:28:56.828Z
1eee34aa-3233-49b6-88d8-3e9e66e964cb,user112,4e538c8b-876c-4009-849a-761125544175,2,2,0,ERRO,2026-06-16T18:28:59.543Z
47a91f3f-893d-40e2-98c9-9bbc389e8d51,user112,32e1259a-ec96-4e5b-8063-b0c1c3d87553,1,4,0,ERRO,2026-06-16T18:29:07.791Z
2618b252-afb1-4b0b-af54-8fa117c52bc2,user112,6990d81d-87d8-41b1-aea5-b6fbcfafcf7b,5,1,7,ACERTO_VENCEDOR,2026-06-16T18:29:20.237Z
1f6b5bf7-9e67-4006-985c-6cf9d3168f47,user112,e3dca7c9-b2cc-4ad4-b02c-602ad4e61091,1,1,7,ACERTO_VENCEDOR,2026-06-16T18:29:59.960Z
7513c596-7aef-4098-bfa5-293ec6e41f0b,user112,609c6c86-9a27-4c77-8f72-b0fa878924a9,2,1,7,ACERTO_VENCEDOR,2026-06-16T18:30:03.992Z
9b477e06-51e5-438c-9f67-e40be2ca3c6b,user112,6488ec1b-cd97-409f-83ce-24befb4852be,2,1,7,ACERTO_VENCEDOR,2026-06-16T18:30:08.673Z
7cf177c0-9659-4d0f-84ed-08df2dbaa170,user112,c1710c13-a884-47db-b770-4d0d7cf4b0f5,0,2,7,ACERTO_VENCEDOR,2026-06-16T18:30:11.658Z
fd5e0c96-ccda-4859-a247-6578c03f9e51,user112,702d0496-83e0-461d-82e9-e335698fca9e,1,2,5,ACERTO_VENCEDOR,2026-06-16T18:30:15.791Z
d25c2386-26b2-4b4d-b6e6-9fcb495bb65f,user112,6a824c8c-e1be-4339-acc3-3279deec17ad,3,0,5,ACERTO_VENCEDOR,2026-06-16T18:30:19.775Z
da265be7-8510-4f1b-bf84-31eef50e69cd,user112,9ebfdd3b-789a-4e3a-a2b6-d7c31237e3d1,1,3,0,ERRO,2026-06-16T18:30:25.538Z
c6f1f468-d91c-4ec5-8f1a-b21e8127e7ca,user112,52a29ff1-0db3-48b4-921f-1aa0f8940766,1,2,5,ACERTO_VENCEDOR,2026-06-16T18:30:28.128Z
238a32c0-d3bb-4483-940c-0bfdcea98e85,user112,9bf43d45-0c13-438c-bd7a-6092b4aef4d2,1,1,0,ERRO,2026-06-16T18:30:32.551Z
bfb156c7-e4ff-4db7-9e21-5972ef419fdc,user113,5a305830-be9c-46d2-9810-fa7282c36942,2,1,7,ACERTO_VENCEDOR,2026-06-16T18:49:43.049Z
a6776432-2125-444a-ae66-43dd0b5b032d,user113,1d56ac05-0fdf-4476-94bf-a8b2254ecdf5,2,1,0,ERRO,2026-06-16T18:49:56.232Z
b8229fce-40e4-4136-9dd4-5174601ae2b7,user113,ddfc2048-daf9-49cb-9696-05b30def1f27,3,2,7,ACERTO_VENCEDOR,2026-06-16T18:50:01.994Z
9fef8257-fdd0-4e8b-a6d5-05191cd5abf0,user17,1d56ac05-0fdf-4476-94bf-a8b2254ecdf5,0,2,5,ACERTO_VENCEDOR,2026-06-16T19:12:28.366Z
cb6f7a99-4508-4496-84fb-d158a868d0e7,user17,ddfc2048-daf9-49cb-9696-05b30def1f27,3,0,10,ACERTO_PLACAR,2026-06-16T19:12:39.595Z
ef638e24-f614-4f30-8b07-3ac51d991981,user17,b4ffb117-3d07-4b91-a534-fd3cd301d562,2,1,7,ACERTO_VENCEDOR,2026-06-16T19:12:54.372Z
a62743ee-b999-4780-bc3a-94d4b1dd8de0,user17,4cc59670-bc10-44eb-980e-e6fa1b392d39,4,0,0,ERRO,2026-06-16T19:13:04.510Z
d3810b9a-8495-4f22-a992-0adb92b66f90,user17,2cc8c024-882c-49d3-b42b-0b34d51e4c31,3,2,7,ACERTO_VENCEDOR,2026-06-16T19:13:18.372Z
e96e2faf-9692-48bd-a67d-f48b4ef927fb,user17,ff24403a-019f-43e2-88b1-40157d97890a,2,0,7,ACERTO_VENCEDOR,2026-06-16T19:13:39.076Z
219a1c38-94b7-4b90-b000-14c30036dd14,user17,0171de6d-3aef-41c9-91bb-50e967bc9383,1,3,10,ACERTO_PLACAR,2026-06-16T19:13:45.781Z
6ce7b82a-ded6-4a11-8ae6-5475baa7fcf7,user115,6e8dfaca-52e0-489c-8f8d-bad25889f8aa,2,1,5,ACERTO_VENCEDOR,2026-06-16T19:23:00.469Z
7d0c4d87-76ea-42d7-9a19-5bf6e5ebbe37,user40,ddfc2048-daf9-49cb-9696-05b30def1f27,2,0,7,ACERTO_VENCEDOR,2026-06-16T20:45:14.172Z
8d9cfced-9615-422b-9adf-23053971311b,user40,4cc59670-bc10-44eb-980e-e6fa1b392d39,3,1,0,ERRO,2026-06-16T20:45:16.381Z
0f0f7b29-cd4a-4fea-bb73-cb1dc1f19e0a,user40,b4ffb117-3d07-4b91-a534-fd3cd301d562,0,1,0,ERRO,2026-06-16T20:45:16.660Z
3a2c7518-2dbb-4071-810b-fd92e6714763,user40,1d56ac05-0fdf-4476-94bf-a8b2254ecdf5,0,3,7,ACERTO_VENCEDOR,2026-06-16T20:45:16.933Z
a710587d-fc3d-41bc-9f41-e2dd9fd21181,user40,2cc8c024-882c-49d3-b42b-0b34d51e4c31,1,2,0,ERRO,2026-06-16T20:45:17.204Z
6d51c063-aeb2-4cd9-89f3-1e872078e7c4,user111,b4ffb117-3d07-4b91-a534-fd3cd301d562,2,1,7,ACERTO_VENCEDOR,2026-06-16T21:10:28.402Z
459f5b12-0f35-4dd8-8e2f-836f43f6dcff,user111,4cc59670-bc10-44eb-980e-e6fa1b392d39,3,1,0,ERRO,2026-06-16T21:10:36.718Z
b3169039-ab16-47e4-8e71-c1e6c5c49c5f,user111,2cc8c024-882c-49d3-b42b-0b34d51e4c31,2,2,0,ERRO,2026-06-16T21:10:44.096Z
f9be08f9-f110-45f8-a9d7-993de41f1335,user111,ff24403a-019f-43e2-88b1-40157d97890a,0,1,0,ERRO,2026-06-16T21:10:55.630Z
d2036787-e82e-48a4-8db0-25c7c0689d6d,user111,0171de6d-3aef-41c9-91bb-50e967bc9383,1,1,0,ERRO,2026-06-16T21:11:08.800Z
f122120a-516f-46c0-ba21-fa14373f9931,user111,d31fa12d-65f6-416b-b7dc-210c0aeff4bf,2,3,0,ERRO,2026-06-16T21:11:37.897Z
2726ffbd-de4b-48b3-a33e-8ef3760d1b42,user111,e00087f2-d8fb-4a87-b368-e30a37ec8e44,1,1,0,ERRO,2026-06-16T21:11:43.837Z
a3f60af9-e69b-43f5-a6e2-356207a21d8c,user111,f243892f-ff42-414e-85d3-fdb50c697b05,2,1,5,ACERTO_VENCEDOR,2026-06-16T21:11:51.630Z
2b0a6365-28b4-4f8a-93c7-500c6edde06f,user111,bfc8b7bc-2dcc-42ce-9123-6d1fd3c45a9d,2,2,0,ERRO,2026-06-16T21:11:59.435Z
427a6597-3dc5-4e59-8d56-c3557022ed0a,user76,1d56ac05-0fdf-4476-94bf-a8b2254ecdf5,0,2,5,ACERTO_VENCEDOR,2026-06-16T21:12:03.267Z
927b964b-9146-4f51-a5c3-640399d2416b,user111,49c174b7-c464-4916-be8e-c9adf5489d61,2,1,7,ACERTO_VENCEDOR,2026-06-16T21:12:09.310Z
27775b1d-ccbe-4a97-b1f7-fd86f050fbe1,user117,1d56ac05-0fdf-4476-94bf-a8b2254ecdf5,0,2,5,ACERTO_VENCEDOR,2026-06-16T21:56:07.207Z
b01556e3-e803-4e24-8c01-a49429f9f047,user117,ddfc2048-daf9-49cb-9696-05b30def1f27,3,1,7,ACERTO_VENCEDOR,2026-06-16T21:56:18.027Z
eba8fa4e-0494-4635-8f7c-759f414cb5f1,user118,ddfc2048-daf9-49cb-9696-05b30def1f27,2,1,5,ACERTO_VENCEDOR,2026-06-16T22:00:59.265Z
c3e84380-9991-4ab3-bbab-e54318e152f9,user119,ddfc2048-daf9-49cb-9696-05b30def1f27,3,1,7,ACERTO_VENCEDOR,2026-06-16T22:03:20.674Z
0e1a9ee8-7e3f-4614-be9d-935fc056bf75,user118,e4d4af35-c9e0-4d1b-89b7-e72893e5642d,0,0,0,ERRO,2026-06-16T22:05:34.005Z
bffef0b5-edba-4546-9e40-19b7fb820ced,user118,e322a9b7-1a86-4fef-8d1e-276b8e2d438d,3,0,10,ACERTO_PLACAR,2026-06-16T22:05:36.864Z
f2dcea3e-c1de-4c72-acfa-4c217352d11f,user118,702d0496-83e0-461d-82e9-e335698fca9e,1,2,5,ACERTO_VENCEDOR,2026-06-16T22:05:37.442Z
9042ff17-0b2e-4326-8c88-699c0da29c13,user118,a5897071-fca1-470c-b1f4-50ff34a5ff80,1,2,7,ACERTO_VENCEDOR,2026-06-16T22:05:37.725Z
346b66f6-e596-4c35-9dd5-63df85b3512f,user118,c1710c13-a884-47db-b770-4d0d7cf4b0f5,1,1,0,ERRO,2026-06-16T22:05:38.011Z
f694d3cd-ca93-46e5-954c-e08ce93614d1,user118,6a824c8c-e1be-4339-acc3-3279deec17ad,1,0,5,ACERTO_VENCEDOR,2026-06-16T22:05:39.160Z
4c7084d6-5694-4a6d-93b8-61486586df13,user118,1be19345-5d2c-4123-a169-46cadcbc7ff2,3,0,0,ERRO,2026-06-16T22:05:39.445Z
b9f0cc45-7850-48af-bba4-4a4069347726,user118,6488ec1b-cd97-409f-83ce-24befb4852be,1,0,7,ACERTO_VENCEDOR,2026-06-16T22:05:39.731Z
7815c4a4-79f1-4305-a3e4-82b34ca23808,user118,c5771b35-3695-40b7-a63f-1be736f9d685,2,0,0,ERRO,2026-06-16T22:05:40.017Z
e3bfa2b3-49a8-4588-a785-ee5f9b216303,user118,609c6c86-9a27-4c77-8f72-b0fa878924a9,1,2,0,ERRO,2026-06-16T22:05:40.303Z
4ab4a9bb-2a95-4045-a40b-b70b89e2dd2a,user118,52a29ff1-0db3-48b4-921f-1aa0f8940766,0,2,7,ACERTO_VENCEDOR,2026-06-16T22:05:40.587Z
ad30dcbf-d495-445d-909a-781ecd16303c,user118,f3d0c2c2-ce6a-47a7-8a8d-9268cc90bb61,1,1,0,ERRO,2026-06-16T22:05:40.872Z
b35841d2-94d0-4a71-9d6b-4498c5e7215c,user118,6990d81d-87d8-41b1-aea5-b6fbcfafcf7b,4,0,7,ACERTO_VENCEDOR,2026-06-16T22:05:41.442Z
b47a651c-7e0e-41e0-8848-3f58116c86a5,user118,6038b570-f0a1-4247-9752-82e48da6649f,1,0,10,ACERTO_PLACAR,2026-06-16T22:05:42.585Z
128d3341-e63a-483d-af45-58b9c6815515,user4,ddfc2048-daf9-49cb-9696-05b30def1f27,3,0,10,ACERTO_PLACAR,2026-06-16T23:41:12.129Z
f3cc4580-bf1a-4dd4-9cb5-da7e9d933a7d,user106,ddfc2048-daf9-49cb-9696-05b30def1f27,3,0,10,ACERTO_PLACAR,2026-06-16T23:47:07.884Z
5b08e9f3-da95-4a4b-aa51-623e4cd06521,user106,b4ffb117-3d07-4b91-a534-fd3cd301d562,2,1,7,ACERTO_VENCEDOR,2026-06-16T23:47:13.472Z
44a73bd9-693c-497f-9be7-78bead4bc688,user76,ddfc2048-daf9-49cb-9696-05b30def1f27,3,1,7,ACERTO_VENCEDOR,2026-06-17T00:20:42.053Z
9e79da26-e0f6-4c63-867e-4053faf72d7a,user8,ddfc2048-daf9-49cb-9696-05b30def1f27,4,0,7,ACERTO_VENCEDOR,2026-06-17T00:40:47.775Z
b6db2f8e-05d2-4fd8-a330-93391e97614c,user8,b4ffb117-3d07-4b91-a534-fd3cd301d562,3,1,10,ACERTO_PLACAR,2026-06-17T00:42:15.234Z
a1b370df-9bf6-4227-a311-2d37bf092773,user8,4cc59670-bc10-44eb-980e-e6fa1b392d39,5,1,0,ERRO,2026-06-17T01:29:47.797Z
b762a80c-4935-47af-b2fe-7900ca8216bb,user8,2cc8c024-882c-49d3-b42b-0b34d51e4c31,2,1,5,ACERTO_VENCEDOR,2026-06-17T01:30:16.044Z
307dfb31-31d6-4057-a0fd-9232425e6477,user117,a48358d6-b4c7-4f09-a00a-cb630819f8ef,0,2,7,ACERTO_VENCEDOR,2026-06-17T03:04:02.671Z
b9141a41-b541-49ec-bf55-01da0ea68d74,user117,b4ffb117-3d07-4b91-a534-fd3cd301d562,2,0,7,ACERTO_VENCEDOR,2026-06-17T03:04:02.939Z
7ade4280-720f-4901-a05a-b4ce8e56bb7c,user117,4cc59670-bc10-44eb-980e-e6fa1b392d39,4,0,0,ERRO,2026-06-17T03:04:03.201Z
7b167cfa-5d49-4fc8-b560-05587ec4a0a9,user117,f243892f-ff42-414e-85d3-fdb50c697b05,2,0,7,ACERTO_VENCEDOR,2026-06-17T03:04:03.465Z
284129a6-d3bb-40cb-af79-873d45e12485,user117,0171de6d-3aef-41c9-91bb-50e967bc9383,1,4,7,ACERTO_VENCEDOR,2026-06-17T03:04:03.729Z
d7334b7d-51a0-4a3b-a931-c3baa354a1c1,user117,6e8dfaca-52e0-489c-8f8d-bad25889f8aa,4,0,7,ACERTO_VENCEDOR,2026-06-17T03:04:03.992Z
5d343537-505e-4347-bca1-b743cbcbb35c,user117,49c174b7-c464-4916-be8e-c9adf5489d61,3,0,7,ACERTO_VENCEDOR,2026-06-17T03:04:04.256Z
7b015e3e-e4fa-4baa-be6c-bea619f3758e,user117,d31fa12d-65f6-416b-b7dc-210c0aeff4bf,1,1,10,ACERTO_PLACAR,2026-06-17T03:04:04.520Z
2e7be8a4-1971-4483-b44c-44c8eec3501d,user117,e00087f2-d8fb-4a87-b368-e30a37ec8e44,0,1,0,ERRO,2026-06-17T03:04:04.784Z
b15f5525-21b5-462d-942e-a1be373e8083,user117,2cc8c024-882c-49d3-b42b-0b34d51e4c31,1,1,0,ERRO,2026-06-17T03:04:05.047Z
fbadff44-1763-4fd3-94a5-da91bfe8c17c,user117,bfc8b7bc-2dcc-42ce-9123-6d1fd3c45a9d,2,1,7,ACERTO_VENCEDOR,2026-06-17T03:04:05.311Z
c34f535d-c997-44fd-b582-57eba777341c,user117,ff24403a-019f-43e2-88b1-40157d97890a,2,1,7,ACERTO_VENCEDOR,2026-06-17T03:04:05.573Z
74e9ebbc-e516-4a92-94e1-64728b013e18,user5,b4ffb117-3d07-4b91-a534-fd3cd301d562,2,0,7,ACERTO_VENCEDOR,2026-06-17T03:08:18.371Z
fa6085be-7727-4b0d-b49e-3b43d04ad61e,user5,4cc59670-bc10-44eb-980e-e6fa1b392d39,3,1,0,ERRO,2026-06-17T03:08:25.795Z
21cb6e88-9ff7-4fa8-afda-6264e0a83810,user5,2cc8c024-882c-49d3-b42b-0b34d51e4c31,0,0,0,ERRO,2026-06-17T03:08:50.835Z
bc7242dd-7fc7-49e5-9eac-ece943fa5e2e,user76,b4ffb117-3d07-4b91-a534-fd3cd301d562,2,0,7,ACERTO_VENCEDOR,2026-06-17T03:15:20.111Z
2a762f06-af7b-46b3-a400-d91f867ddaa9,user76,4cc59670-bc10-44eb-980e-e6fa1b392d39,4,0,0,ERRO,2026-06-17T03:15:35.189Z
79f537df-f335-47d7-aa62-a7f28a925b67,user76,2cc8c024-882c-49d3-b42b-0b34d51e4c31,2,2,0,ERRO,2026-06-17T03:15:51.012Z
deca25f2-aa38-4322-83e9-2690139754cf,user4,b4ffb117-3d07-4b91-a534-fd3cd301d562,2,2,0,ERRO,2026-06-17T03:26:10.232Z
7386396d-bb8e-4fdc-992d-59349af0d736,user76,ff24403a-019f-43e2-88b1-40157d97890a,1,1,0,ERRO,2026-06-17T03:27:34.977Z
3a85ed05-e342-4edc-975f-1f1308b7dba2,user76,0171de6d-3aef-41c9-91bb-50e967bc9383,0,1,5,ACERTO_VENCEDOR,2026-06-17T03:27:43.316Z
ba3c627f-d00e-44cc-a333-640d4ed1c6bc,user76,d31fa12d-65f6-416b-b7dc-210c0aeff4bf,2,0,0,ERRO,2026-06-17T03:36:03.261Z
98793e8a-4c77-4307-b5ad-c667806ab82a,user76,e00087f2-d8fb-4a87-b368-e30a37ec8e44,1,0,5,ACERTO_VENCEDOR,2026-06-17T03:36:09.820Z
19081700-447a-43d4-a294-b02dea867c89,user76,f243892f-ff42-414e-85d3-fdb50c697b05,2,0,7,ACERTO_VENCEDOR,2026-06-17T03:36:28.864Z
2967e6ff-b837-4103-9152-a4f6eb98c098,user8,0171de6d-3aef-41c9-91bb-50e967bc9383,0,2,7,ACERTO_VENCEDOR,2026-06-17T03:53:05.174Z
884011c1-aeed-43ec-a2dc-3410bf2f2982,user8,ff24403a-019f-43e2-88b1-40157d97890a,3,0,7,ACERTO_VENCEDOR,2026-06-17T03:53:09.859Z
ce7a446e-2205-4b7a-9c2e-50df91906674,user16,4cc59670-bc10-44eb-980e-e6fa1b392d39,3,0,0,ERRO,2026-06-17T04:00:55.436Z
70747ffa-fbfd-4ee8-a174-89f2ddca7f82,user16,2cc8c024-882c-49d3-b42b-0b34d51e4c31,1,1,0,ERRO,2026-06-17T04:01:05.651Z
305b6dca-f08c-4938-984e-d33cded8580d,user16,ff24403a-019f-43e2-88b1-40157d97890a,2,1,7,ACERTO_VENCEDOR,2026-06-17T04:02:38.143Z
92d86beb-fc35-4d50-9d18-26d358316675,user16,0171de6d-3aef-41c9-91bb-50e967bc9383,1,3,10,ACERTO_PLACAR,2026-06-17T04:02:45.889Z
53cd0a32-cacd-41ce-9553-c8c58dc346e3,user16,d31fa12d-65f6-416b-b7dc-210c0aeff4bf,1,0,0,ERRO,2026-06-17T04:03:02.125Z
9f6b2f7c-ecc7-4843-bb4c-d4349a14678e,user16,e00087f2-d8fb-4a87-b368-e30a37ec8e44,2,1,7,ACERTO_VENCEDOR,2026-06-17T04:03:13.627Z
b06cd24e-c7d5-44d1-898c-24862e19fc9b,user16,f243892f-ff42-414e-85d3-fdb50c697b05,1,1,0,ERRO,2026-06-17T04:04:24.350Z
6379d270-d79d-41cf-b198-226ac53b599d,user16,bfc8b7bc-2dcc-42ce-9123-6d1fd3c45a9d,3,2,7,ACERTO_VENCEDOR,2026-06-17T04:04:32.179Z
e402f7f9-bce3-4ddc-9f07-98bfba4cd0f9,user16,49c174b7-c464-4916-be8e-c9adf5489d61,3,1,7,ACERTO_VENCEDOR,2026-06-17T04:04:44.173Z
3995487f-4f99-4086-a037-dcdb3b4b33fe,user16,6e8dfaca-52e0-489c-8f8d-bad25889f8aa,4,0,7,ACERTO_VENCEDOR,2026-06-17T04:04:58.150Z
5fc45d6f-9945-497c-ad75-9c3a16c7c7cf,user16,a48358d6-b4c7-4f09-a00a-cb630819f8ef,0,3,7,ACERTO_VENCEDOR,2026-06-17T04:05:15.816Z
f4308c03-f1b7-4149-bcef-7ae29dc412b3,user16,9a7c71dd-6726-4631-8f78-e5deb9fef73c,1,1,0,ERRO,2026-06-17T04:05:41.854Z
f7719998-9bb6-4b67-8e2b-d0c28dfc5a79,user19,4cc59670-bc10-44eb-980e-e6fa1b392d39,2,1,0,ERRO,2026-06-17T04:28:16.717Z
8f29046f-c39b-4f4a-9f7b-d5832aae6956,user19,6e8dfaca-52e0-489c-8f8d-bad25889f8aa,4,1,7,ACERTO_VENCEDOR,2026-06-17T04:28:28.771Z
1a07759d-bd30-43d4-999a-41dcbd4757ac,user13,4cc59670-bc10-44eb-980e-e6fa1b392d39,3,1,0,ERRO,2026-06-17T06:42:03.525Z
0b0489aa-6706-49be-b67b-fe16b4553533,user13,2cc8c024-882c-49d3-b42b-0b34d51e4c31,3,2,7,ACERTO_VENCEDOR,2026-06-17T06:42:18.848Z
1ac2090b-383f-4f96-a66e-6039389fa06b,user13,ff24403a-019f-43e2-88b1-40157d97890a,2,2,0,ERRO,2026-06-17T06:42:33.206Z
cca16582-d132-4428-a3b5-79b50815b816,user13,0171de6d-3aef-41c9-91bb-50e967bc9383,0,3,7,ACERTO_VENCEDOR,2026-06-17T06:42:39.741Z
1c6ababd-5488-41c3-a896-bfed074edef9,user91,609c6c86-9a27-4c77-8f72-b0fa878924a9,2,1,7,ACERTO_VENCEDOR,2026-06-17T10:00:55.986Z
1d088f25-9772-4653-abfb-fddae9cd439e,user91,e322a9b7-1a86-4fef-8d1e-276b8e2d438d,3,0,10,ACERTO_PLACAR,2026-06-17T10:01:06.449Z
8c6d3e22-6ff1-40ec-8673-675a717e8a3b,user91,6488ec1b-cd97-409f-83ce-24befb4852be,2,0,5,ACERTO_VENCEDOR,2026-06-17T10:01:16.824Z
670a621c-01b0-42c0-9529-1f3359addac5,user91,c1710c13-a884-47db-b770-4d0d7cf4b0f5,0,1,7,ACERTO_VENCEDOR,2026-06-17T10:01:38.439Z
71d46538-c15a-4e5f-bed3-91f7bfccefce,user119,f243892f-ff42-414e-85d3-fdb50c697b05,1,1,0,ERRO,2026-06-17T12:14:52.828Z
58014d22-a669-4fd0-bd47-94ac1a0c6942,user119,2cc8c024-882c-49d3-b42b-0b34d51e4c31,1,2,0,ERRO,2026-06-17T12:14:53.083Z
7a042369-2cbe-4867-98e5-af5bcfdaf8dc,user119,e00087f2-d8fb-4a87-b368-e30a37ec8e44,3,1,7,ACERTO_VENCEDOR,2026-06-17T12:14:53.338Z
1335495b-5a3f-47ab-bc7e-7f30308428c4,user119,ff24403a-019f-43e2-88b1-40157d97890a,1,0,10,ACERTO_PLACAR,2026-06-17T12:14:53.595Z
c1f18122-9b34-4589-99c0-9fe3b1501c52,user119,4cc59670-bc10-44eb-980e-e6fa1b392d39,2,0,0,ERRO,2026-06-17T12:14:53.851Z
fc6c1b98-1bd9-4816-92b9-10ea4a261c1c,user119,d31fa12d-65f6-416b-b7dc-210c0aeff4bf,1,3,0,ERRO,2026-06-17T12:14:54.106Z
f8cf28fd-3b38-404a-803a-9ebc872e6c77,user119,0171de6d-3aef-41c9-91bb-50e967bc9383,0,2,7,ACERTO_VENCEDOR,2026-06-17T12:14:54.361Z
474cc3bc-4749-4abf-b111-6cb1671dd19b,user120,4cc59670-bc10-44eb-980e-e6fa1b392d39,3,0,0,ERRO,2026-06-17T12:41:28.863Z
cd057c1d-a8c8-4484-879f-52b8308010d0,user120,2cc8c024-882c-49d3-b42b-0b34d51e4c31,2,2,0,ERRO,2026-06-17T12:41:37.203Z
b2a88944-10f0-4468-acc6-49d03b2231e5,user5,ff24403a-019f-43e2-88b1-40157d97890a,1,1,0,ERRO,2026-06-17T13:45:46.265Z
cc75071c-0037-403a-b42b-b6d4dfea5e76,user5,0171de6d-3aef-41c9-91bb-50e967bc9383,0,3,7,ACERTO_VENCEDOR,2026-06-17T13:45:53.198Z
2b2f07a1-b044-43db-8dcd-c4d1306ce968,user4,4cc59670-bc10-44eb-980e-e6fa1b392d39,2,0,0,ERRO,2026-06-17T14:15:30.537Z
98570692-fdba-416f-ad27-9df54cc19f8b,user4,2cc8c024-882c-49d3-b42b-0b34d51e4c31,2,1,5,ACERTO_VENCEDOR,2026-06-17T14:15:48.547Z
823639b4-163f-4ee8-806d-959bca349ca9,user4,ff24403a-019f-43e2-88b1-40157d97890a,0,1,0,ERRO,2026-06-17T14:16:00.591Z
ab277a63-c7de-4d98-a73b-dcebddb15c5f,user4,0171de6d-3aef-41c9-91bb-50e967bc9383,0,3,7,ACERTO_VENCEDOR,2026-06-17T14:16:14.348Z
9e035c6f-d4b5-4c28-ac83-7f8840b58722,user99,4cc59670-bc10-44eb-980e-e6fa1b392d39,2,1,0,ERRO,2026-06-17T14:45:12.406Z
59390bb1-f893-40b8-9d86-ef0186b01894,user99,2cc8c024-882c-49d3-b42b-0b34d51e4c31,2,2,0,ERRO,2026-06-17T14:45:33.928Z
6d3d20e0-9ae2-4f82-b115-e1aaa9cc9950,user99,ff24403a-019f-43e2-88b1-40157d97890a,2,0,7,ACERTO_VENCEDOR,2026-06-17T14:45:45.899Z
c46f2ba5-10d9-45eb-813b-0673f8a2cef4,user99,0171de6d-3aef-41c9-91bb-50e967bc9383,1,2,7,ACERTO_VENCEDOR,2026-06-17T14:45:59.840Z
af26b787-b0d2-464c-b7f9-aebb3924ab10,user99,d31fa12d-65f6-416b-b7dc-210c0aeff4bf,1,0,0,ERRO,2026-06-17T14:46:12.027Z
1feba86b-b793-4b86-a401-8a5e1b694dc2,user99,e00087f2-d8fb-4a87-b368-e30a37ec8e44,2,0,5,ACERTO_VENCEDOR,2026-06-17T14:46:17.035Z
2e52d56d-f101-4f0d-ac3e-b75eb8872731,user99,f243892f-ff42-414e-85d3-fdb50c697b05,1,0,7,ACERTO_VENCEDOR,2026-06-17T14:46:22.768Z
ec6e2751-329e-4717-bac5-7cada22d11aa,user99,bfc8b7bc-2dcc-42ce-9123-6d1fd3c45a9d,0,2,0,ERRO,2026-06-17T14:46:28.486Z
fa0a94c9-b45a-49e0-9f53-2d44f78407b4,user99,49c174b7-c464-4916-be8e-c9adf5489d61,2,2,0,ERRO,2026-06-17T14:46:42.405Z
d560cf55-5026-4e47-a0b5-5d898a2cf17c,user99,a48358d6-b4c7-4f09-a00a-cb630819f8ef,1,2,7,ACERTO_VENCEDOR,2026-06-17T14:46:48.431Z
9cad873a-4c61-407f-9143-93ef10343563,user99,6e8dfaca-52e0-489c-8f8d-bad25889f8aa,3,0,10,ACERTO_PLACAR,2026-06-17T14:46:53.420Z
8b280351-54e0-4aa5-97c6-3f4bdb78d4b1,user99,9a7c71dd-6726-4631-8f78-e5deb9fef73c,3,2,0,ERRO,2026-06-17T14:47:09.713Z
9b623499-da78-4709-a8ef-fe15a99b4800,user46,4cc59670-bc10-44eb-980e-e6fa1b392d39,2,0,0,ERRO,2026-06-17T14:49:11.540Z
1229e8d2-6cdd-466f-9f97-aff82ffdb120,user46,2cc8c024-882c-49d3-b42b-0b34d51e4c31,1,0,5,ACERTO_VENCEDOR,2026-06-17T14:49:36.404Z
e3b1fa82-a166-4d64-9759-9710814fa192,user46,ff24403a-019f-43e2-88b1-40157d97890a,1,1,0,ERRO,2026-06-17T14:49:51.766Z
1f04e692-e7d6-4835-93ca-afe59e0c9116,user46,0171de6d-3aef-41c9-91bb-50e967bc9383,1,3,10,ACERTO_PLACAR,2026-06-17T14:50:09.304Z
230ff6de-bc1e-49aa-871c-2a9041f94229,user9,2cc8c024-882c-49d3-b42b-0b34d51e4c31,2,2,0,ERRO,2026-06-17T14:55:13.480Z
c716aa27-cbb1-452f-8c70-8eee5d34bb78,user9,4cc59670-bc10-44eb-980e-e6fa1b392d39,3,0,0,ERRO,2026-06-17T14:55:13.743Z
22d5b9a1-4769-4cde-b267-8a08ffe2a014,user9,ff24403a-019f-43e2-88b1-40157d97890a,1,1,0,ERRO,2026-06-17T14:55:14.006Z
a0f1f0ff-eadd-4f2f-9faf-91d37d82cbac,user9,0171de6d-3aef-41c9-91bb-50e967bc9383,0,3,7,ACERTO_VENCEDOR,2026-06-17T14:55:14.269Z
63cfa141-c890-41e8-a986-44044d31f5f7,user113,4cc59670-bc10-44eb-980e-e6fa1b392d39,2,0,0,ERRO,2026-06-17T15:41:09.865Z
79810d7b-ab95-4748-bede-807022cc0f57,user113,2cc8c024-882c-49d3-b42b-0b34d51e4c31,1,1,0,ERRO,2026-06-17T15:41:19.801Z
ef7c482b-ad72-43bf-a48f-0594fa864979,user113,ff24403a-019f-43e2-88b1-40157d97890a,1,3,0,ERRO,2026-06-17T15:41:31.391Z
be9a4b74-b2a5-4be4-b3bf-ca36f7a89253,user113,0171de6d-3aef-41c9-91bb-50e967bc9383,0,0,0,ERRO,2026-06-17T15:41:38.885Z
c33cd119-6f33-423c-be47-d8cd3aad9c51,user121,6e8dfaca-52e0-489c-8f8d-bad25889f8aa,2,0,7,ACERTO_VENCEDOR,2026-06-17T16:06:49.255Z
06389f3f-3119-4201-968f-a4b2948c51fa,user121,0171de6d-3aef-41c9-91bb-50e967bc9383,0,2,7,ACERTO_VENCEDOR,2026-06-17T16:06:51.149Z
2e63ac64-4d6f-49c2-ba3f-dd79a2d27bc2,user121,ec9a9043-f83e-497e-907c-f0d58a78695a,2,0,7,ACERTO_VENCEDOR,2026-06-17T16:06:52.229Z
4be87137-fcb2-451e-a6e0-e0e809c8a47b,user121,4cc59670-bc10-44eb-980e-e6fa1b392d39,3,0,0,ERRO,2026-06-17T16:06:53.043Z
70fb1ae6-02a7-4808-b147-02234a9b0a40,user121,1be19345-5d2c-4123-a169-46cadcbc7ff2,2,0,0,ERRO,2026-06-17T16:06:53.853Z
a1bc4b1e-668f-4374-a848-58d335654b07,user121,ca17b700-6fcf-4698-a628-770228b859bf,1,1,0,ERRO,2026-06-17T16:06:54.664Z
3241d566-e8e8-421c-8d4b-6b8f742a35a3,user121,a5897071-fca1-470c-b1f4-50ff34a5ff80,0,2,7,ACERTO_VENCEDOR,2026-06-17T16:06:55.477Z
63cfc24f-3af5-49ea-8342-e4546c9eea1d,user121,e00087f2-d8fb-4a87-b368-e30a37ec8e44,2,1,7,ACERTO_VENCEDOR,2026-06-17T16:06:56.286Z
6a7e4f36-6c1f-4dc5-ae6c-e423f9b7a2dc,user121,f3d0c2c2-ce6a-47a7-8a8d-9268cc90bb61,2,1,10,ACERTO_PLACAR,2026-06-17T16:06:57.148Z
df04f802-9988-44d5-be2a-25e2aab8c69b,user121,702d0496-83e0-461d-82e9-e335698fca9e,0,3,10,ACERTO_PLACAR,2026-06-17T16:06:57.960Z
d9e91419-44a1-449b-b7d1-e07ad839e10f,user121,9ebfdd3b-789a-4e3a-a2b6-d7c31237e3d1,1,2,0,ERRO,2026-06-17T16:06:58.775Z
8c93266e-9647-426c-b278-b845dc4986c0,user121,6a824c8c-e1be-4339-acc3-3279deec17ad,2,0,7,ACERTO_VENCEDOR,2026-06-17T16:07:00.133Z
8c278eb2-3749-48e6-82c7-22341126151e,user121,32e1259a-ec96-4e5b-8063-b0c1c3d87553,0,3,0,ERRO,2026-06-17T16:07:00.402Z
708c10ed-2bec-4476-ad58-57dc40691296,user121,d31fa12d-65f6-416b-b7dc-210c0aeff4bf,0,1,0,ERRO,2026-06-17T16:07:02.026Z
1fddc5b7-dae4-4fe2-b689-05c7756ddcf7,user121,49c174b7-c464-4916-be8e-c9adf5489d61,0,2,0,ERRO,2026-06-17T16:19:21.033Z
e3473464-2818-4b24-b7a7-e2a889bf120e,user121,9a7c71dd-6726-4631-8f78-e5deb9fef73c,1,2,7,ACERTO_VENCEDOR,2026-06-17T16:19:22.727Z
12f9cafe-9649-4bb9-9a35-8ea4744acb13,user121,bfc8b7bc-2dcc-42ce-9123-6d1fd3c45a9d,2,1,7,ACERTO_VENCEDOR,2026-06-17T16:19:23.010Z
8d884a88-95a2-4bc0-a0bc-2202d8235e9e,user121,a48358d6-b4c7-4f09-a00a-cb630819f8ef,1,2,7,ACERTO_VENCEDOR,2026-06-17T16:19:23.292Z
732f05a5-cb6e-441b-b6c2-551400490740,user121,f243892f-ff42-414e-85d3-fdb50c697b05,2,1,5,ACERTO_VENCEDOR,2026-06-17T16:19:23.575Z
b78fdfb7-d4e5-4496-9943-0fe6c96f24ed,user121,2cc8c024-882c-49d3-b42b-0b34d51e4c31,1,2,0,ERRO,2026-06-17T16:19:23.857Z
53017b3c-4f80-4ceb-9977-9a73e85bd570,user121,1a3c502f-3218-4da5-bba5-6fe2da01734d,2,1,7,ACERTO_VENCEDOR,2026-06-17T16:19:24.141Z
e1871323-db83-4f62-bf08-5d83ac0eb35e,user121,e322a9b7-1a86-4fef-8d1e-276b8e2d438d,3,0,10,ACERTO_PLACAR,2026-06-17T16:19:25.054Z
d700e50d-a318-49fd-bf6b-4d1e68529494,user121,6488ec1b-cd97-409f-83ce-24befb4852be,2,0,5,ACERTO_VENCEDOR,2026-06-17T16:19:25.619Z
11188e5d-cf79-4bb1-b7bc-8d61f7e7125f,user121,c5771b35-3695-40b7-a63f-1be736f9d685,2,0,0,ERRO,2026-06-17T16:19:26.470Z
68c55d43-826f-4740-bd1c-96fa7265dde4,user121,e3dca7c9-b2cc-4ad4-b02c-602ad4e61091,1,2,0,ERRO,2026-06-17T16:19:28.169Z
30eab100-1f52-4db1-9b4f-902a2d7df981,user121,ff24403a-019f-43e2-88b1-40157d97890a,1,2,0,ERRO,2026-06-17T16:19:28.452Z
175f717f-f080-4f7b-ace8-eb99da4d87a7,user121,472a5e85-7239-4f32-ab73-fd7e96b99666,3,0,5,ACERTO_VENCEDOR,2026-06-17T16:19:29.017Z
7f1f52b1-b122-42a6-a3bd-efd39a25257e,user119,bfc8b7bc-2dcc-42ce-9123-6d1fd3c45a9d,2,0,7,ACERTO_VENCEDOR,2026-06-17T16:19:41.540Z
06672c11-790c-4274-bdf0-d35a017cf8a2,user119,a48358d6-b4c7-4f09-a00a-cb630819f8ef,1,3,5,ACERTO_VENCEDOR,2026-06-17T16:19:41.824Z
e50d5619-e5aa-4461-8633-a215de663d68,user119,49c174b7-c464-4916-be8e-c9adf5489d61,2,1,7,ACERTO_VENCEDOR,2026-06-17T16:19:43.030Z
82890a27-1caa-4c9f-b416-ff7a4b9c4e29,user119,6e8dfaca-52e0-489c-8f8d-bad25889f8aa,2,1,5,ACERTO_VENCEDOR,2026-06-17T16:19:43.266Z
030f24d6-61e3-41d2-bf2f-a1da8f9a3243,user121,044a487b-ee61-4547-b15b-84630aae8b47,1,2,7,ACERTO_VENCEDOR,2026-06-17T16:20:15.946Z
a442f4bb-9593-4302-9d13-81869e70dab5,user121,509c27bb-9832-4145-8630-c309ac6b50cb,1,0,5,ACERTO_VENCEDOR,2026-06-17T16:20:16.189Z
6e22c742-17a9-4783-8b84-883eb4b16bda,user121,d048e70a-4271-483f-828e-5b0f3a2c32a2,1,3,0,ERRO,2026-06-17T16:20:16.428Z
0ea19e60-1e88-416d-88a9-ab6bab30aa3c,user121,b59a5f79-d8a9-4ad4-a99e-643e36491858,0,3,7,ACERTO_VENCEDOR,2026-06-17T16:20:16.668Z
3c05a0ba-a9d7-4197-9f39-dd46fce5c178,user121,5e870695-b61c-467b-91db-d4361d873104,0,1,0,ERRO,2026-06-17T16:20:16.908Z
6ba629ed-edc0-4ade-ac79-352820c53afb,user121,d83a4eb5-112c-4d4e-895b-737f0085d5dc,2,1,0,ERRO,2026-06-17T16:23:54.788Z
9bb047a5-61c8-47ab-9f57-5b2dd79c8a7a,user121,360b9169-fffe-42c2-a352-481e999c5c10,2,0,0,ERRO,2026-06-17T16:23:55.261Z
50530833-62de-4fd2-b8bc-0c984e04eaf9,user121,8e4c2b7f-aab6-4c6d-b181-7a637a728533,1,0,7,ACERTO_VENCEDOR,2026-06-17T16:23:55.735Z
4112d3d1-3b41-42e6-8335-22c4eed8bfab,user121,e5959d04-83c8-4037-81fc-1133f95064c2,1,2,0,ERRO,2026-06-17T16:23:55.972Z
3d7c192b-1c25-46da-b076-20eeda5d70f9,user121,af891675-71a4-4e36-9820-710f18ef9e27,2,1,10,ACERTO_PLACAR,2026-06-17T16:23:56.210Z
21b7a517-90ef-462e-84d7-f926815f4663,user121,276fc045-6d8a-40af-ba22-7e5c4b51e177,1,3,7,ACERTO_VENCEDOR,2026-06-17T16:23:56.446Z
77afd14d-13c8-43be-ba09-5c6dcf622d02,user121,d7a304b0-482e-46d8-b50b-d250885daf98,1,2,7,ACERTO_VENCEDOR,2026-06-17T16:23:57.405Z
3d69ddd4-06ac-49d3-997d-ccbceea87387,user121,c6a97697-806b-45f8-8deb-24669a074940,1,2,7,ACERTO_VENCEDOR,2026-06-17T16:23:58.352Z
66576aae-dfcb-4124-a188-758c6be0d96a,user121,c7b8c1b3-52ad-4bef-81d9-1969853ba187,2,1,0,ERRO,2026-06-17T16:25:34.427Z
9bd66264-a53b-4742-883e-c1d487a7ca99,user121,4e538c8b-876c-4009-849a-761125544175,0,1,0,ERRO,2026-06-17T16:25:34.711Z
c7dcf924-2f77-4f31-bfea-a814ced4e017,user121,908bbff6-9327-41c0-995f-29581a5f84ab,0,1,5,ACERTO_VENCEDOR,2026-06-17T16:25:39.132Z
fca4fe58-5be0-4c62-b1ef-f98be172999a,user121,a8f50583-b1af-425d-836c-64944df6c668,0,1,0,ERRO,2026-06-17T16:25:40.267Z
b91509ef-893d-4eef-bb14-62ab37d788bd,user121,e4d4af35-c9e0-4d1b-89b7-e72893e5642d,1,0,5,ACERTO_VENCEDOR,2026-06-17T16:25:40.551Z
ac199a1d-fb01-4ab1-8046-6646be90709f,user121,9bf43d45-0c13-438c-bd7a-6092b4aef4d2,1,0,0,ERRO,2026-06-17T16:25:40.836Z
d923d435-fb74-49c8-a0a4-7cad47107228,user121,94ee8b2b-59f5-4cb6-9039-a8ddbfb45a43,1,2,5,ACERTO_VENCEDOR,2026-06-17T16:25:41.119Z
edadbe0c-874a-4843-bfcf-5bf228532b54,user121,609c6c86-9a27-4c77-8f72-b0fa878924a9,3,0,7,ACERTO_VENCEDOR,2026-06-17T16:25:41.405Z
f77de33d-5ef8-49ee-b3f0-5bd130ea861a,user121,6990d81d-87d8-41b1-aea5-b6fbcfafcf7b,2,0,7,ACERTO_VENCEDOR,2026-06-17T16:25:41.689Z
c4a3ffb6-110e-4f44-8c25-4c49752a8589,user121,6038b570-f0a1-4247-9752-82e48da6649f,1,0,10,ACERTO_PLACAR,2026-06-17T16:25:42.830Z
6d8641f0-863d-460b-856c-6c8024ed0b3d,user121,52a29ff1-0db3-48b4-921f-1aa0f8940766,0,1,7,ACERTO_VENCEDOR,2026-06-17T16:25:43.115Z
f7c5e8bf-b708-499e-bd29-a963c4c31034,user121,c1710c13-a884-47db-b770-4d0d7cf4b0f5,0,1,7,ACERTO_VENCEDOR,2026-06-17T16:25:43.398Z
0aa4d5ae-c917-4caf-b82f-fc1bfd772228,user54,4cc59670-bc10-44eb-980e-e6fa1b392d39,2,1,0,ERRO,2026-06-17T16:44:40.659Z
828a6fe9-d373-427d-9de8-ec5154be217a,user54,2cc8c024-882c-49d3-b42b-0b34d51e4c31,2,2,0,ERRO,2026-06-17T16:44:47.963Z
d15d4bd0-6c8b-4666-be81-685946bb770b,user54,ff24403a-019f-43e2-88b1-40157d97890a,1,1,0,ERRO,2026-06-17T16:44:56.612Z
41cf86a9-4da1-4ff8-a39e-9fddae5dc8e4,user54,0171de6d-3aef-41c9-91bb-50e967bc9383,1,2,7,ACERTO_VENCEDOR,2026-06-17T16:45:03.311Z
217fe6b5-b9b7-4ac3-a2bc-660a66b91701,user40,ff24403a-019f-43e2-88b1-40157d97890a,3,0,7,ACERTO_VENCEDOR,2026-06-17T17:12:32.872Z
88c2929f-d39d-41ee-a473-c045668032f9,user40,0171de6d-3aef-41c9-91bb-50e967bc9383,0,4,5,ACERTO_VENCEDOR,2026-06-17T17:12:50.401Z
7c3ac0c0-a1e8-406a-b700-95fa1a1dbe09,user43,ff24403a-019f-43e2-88b1-40157d97890a,2,1,7,ACERTO_VENCEDOR,2026-06-17T19:53:57.157Z
a08b44d7-c04b-4a12-91fa-f79f60f0d62a,user43,0171de6d-3aef-41c9-91bb-50e967bc9383,1,5,7,ACERTO_VENCEDOR,2026-06-17T19:54:01.847Z
df9e44f9-4926-4856-8165-af1ea2aee562,user123,e00087f2-d8fb-4a87-b368-e30a37ec8e44,2,0,5,ACERTO_VENCEDOR,2026-06-17T20:19:35.045Z
bb312bd3-d1f5-4f37-9a6a-42822c062110,user123,bfc8b7bc-2dcc-42ce-9123-6d1fd3c45a9d,2,0,7,ACERTO_VENCEDOR,2026-06-17T20:19:35.596Z
06679e3e-2743-40d4-a02f-8cbfdf601935,user123,d31fa12d-65f6-416b-b7dc-210c0aeff4bf,1,1,10,ACERTO_PLACAR,2026-06-17T20:19:35.871Z
1f777c3d-c888-4c15-86f7-9f69a0c5e424,user123,ff24403a-019f-43e2-88b1-40157d97890a,2,0,7,ACERTO_VENCEDOR,2026-06-17T20:19:36.151Z
27b33e20-60ff-4330-8367-9ae47081ade5,user123,49c174b7-c464-4916-be8e-c9adf5489d61,1,0,7,ACERTO_VENCEDOR,2026-06-17T20:19:36.425Z
709ec758-74ae-4d43-8ec6-070192525c31,user123,a48358d6-b4c7-4f09-a00a-cb630819f8ef,0,1,10,ACERTO_PLACAR,2026-06-17T20:19:36.701Z
9b99e41a-5b92-434c-a725-45b9847b7f0c,user123,f243892f-ff42-414e-85d3-fdb50c697b05,1,1,0,ERRO,2026-06-17T20:19:36.976Z
ebfa9ea6-95fa-4a96-a64a-ab7f979dcaad,user123,0171de6d-3aef-41c9-91bb-50e967bc9383,0,1,5,ACERTO_VENCEDOR,2026-06-17T20:19:38.085Z
abe1a817-845c-4d12-bb32-e62cdb3e1bb3,user124,ff24403a-019f-43e2-88b1-40157d97890a,1,1,0,ERRO,2026-06-17T20:23:03.904Z
feba2dc7-f39b-42b7-b3e5-ef2b436661f5,user124,0171de6d-3aef-41c9-91bb-50e967bc9383,0,2,7,ACERTO_VENCEDOR,2026-06-17T20:23:18.161Z
961f73dc-1b9e-470a-a33d-2c4d36696dff,user124,d31fa12d-65f6-416b-b7dc-210c0aeff4bf,1,1,10,ACERTO_PLACAR,2026-06-17T20:23:43.614Z
78bbcd30-a571-4121-98d5-5004447194b9,user124,e00087f2-d8fb-4a87-b368-e30a37ec8e44,3,1,7,ACERTO_VENCEDOR,2026-06-17T20:23:52.892Z
b7c626b9-e6ad-4aa3-81e4-823ed66d4a87,user124,f243892f-ff42-414e-85d3-fdb50c697b05,1,1,0,ERRO,2026-06-17T20:24:02.457Z
fe1231f9-dfe6-4185-a768-561d63b301d1,user124,bfc8b7bc-2dcc-42ce-9123-6d1fd3c45a9d,3,2,7,ACERTO_VENCEDOR,2026-06-17T20:24:16.107Z
e89e4977-67b8-4dd1-a247-6484cdc3cbdf,user124,49c174b7-c464-4916-be8e-c9adf5489d61,1,2,0,ERRO,2026-06-17T20:24:27.378Z
3fed4ef1-cd34-4ba5-9539-a370882fe896,user124,a48358d6-b4c7-4f09-a00a-cb630819f8ef,2,0,0,ERRO,2026-06-17T20:24:45.157Z
3d872215-dab5-4987-98fa-59fb6a544341,user124,6e8dfaca-52e0-489c-8f8d-bad25889f8aa,4,0,7,ACERTO_VENCEDOR,2026-06-17T20:24:54.127Z
0ec9a582-6db5-41d8-8fb4-edeab43f8495,user124,9a7c71dd-6726-4631-8f78-e5deb9fef73c,0,2,7,ACERTO_VENCEDOR,2026-06-17T20:25:06.694Z
98978710-cf9a-45a8-9453-587e322a2b78,user124,1a3c502f-3218-4da5-bba5-6fe2da01734d,2,2,0,ERRO,2026-06-17T20:25:16.762Z
19186116-8582-4a93-aa4f-26dbd6a88e19,user124,472a5e85-7239-4f32-ab73-fd7e96b99666,5,1,7,ACERTO_VENCEDOR,2026-06-17T20:25:28.696Z
b73dfcae-67c2-43e6-aab8-1c88fc703828,user124,a8f50583-b1af-425d-836c-64944df6c668,2,2,7,ACERTO_VENCEDOR,2026-06-17T20:25:45.278Z
9015c4e0-8548-4281-8759-9d939238cd01,user124,94ee8b2b-59f5-4cb6-9039-a8ddbfb45a43,0,0,0,ERRO,2026-06-17T20:26:02.875Z
89c0568a-c363-497b-b109-400ed384a253,user124,ec9a9043-f83e-497e-907c-f0d58a78695a,3,0,7,ACERTO_VENCEDOR,2026-06-17T20:26:14.616Z
73b37aee-8239-4777-9db8-d5f577a171f0,user124,1be19345-5d2c-4123-a169-46cadcbc7ff2,4,1,0,ERRO,2026-06-17T20:26:29.502Z
7c7f1ad5-47aa-44c5-b803-7394d9cc49d8,user124,e3dca7c9-b2cc-4ad4-b02c-602ad4e61091,2,0,0,ERRO,2026-06-17T20:26:52.452Z
0bf28794-aab1-4e94-a4ea-8593e9fdcc07,user124,ca17b700-6fcf-4698-a628-770228b859bf,2,1,0,ERRO,2026-06-17T20:27:08.011Z
ee521b9d-f8dc-4295-b5c1-a7ecff3ac5a6,user124,609c6c86-9a27-4c77-8f72-b0fa878924a9,1,0,7,ACERTO_VENCEDOR,2026-06-17T20:27:19.073Z
ed11ca3a-b7c2-43a5-aedf-7c8d53a13c45,user125,ff24403a-019f-43e2-88b1-40157d97890a,2,0,7,ACERTO_VENCEDOR,2026-06-17T20:35:05.831Z
88b9110e-d3a6-45eb-9c19-d857a3bb29ab,user125,0171de6d-3aef-41c9-91bb-50e967bc9383,1,3,10,ACERTO_PLACAR,2026-06-17T20:35:35.836Z
4a0b7b01-74e2-4602-8001-aca1238b589a,user125,d31fa12d-65f6-416b-b7dc-210c0aeff4bf,1,1,10,ACERTO_PLACAR,2026-06-17T20:35:45.888Z
54b097e4-6451-45b0-bc90-c5b5afb606bc,user125,e00087f2-d8fb-4a87-b368-e30a37ec8e44,1,0,5,ACERTO_VENCEDOR,2026-06-17T20:35:55.618Z
80d5fbd4-47fe-442e-aa1a-25450e5b0fcf,user125,f243892f-ff42-414e-85d3-fdb50c697b05,1,1,0,ERRO,2026-06-17T20:36:03.015Z
32df863f-0385-4e4e-a4b3-040f95a0eb0f,user125,bfc8b7bc-2dcc-42ce-9123-6d1fd3c45a9d,2,1,7,ACERTO_VENCEDOR,2026-06-17T20:36:11.953Z
45873976-51e3-4c85-9239-92f5ddea042c,user125,49c174b7-c464-4916-be8e-c9adf5489d61,2,2,0,ERRO,2026-06-17T20:36:22.444Z
65651b0c-6d3e-44e6-8182-a1d2b1ffb52c,user125,a48358d6-b4c7-4f09-a00a-cb630819f8ef,1,1,0,ERRO,2026-06-17T20:36:34.828Z
f0ce2a08-890a-4092-ba54-7bd6be04dd68,user125,6e8dfaca-52e0-489c-8f8d-bad25889f8aa,3,0,10,ACERTO_PLACAR,2026-06-17T20:36:49.366Z
7dfefdc2-6e0c-496f-8d37-f8fa8f47b081,user126,ff24403a-019f-43e2-88b1-40157d97890a,2,0,7,ACERTO_VENCEDOR,2026-06-17T20:37:43.219Z
bad41e80-f890-4bf5-933a-25da20d29a98,user126,0171de6d-3aef-41c9-91bb-50e967bc9383,1,2,7,ACERTO_VENCEDOR,2026-06-17T20:37:43.484Z
2dfab2b3-cf2d-4505-a5d2-6d40bb5e670c,user128,ff24403a-019f-43e2-88b1-40157d97890a,2,1,7,ACERTO_VENCEDOR,2026-06-17T21:17:05.665Z
54c3f571-8320-4cc5-ac76-52c37fd1848c,user128,0171de6d-3aef-41c9-91bb-50e967bc9383,0,3,7,ACERTO_VENCEDOR,2026-06-17T21:17:13.703Z
39e13c7d-2fe6-482f-8e57-551ba25ba230,user12,ff24403a-019f-43e2-88b1-40157d97890a,2,1,7,ACERTO_VENCEDOR,2026-06-17T21:54:01.260Z
e7a15045-8b3f-4b34-96ff-225ed2c80c36,user12,0171de6d-3aef-41c9-91bb-50e967bc9383,1,3,10,ACERTO_PLACAR,2026-06-17T21:54:20.505Z
1da3aff7-73f5-4993-ad5b-9a129b608866,user129,ff24403a-019f-43e2-88b1-40157d97890a,3,0,7,ACERTO_VENCEDOR,2026-06-17T22:14:00.479Z
c925e8c9-fdd6-4b0c-a5bd-3456a7a9a397,user129,0171de6d-3aef-41c9-91bb-50e967bc9383,1,4,7,ACERTO_VENCEDOR,2026-06-17T23:13:05.554Z
79a2ce27-5246-4291-ba5c-90a38d1fc488,user129,d31fa12d-65f6-416b-b7dc-210c0aeff4bf,1,0,0,ERRO,2026-06-17T23:13:27.187Z
9304ed62-4a3f-49c1-990a-1165152b86d5,user129,e00087f2-d8fb-4a87-b368-e30a37ec8e44,0,1,0,ERRO,2026-06-17T23:13:35.283Z
13cc3347-3d10-416a-88a9-f4b8680e4116,user129,f243892f-ff42-414e-85d3-fdb50c697b05,1,0,7,ACERTO_VENCEDOR,2026-06-17T23:13:57.823Z
6ade3f96-7bf7-4d84-89d4-ac26f46caff7,user129,bfc8b7bc-2dcc-42ce-9123-6d1fd3c45a9d,2,1,7,ACERTO_VENCEDOR,2026-06-17T23:14:53.617Z
2956daa9-cb7c-4e36-ad86-2fe4efc03122,user75,f243892f-ff42-414e-85d3-fdb50c697b05,0,2,0,ERRO,2026-06-17T23:49:01.698Z
71060834-a942-4f94-9f2e-d1ba45e685b1,user75,49c174b7-c464-4916-be8e-c9adf5489d61,3,0,7,ACERTO_VENCEDOR,2026-06-17T23:49:01.963Z
309fde9e-f401-45e7-ac33-26de1861625f,user75,6e8dfaca-52e0-489c-8f8d-bad25889f8aa,2,1,5,ACERTO_VENCEDOR,2026-06-17T23:49:02.229Z
0459f919-62fb-4a40-9b99-841eaa1d2cb7,user75,bfc8b7bc-2dcc-42ce-9123-6d1fd3c45a9d,2,2,0,ERRO,2026-06-17T23:49:02.493Z
89b4c291-e9e7-4a9a-a713-c4bb86148a30,user75,a48358d6-b4c7-4f09-a00a-cb630819f8ef,1,3,5,ACERTO_VENCEDOR,2026-06-17T23:49:02.758Z
d3358fb6-7910-46d6-a2d2-2e66fd06674a,user75,0171de6d-3aef-41c9-91bb-50e967bc9383,0,2,7,ACERTO_VENCEDOR,2026-06-17T23:49:03.024Z
439e673c-c829-4796-8803-04c1700b3fec,user131,6e8dfaca-52e0-489c-8f8d-bad25889f8aa,1,1,0,ERRO,2026-06-18T00:37:32.603Z
54cb6579-80e1-45fa-8783-406d5dfb03b2,user40,d31fa12d-65f6-416b-b7dc-210c0aeff4bf,0,1,0,ERRO,2026-06-18T00:55:09.643Z
495c7542-5304-4152-9153-c71850f1d114,user40,e00087f2-d8fb-4a87-b368-e30a37ec8e44,0,2,0,ERRO,2026-06-18T00:55:18.057Z
2a3ff4f3-cbb9-4d8e-abdd-6089c9c7e672,user40,f243892f-ff42-414e-85d3-fdb50c697b05,1,2,0,ERRO,2026-06-18T00:56:25.732Z
482a2a1b-63a6-4948-b969-1a1a0d10de96,user133,0171de6d-3aef-41c9-91bb-50e967bc9383,1,3,10,ACERTO_PLACAR,2026-06-18T01:37:13.781Z
814a31ea-a893-4d3e-a773-7bb3a92f1576,user122,0171de6d-3aef-41c9-91bb-50e967bc9383,1,2,7,ACERTO_VENCEDOR,2026-06-18T01:39:55.210Z
d3f96d66-6b59-4ed6-a08e-06b1e2dac18e,user8,d31fa12d-65f6-416b-b7dc-210c0aeff4bf,2,1,0,ERRO,2026-06-18T02:28:47.636Z
5ea870f1-ac27-49a7-bd74-2f52f51d815c,user8,e00087f2-d8fb-4a87-b368-e30a37ec8e44,1,0,5,ACERTO_VENCEDOR,2026-06-18T02:28:54.416Z
53a3993f-e518-4a8e-b793-122a07219e6a,user8,f243892f-ff42-414e-85d3-fdb50c697b05,0,0,0,ERRO,2026-06-18T02:29:25.109Z
5ab56568-31f8-49e3-9c8d-d3c7e75d8aa8,user8,bfc8b7bc-2dcc-42ce-9123-6d1fd3c45a9d,2,2,0,ERRO,2026-06-18T02:29:48.261Z
e2ae1f06-5f6c-471e-8c24-8e65742c75ec,user8,49c174b7-c464-4916-be8e-c9adf5489d61,2,1,7,ACERTO_VENCEDOR,2026-06-18T02:30:10.049Z
ee14687f-1a8c-4d4f-8f67-4c075d076312,user8,a48358d6-b4c7-4f09-a00a-cb630819f8ef,0,2,7,ACERTO_VENCEDOR,2026-06-18T02:30:38.765Z
1ae7e7db-bbba-4d7c-b70f-8558538b37a7,user8,6e8dfaca-52e0-489c-8f8d-bad25889f8aa,4,0,7,ACERTO_VENCEDOR,2026-06-18T02:30:52.534Z
dd93a4ac-46af-4acb-8a5c-73b98b72e2e0,user8,9a7c71dd-6726-4631-8f78-e5deb9fef73c,1,0,0,ERRO,2026-06-18T02:31:19.659Z
3755e536-8361-4065-9a8d-c72132e88156,user8,1a3c502f-3218-4da5-bba5-6fe2da01734d,2,1,7,ACERTO_VENCEDOR,2026-06-18T02:32:09.535Z
e8aa45ad-9c13-41e1-9ddd-ab03c4f0681a,user8,472a5e85-7239-4f32-ab73-fd7e96b99666,3,0,5,ACERTO_VENCEDOR,2026-06-18T02:32:25.259Z
d4ac2c0b-cd1c-4007-b661-04b5ff780b61,user8,a8f50583-b1af-425d-836c-64944df6c668,2,0,0,ERRO,2026-06-18T02:32:43.631Z
9631b9d0-e3f8-4996-a266-8df84dc40f84,user17,d31fa12d-65f6-416b-b7dc-210c0aeff4bf,2,1,0,ERRO,2026-06-18T02:44:23.036Z
de5690d3-371a-42e8-96e2-6aacd518404f,user17,bfc8b7bc-2dcc-42ce-9123-6d1fd3c45a9d,2,2,0,ERRO,2026-06-18T02:45:03.180Z
0cd344fd-9ca3-4162-a928-f232d56709df,user17,e00087f2-d8fb-4a87-b368-e30a37ec8e44,1,1,0,ERRO,2026-06-18T02:45:51.116Z
49ac65d6-9eeb-454b-8b85-d63016ec0278,user17,f243892f-ff42-414e-85d3-fdb50c697b05,2,1,5,ACERTO_VENCEDOR,2026-06-18T02:46:22.943Z
9bd22f2a-687c-47be-ae4b-b7a9c18b1aac,user17,a48358d6-b4c7-4f09-a00a-cb630819f8ef,1,3,5,ACERTO_VENCEDOR,2026-06-18T02:46:40.041Z
b95690b8-2400-4e20-beee-da13fc7fe86d,user17,6e8dfaca-52e0-489c-8f8d-bad25889f8aa,4,0,7,ACERTO_VENCEDOR,2026-06-18T02:46:48.673Z
9c0fe37d-f857-4a1b-97f0-19b0a248b71f,user17,49c174b7-c464-4916-be8e-c9adf5489d61,3,2,5,ACERTO_VENCEDOR,2026-06-18T02:47:15.361Z
a58748ea-b91e-4fef-ac44-da4e6a538291,user17,9a7c71dd-6726-4631-8f78-e5deb9fef73c,2,1,0,ERRO,2026-06-18T02:47:31.273Z
c0f839b6-cfd6-41f5-bce4-dd9814a83ccf,user17,472a5e85-7239-4f32-ab73-fd7e96b99666,3,0,5,ACERTO_VENCEDOR,2026-06-18T02:47:53.924Z
dd1daff0-fc2c-4f44-9842-5c562bf4debb,user17,a8f50583-b1af-425d-836c-64944df6c668,2,0,0,ERRO,2026-06-18T02:48:04.040Z
28a91280-cc78-4de3-827a-f88a49099760,user14,d31fa12d-65f6-416b-b7dc-210c0aeff4bf,1,1,10,ACERTO_PLACAR,2026-06-18T04:08:09.738Z
73486437-93ff-41cf-99cf-816ac40daa9e,user14,e00087f2-d8fb-4a87-b368-e30a37ec8e44,0,1,0,ERRO,2026-06-18T04:09:14.712Z
d07115d4-2a1c-4609-969d-7aabc78ba29d,user14,f243892f-ff42-414e-85d3-fdb50c697b05,1,1,0,ERRO,2026-06-18T04:09:18.169Z
3de79c48-04f1-4210-984b-b51d311842c6,user14,bfc8b7bc-2dcc-42ce-9123-6d1fd3c45a9d,2,1,7,ACERTO_VENCEDOR,2026-06-18T04:09:19.479Z
b25369a4-159f-41e6-b5ee-313420fb4ba9,user128,d31fa12d-65f6-416b-b7dc-210c0aeff4bf,2,1,0,ERRO,2026-06-18T04:15:56.890Z
57e3f929-eb24-4980-9af2-c288aa5b72d6,user128,e00087f2-d8fb-4a87-b368-e30a37ec8e44,1,1,0,ERRO,2026-06-18T04:16:10.759Z
b4287c61-fd6d-474c-81a1-9eff9aa158a0,user128,f243892f-ff42-414e-85d3-fdb50c697b05,3,0,7,ACERTO_VENCEDOR,2026-06-18T04:16:19.567Z
5816f990-b565-4de9-a985-f2b1eb9ac806,user128,bfc8b7bc-2dcc-42ce-9123-6d1fd3c45a9d,2,2,0,ERRO,2026-06-18T04:16:27.911Z
f50d4207-0bb5-44aa-83b1-ffe80a7a0827,user12,d31fa12d-65f6-416b-b7dc-210c0aeff4bf,1,2,0,ERRO,2026-06-18T06:49:54.762Z
d11e77f0-0c4b-4a8a-b87e-70464710efa2,user12,e00087f2-d8fb-4a87-b368-e30a37ec8e44,1,1,0,ERRO,2026-06-18T06:50:04.300Z
3b615435-537b-47f2-b171-9b909e475ea7,user12,bfc8b7bc-2dcc-42ce-9123-6d1fd3c45a9d,2,3,0,ERRO,2026-06-18T06:50:15.917Z
13b021ff-dd75-4a0a-91a4-fe84f924940e,user12,f243892f-ff42-414e-85d3-fdb50c697b05,2,1,5,ACERTO_VENCEDOR,2026-06-18T06:50:24.763Z
a63376b3-a8cc-41f0-b3b9-c27c43fbb793,user46,d31fa12d-65f6-416b-b7dc-210c0aeff4bf,1,0,0,ERRO,2026-06-18T09:52:24.742Z
4520749f-0cea-4726-babf-877f552977cc,user46,bfc8b7bc-2dcc-42ce-9123-6d1fd3c45a9d,1,1,0,ERRO,2026-06-18T09:52:31.287Z
84ffee49-fdd3-48dd-8ecf-849765bdd019,user46,e00087f2-d8fb-4a87-b368-e30a37ec8e44,2,1,7,ACERTO_VENCEDOR,2026-06-18T09:53:19.244Z
303cc536-375d-421c-afed-aa0695312967,user46,f243892f-ff42-414e-85d3-fdb50c697b05,1,1,0,ERRO,2026-06-18T09:53:59.413Z
a0c0b538-1b5d-4ce2-b7d3-bea4cdc816f6,user135,d31fa12d-65f6-416b-b7dc-210c0aeff4bf,1,2,0,ERRO,2026-06-18T10:18:51.265Z
107db3bd-c30e-4a43-9a17-3488ab587320,user135,e00087f2-d8fb-4a87-b368-e30a37ec8e44,2,0,5,ACERTO_VENCEDOR,2026-06-18T10:19:09.751Z
24eb256e-e4df-48cd-80dc-83038e16206e,user135,f243892f-ff42-414e-85d3-fdb50c697b05,3,2,5,ACERTO_VENCEDOR,2026-06-18T10:19:25.416Z
164f28a1-cfc0-44c9-bc31-f301898fdffc,user135,bfc8b7bc-2dcc-42ce-9123-6d1fd3c45a9d,3,3,0,ERRO,2026-06-18T10:19:39.696Z
53ca9ded-31e7-46ae-8d03-d19c15bb417a,user5,d31fa12d-65f6-416b-b7dc-210c0aeff4bf,2,1,0,ERRO,2026-06-18T11:19:03.091Z
8769752d-1de5-43f0-b490-525ead07b39b,user5,f243892f-ff42-414e-85d3-fdb50c697b05,2,0,7,ACERTO_VENCEDOR,2026-06-18T11:19:03.641Z
579abd67-a84e-4861-854f-011943efa40d,user5,e00087f2-d8fb-4a87-b368-e30a37ec8e44,2,0,5,ACERTO_VENCEDOR,2026-06-18T11:19:03.917Z
f8d79dbf-2ba9-4a93-89ea-eb0f9ae72ee0,user5,bfc8b7bc-2dcc-42ce-9123-6d1fd3c45a9d,2,0,7,ACERTO_VENCEDOR,2026-06-18T11:19:05.020Z
f4bb3713-f005-44b4-9381-8371c8f331ac,user113,d31fa12d-65f6-416b-b7dc-210c0aeff4bf,1,2,0,ERRO,2026-06-18T12:07:44.215Z
5ab498d7-188c-4368-b834-95be3c406009,user113,e00087f2-d8fb-4a87-b368-e30a37ec8e44,3,1,7,ACERTO_VENCEDOR,2026-06-18T12:07:52.977Z
48f0628b-f87d-4816-a400-60e6e4807718,user113,f243892f-ff42-414e-85d3-fdb50c697b05,1,2,0,ERRO,2026-06-18T12:08:04.851Z
1523a65c-c76c-49e3-a239-2ce2640f9979,user113,bfc8b7bc-2dcc-42ce-9123-6d1fd3c45a9d,1,3,0,ERRO,2026-06-18T12:08:27.109Z
f6fb47b5-466a-43a9-b4cb-1e869fba0afb,user3,d31fa12d-65f6-416b-b7dc-210c0aeff4bf,2,0,0,ERRO,2026-06-18T13:03:20.837Z
8de88fb7-3387-4b1c-aa2f-cf364501171d,user3,e00087f2-d8fb-4a87-b368-e30a37ec8e44,2,1,7,ACERTO_VENCEDOR,2026-06-18T13:03:45.337Z
1c4b8f5b-abb5-4be4-bba5-0bcf82271d42,user3,f243892f-ff42-414e-85d3-fdb50c697b05,2,1,5,ACERTO_VENCEDOR,2026-06-18T13:03:55.679Z
c70ba251-427c-4fa2-8845-96e5edc1e4d4,user3,bfc8b7bc-2dcc-42ce-9123-6d1fd3c45a9d,1,2,0,ERRO,2026-06-18T13:04:11.044Z
22c45dde-c255-442a-8b28-34768b4d4c85,user2,d31fa12d-65f6-416b-b7dc-210c0aeff4bf,1,0,0,ERRO,2026-06-18T13:14:25.676Z
5b284d94-c927-4705-9bf4-d8164470c2fe,user2,e00087f2-d8fb-4a87-b368-e30a37ec8e44,1,2,0,ERRO,2026-06-18T13:14:43.139Z
c2b0314b-0e8c-497a-8105-ad95d86e5941,user2,f243892f-ff42-414e-85d3-fdb50c697b05,2,0,7,ACERTO_VENCEDOR,2026-06-18T13:15:00.748Z
30658c2d-35d2-4532-b037-c920d69677c5,user2,bfc8b7bc-2dcc-42ce-9123-6d1fd3c45a9d,2,1,7,ACERTO_VENCEDOR,2026-06-18T13:15:15.250Z
c5ce8f2b-6fd4-49b6-b403-4e077b288f4f,user125,9a7c71dd-6726-4631-8f78-e5deb9fef73c,0,1,10,ACERTO_PLACAR,2026-06-18T13:19:20.875Z
b33fe1ce-3d73-441e-83c1-41b46e33abd4,user125,1a3c502f-3218-4da5-bba5-6fe2da01734d,1,2,0,ERRO,2026-06-18T13:19:53.447Z
cdb23457-1bfb-4723-9c25-666826f7b1b5,user125,472a5e85-7239-4f32-ab73-fd7e96b99666,3,0,5,ACERTO_VENCEDOR,2026-06-18T13:20:03.713Z
e1899797-38ef-4a41-895c-cb6d27c901f2,user125,a8f50583-b1af-425d-836c-64944df6c668,2,0,0,ERRO,2026-06-18T13:20:14.400Z
031f54e2-30ce-4742-9656-5546ebcf1e62,user125,94ee8b2b-59f5-4cb6-9039-a8ddbfb45a43,1,3,5,ACERTO_VENCEDOR,2026-06-18T13:20:29.782Z
199cef28-bdf5-4703-9381-38eb3955cc67,user125,ec9a9043-f83e-497e-907c-f0d58a78695a,4,1,7,ACERTO_VENCEDOR,2026-06-18T13:20:40.728Z
1f9fb092-34ec-40d1-94a6-94c639bd0a2f,user125,1be19345-5d2c-4123-a169-46cadcbc7ff2,3,1,0,ERRO,2026-06-18T13:20:48.323Z
732f18f4-1e86-49c2-b8c3-48f53f74e285,user125,e3dca7c9-b2cc-4ad4-b02c-602ad4e61091,3,0,0,ERRO,2026-06-18T13:20:57.210Z
1de6f9d4-3ae9-4ae6-b26f-bed2350796bf,user125,ca17b700-6fcf-4698-a628-770228b859bf,1,0,0,ERRO,2026-06-18T13:21:05.897Z
03b955d7-f367-4a3d-adb3-b29bf69e8323,user125,609c6c86-9a27-4c77-8f72-b0fa878924a9,3,1,7,ACERTO_VENCEDOR,2026-06-18T13:21:17.399Z
cbdcd37a-77bb-49f5-a602-7861e70de3e6,user125,e322a9b7-1a86-4fef-8d1e-276b8e2d438d,5,0,7,ACERTO_VENCEDOR,2026-06-18T13:21:25.841Z
c4d78f80-9088-49ca-aa27-02697ba3a744,user125,6488ec1b-cd97-409f-83ce-24befb4852be,4,1,5,ACERTO_VENCEDOR,2026-06-18T13:21:34.551Z
38e3becc-f74f-4f2e-8b43-5f12feec670e,user125,c1710c13-a884-47db-b770-4d0d7cf4b0f5,0,2,7,ACERTO_VENCEDOR,2026-06-18T13:21:43.322Z
cc8b194c-9c06-4a5d-b382-42347aedc1b0,user89,d31fa12d-65f6-416b-b7dc-210c0aeff4bf,1,1,10,ACERTO_PLACAR,2026-06-18T13:35:06.845Z
dfec7059-73fe-4195-a78b-5550bd1063f3,user89,e00087f2-d8fb-4a87-b368-e30a37ec8e44,1,0,5,ACERTO_VENCEDOR,2026-06-18T13:35:12.793Z
57f8839a-ca54-48e8-a938-5a7bc9bfd7ab,user89,f243892f-ff42-414e-85d3-fdb50c697b05,2,2,0,ERRO,2026-06-18T13:35:18.204Z
fb38e19a-00f7-4239-b88b-3fcaa92240c6,user89,bfc8b7bc-2dcc-42ce-9123-6d1fd3c45a9d,1,2,0,ERRO,2026-06-18T13:35:25.321Z
576e84a1-f160-48bf-a72c-5fbaa3b3466a,user126,e00087f2-d8fb-4a87-b368-e30a37ec8e44,2,0,5,ACERTO_VENCEDOR,2026-06-18T13:35:49.184Z
0472fed9-5535-4b2e-9485-50b51a91e444,user126,d31fa12d-65f6-416b-b7dc-210c0aeff4bf,2,1,0,ERRO,2026-06-18T13:35:49.457Z
316a0459-7c08-45f8-8f1a-f4dd55aa19eb,user126,bfc8b7bc-2dcc-42ce-9123-6d1fd3c45a9d,1,1,0,ERRO,2026-06-18T13:35:51.909Z
39fa23a1-5e06-4c51-adf8-f25dbf9bc2b0,user126,f243892f-ff42-414e-85d3-fdb50c697b05,1,0,7,ACERTO_VENCEDOR,2026-06-18T13:35:52.181Z
e4198fa2-0886-4276-a0cf-4929afe5b515,user126,6038b570-f0a1-4247-9752-82e48da6649f,1,1,0,ERRO,2026-06-18T13:40:40.619Z
9848584b-2e42-4b4c-9550-afb6ddef9f93,user126,32e1259a-ec96-4e5b-8063-b0c1c3d87553,1,2,0,ERRO,2026-06-18T13:40:45.846Z
6b7f639f-791a-4885-9cef-1271d284cb3a,user126,c7b8c1b3-52ad-4bef-81d9-1969853ba187,2,2,7,ACERTO_VENCEDOR,2026-06-18T13:40:47.508Z
11690257-a56f-4a3a-8891-41f3c27721b2,user126,ec9a9043-f83e-497e-907c-f0d58a78695a,2,0,7,ACERTO_VENCEDOR,2026-06-18T13:40:49.220Z
f7fc7464-b812-4a5d-b5f5-67c7e85ccdfd,user126,9bf43d45-0c13-438c-bd7a-6092b4aef4d2,0,1,7,ACERTO_VENCEDOR,2026-06-18T13:40:49.932Z
b6862b81-fd3b-43b5-8f07-dcc8d897cea4,user126,e322a9b7-1a86-4fef-8d1e-276b8e2d438d,3,0,10,ACERTO_PLACAR,2026-06-18T13:40:51.361Z
e9af4bf8-df15-4671-8e81-fe18a5c0fc2e,user126,49c174b7-c464-4916-be8e-c9adf5489d61,3,0,7,ACERTO_VENCEDOR,2026-06-18T13:40:51.598Z
8516a2f0-66e3-4550-b6ca-f443178c9091,user126,ca17b700-6fcf-4698-a628-770228b859bf,1,1,0,ERRO,2026-06-18T13:40:52.072Z
3122893b-c4bb-479f-9e25-e781187ed5c2,user126,472a5e85-7239-4f32-ab73-fd7e96b99666,3,1,7,ACERTO_VENCEDOR,2026-06-18T13:40:52.787Z
05f0eafc-a4f0-465f-b7f9-0b3f29125be1,user126,908bbff6-9327-41c0-995f-29581a5f84ab,1,3,10,ACERTO_PLACAR,2026-06-18T13:40:54.547Z
5e0ee9d0-392c-45d1-8738-6ffa77a22897,user126,e3dca7c9-b2cc-4ad4-b02c-602ad4e61091,1,0,0,ERRO,2026-06-18T13:40:55.259Z
a00add98-b727-4704-8321-83111718e2cd,user126,af891675-71a4-4e36-9820-710f18ef9e27,2,0,7,ACERTO_VENCEDOR,2026-06-18T13:40:56.689Z
a2416233-dab8-442d-aa04-d318f3e3012d,user126,b59a5f79-d8a9-4ad4-a99e-643e36491858,0,3,7,ACERTO_VENCEDOR,2026-06-18T13:40:57.165Z
f9241c41-27a2-4304-9233-40490a90fdfc,user126,8e4c2b7f-aab6-4c6d-b181-7a637a728533,2,1,5,ACERTO_VENCEDOR,2026-06-18T13:40:58.356Z
58845a14-96e9-4a51-98db-0e1905cb6a32,user126,702d0496-83e0-461d-82e9-e335698fca9e,1,2,5,ACERTO_VENCEDOR,2026-06-18T13:40:58.832Z
0e2f28f1-65f8-43e7-88f6-8a7277271d83,user136,d31fa12d-65f6-416b-b7dc-210c0aeff4bf,2,1,0,ERRO,2026-06-18T13:41:35.834Z
1e2dc377-b9d4-48d7-b651-31b7b070ddc0,user136,e00087f2-d8fb-4a87-b368-e30a37ec8e44,2,1,7,ACERTO_VENCEDOR,2026-06-18T13:42:12.365Z
eb7b78cc-651b-45d2-85a2-487990e68aec,user136,f243892f-ff42-414e-85d3-fdb50c697b05,1,1,0,ERRO,2026-06-18T13:42:28.429Z
eb6a539e-2568-4e79-9b50-84e7caf72565,user136,bfc8b7bc-2dcc-42ce-9123-6d1fd3c45a9d,2,2,0,ERRO,2026-06-18T13:42:57.848Z
e211cff5-97b6-4bef-8e22-04243dfa80d8,user76,bfc8b7bc-2dcc-42ce-9123-6d1fd3c45a9d,2,3,0,ERRO,2026-06-18T13:43:10.896Z
87168c55-f6c5-4d97-b4ac-5fdaadb66cc6,user134,bfc8b7bc-2dcc-42ce-9123-6d1fd3c45a9d,0,2,0,ERRO,2026-06-18T14:08:45.328Z
7ee83977-640a-4637-b10f-ba6c48772524,user134,f243892f-ff42-414e-85d3-fdb50c697b05,1,0,7,ACERTO_VENCEDOR,2026-06-18T14:08:46.144Z
480c0007-2c31-48ad-8fcb-e0370e46719f,user134,e00087f2-d8fb-4a87-b368-e30a37ec8e44,2,1,7,ACERTO_VENCEDOR,2026-06-18T14:08:47.242Z
e0491310-6046-4d6c-b4fa-220b4c8147b4,user134,d31fa12d-65f6-416b-b7dc-210c0aeff4bf,2,0,0,ERRO,2026-06-18T14:08:47.513Z
35a46c01-1c2c-4e4b-b66d-3d729b26d146,user75,d31fa12d-65f6-416b-b7dc-210c0aeff4bf,2,1,0,ERRO,2026-06-18T15:11:34.274Z
b2257649-608a-4328-8897-3dcce28e9868,user75,e00087f2-d8fb-4a87-b368-e30a37ec8e44,3,0,7,ACERTO_VENCEDOR,2026-06-18T15:12:40.579Z
4a8300b9-93b2-40c7-9324-76b0853e3470,user54,d31fa12d-65f6-416b-b7dc-210c0aeff4bf,1,0,0,ERRO,2026-06-18T15:46:01.073Z
647b9422-482e-4226-a9da-91b64ee59197,user138,b59a5f79-d8a9-4ad4-a99e-643e36491858,0,5,5,ACERTO_VENCEDOR,2026-06-18T16:58:30.531Z
5d767424-6c5f-4bd0-8d8e-c337f22b22b8,user138,5e870695-b61c-467b-91db-d4361d873104,1,1,7,ACERTO_VENCEDOR,2026-06-18T16:58:33.211Z
b7c4cb3c-b253-48d2-85f2-a156b41d1bd2,user138,509c27bb-9832-4145-8630-c309ac6b50cb,1,1,0,ERRO,2026-06-18T16:58:35.160Z
50ff0fc2-977a-4254-b378-5783a7c7c80b,user138,d048e70a-4271-483f-828e-5b0f3a2c32a2,1,3,0,ERRO,2026-06-18T16:58:37.085Z
084b0531-8135-41f6-8159-16c8aa7deb0a,user138,360b9169-fffe-42c2-a352-481e999c5c10,1,0,0,ERRO,2026-06-18T16:58:39.343Z
8f23b6b7-4634-4dc0-af52-557bf55a6761,user138,d7a304b0-482e-46d8-b50b-d250885daf98,1,2,7,ACERTO_VENCEDOR,2026-06-18T16:58:41.195Z
8f7ae377-6001-4883-9daf-cc5e1b850346,user138,044a487b-ee61-4547-b15b-84630aae8b47,1,3,7,ACERTO_VENCEDOR,2026-06-18T16:58:42.483Z
ae10774c-f05d-41a7-973a-7b202fbdbb20,user138,af891675-71a4-4e36-9820-710f18ef9e27,2,2,0,ERRO,2026-06-18T16:58:44.334Z
1fc69262-7e7a-494d-87d9-9ba2820bc8ec,user138,d83a4eb5-112c-4d4e-895b-737f0085d5dc,2,0,0,ERRO,2026-06-18T16:58:46.240Z
4eec1984-ca3e-4610-ac12-d08b3aeed702,user138,c6a97697-806b-45f8-8deb-24669a074940,1,2,7,ACERTO_VENCEDOR,2026-06-18T16:58:48.092Z
64a90ada-f968-4311-b6c6-18cd57443ead,user138,276fc045-6d8a-40af-ba22-7e5c4b51e177,1,2,7,ACERTO_VENCEDOR,2026-06-18T16:58:50.198Z
ba4ce10a-e492-4d7e-ac7c-85bd2e1b918b,user138,8e4c2b7f-aab6-4c6d-b181-7a637a728533,3,0,7,ACERTO_VENCEDOR,2026-06-18T16:58:50.455Z
d880c3f7-ee46-4700-951f-2042939d8958,user138,4e538c8b-876c-4009-849a-761125544175,1,4,0,ERRO,2026-06-18T16:58:54.214Z
8f9634b0-b34a-4f81-a875-2cb14cf13a89,user138,e5959d04-83c8-4037-81fc-1133f95064c2,1,1,7,ACERTO_VENCEDOR,2026-06-18T16:58:55.503Z
6885ad71-6f07-4522-8c71-f0dbd143e1d8,user138,908bbff6-9327-41c0-995f-29581a5f84ab,0,2,7,ACERTO_VENCEDOR,2026-06-18T16:58:57.354Z
3242a995-3482-4533-ba24-2d70c03a6a39,user138,c7b8c1b3-52ad-4bef-81d9-1969853ba187,0,1,0,ERRO,2026-06-18T16:58:59.204Z
4d8ed86b-8042-409c-b1d7-6a189989697b,user138,52a29ff1-0db3-48b4-921f-1aa0f8940766,0,1,7,ACERTO_VENCEDOR,2026-06-18T16:59:01.363Z
c5d8382f-cf83-477b-89fb-4fbc43f3f8c1,user138,9ebfdd3b-789a-4e3a-a2b6-d7c31237e3d1,1,1,0,ERRO,2026-06-18T16:59:01.619Z
64d7f2ec-a6a1-463e-8cab-d5ae765f0b17,user138,9bf43d45-0c13-438c-bd7a-6092b4aef4d2,1,2,7,ACERTO_VENCEDOR,2026-06-18T16:59:04.498Z
e5dd8e88-a665-47ec-93cf-db057d498dfe,user138,32e1259a-ec96-4e5b-8063-b0c1c3d87553,1,1,0,ERRO,2026-06-18T16:59:04.755Z
8bc8c45b-f1e5-421a-975e-e6257204e3a1,user138,6a824c8c-e1be-4339-acc3-3279deec17ad,2,0,7,ACERTO_VENCEDOR,2026-06-18T16:59:07.633Z
e98809e7-df78-44d6-95ba-5fe4c08c92f8,user138,702d0496-83e0-461d-82e9-e335698fca9e,0,3,10,ACERTO_PLACAR,2026-06-18T16:59:08.713Z
db0762f8-4f20-4909-980d-07eec2f149ad,user138,e4d4af35-c9e0-4d1b-89b7-e72893e5642d,3,0,7,ACERTO_VENCEDOR,2026-06-18T16:59:09.998Z
c9121aad-0a23-4d8e-b0b2-82d23aab688c,user138,f3d0c2c2-ce6a-47a7-8a8d-9268cc90bb61,1,1,0,ERRO,2026-06-18T16:59:11.860Z
1c578c96-a500-484a-9dc1-b227122429c1,user138,6990d81d-87d8-41b1-aea5-b6fbcfafcf7b,2,0,7,ACERTO_VENCEDOR,2026-06-18T16:59:13.157Z
5e343ab4-9953-4e66-be49-7a2ce8e9ec57,user138,c5771b35-3695-40b7-a63f-1be736f9d685,2,1,0,ERRO,2026-06-18T16:59:15.268Z
df4e8b58-a896-4124-b4d6-1e80ab4d38dc,user138,a5897071-fca1-470c-b1f4-50ff34a5ff80,0,1,10,ACERTO_PLACAR,2026-06-18T16:59:16.606Z
3fe2b19c-076d-43e5-9bb5-77e347fe343c,user138,6038b570-f0a1-4247-9752-82e48da6649f,3,1,5,ACERTO_VENCEDOR,2026-06-18T16:59:17.687Z
df61c8ac-fd04-4b85-8b9e-05ccacdc9c0b,user138,c1710c13-a884-47db-b770-4d0d7cf4b0f5,0,1,7,ACERTO_VENCEDOR,2026-06-18T16:59:19.232Z
2c90e78f-ce1e-4336-a593-048a4760d1e9,user138,6488ec1b-cd97-409f-83ce-24befb4852be,2,1,7,ACERTO_VENCEDOR,2026-06-18T16:59:20.259Z
db5758c0-7aea-4e7c-a4f3-203d37e4c05e,user138,e322a9b7-1a86-4fef-8d1e-276b8e2d438d,3,0,10,ACERTO_PLACAR,2026-06-18T16:59:22.111Z
c50d7437-9189-4e15-97b6-e936653c0cd5,user138,609c6c86-9a27-4c77-8f72-b0fa878924a9,3,1,7,ACERTO_VENCEDOR,2026-06-18T16:59:22.624Z
1d0a7521-6c7a-4f49-a0ac-a4b9433806e2,user138,ec9a9043-f83e-497e-907c-f0d58a78695a,3,1,5,ACERTO_VENCEDOR,2026-06-18T16:59:24.682Z
a0959120-2585-46f4-a9a9-47a570aff8b6,user138,1be19345-5d2c-4123-a169-46cadcbc7ff2,2,0,0,ERRO,2026-06-18T16:59:26.534Z
f3587e35-6481-4c73-9785-13d11c406126,user138,e3dca7c9-b2cc-4ad4-b02c-602ad4e61091,2,1,0,ERRO,2026-06-18T16:59:27.820Z
e0927d53-15f3-4c46-b24b-6d1fb8a56f56,user138,ca17b700-6fcf-4698-a628-770228b859bf,2,0,0,ERRO,2026-06-18T16:59:29.106Z
e916feee-aeb4-4427-a174-860c1db0c5e5,user138,94ee8b2b-59f5-4cb6-9039-a8ddbfb45a43,1,2,5,ACERTO_VENCEDOR,2026-06-18T16:59:31.474Z
00763628-8fc7-4f45-9b9d-0c23ad83ab67,user138,a8f50583-b1af-425d-836c-64944df6c668,2,1,0,ERRO,2026-06-18T16:59:32.556Z
9a8460d4-e2f5-49a9-ad6d-af528b112b8b,user138,472a5e85-7239-4f32-ab73-fd7e96b99666,2,2,0,ERRO,2026-06-18T16:59:34.098Z
1f287141-0b8f-4282-94cd-b25304442c0b,user138,1a3c502f-3218-4da5-bba5-6fe2da01734d,3,1,7,ACERTO_VENCEDOR,2026-06-18T16:59:34.354Z
c8b680e6-e4c0-46ee-98ab-76d56b7f4bec,user138,49c174b7-c464-4916-be8e-c9adf5489d61,3,0,7,ACERTO_VENCEDOR,2026-06-18T16:59:35.693Z
30a19bf1-405c-4d35-bbd2-15409472ffad,user138,a48358d6-b4c7-4f09-a00a-cb630819f8ef,1,3,5,ACERTO_VENCEDOR,2026-06-18T16:59:37.751Z
dfd76792-1c6e-4bac-a80a-4d9673312822,user138,6e8dfaca-52e0-489c-8f8d-bad25889f8aa,5,0,7,ACERTO_VENCEDOR,2026-06-18T16:59:38.265Z
84a56fb0-fd68-451f-a749-0c347fa2c292,user138,9a7c71dd-6726-4631-8f78-e5deb9fef73c,1,1,0,ERRO,2026-06-18T16:59:40.637Z
08d7d51f-50ee-4647-ab50-75948e2cd5d5,user138,bfc8b7bc-2dcc-42ce-9123-6d1fd3c45a9d,2,1,7,ACERTO_VENCEDOR,2026-06-18T16:59:40.895Z
c527f949-688a-4c4b-ac02-92dfa4f4e2f7,user138,f243892f-ff42-414e-85d3-fdb50c697b05,2,0,7,ACERTO_VENCEDOR,2026-06-18T16:59:41.928Z
956afaf2-f537-4f97-bd1e-792ded626fe6,user138,e00087f2-d8fb-4a87-b368-e30a37ec8e44,1,3,0,ERRO,2026-06-18T16:59:42.962Z
04e9a3c3-dafc-42d4-bc18-26cedd08210a,user54,e00087f2-d8fb-4a87-b368-e30a37ec8e44,1,2,0,ERRO,2026-06-18T17:51:13.227Z
7c2ec3ef-8f17-4b86-85aa-3da81dbca4a0,user54,f243892f-ff42-414e-85d3-fdb50c697b05,1,0,7,ACERTO_VENCEDOR,2026-06-18T17:51:48.652Z
fb9a3f12-f255-4fac-aa66-5b9cbec359a0,user54,bfc8b7bc-2dcc-42ce-9123-6d1fd3c45a9d,2,1,7,ACERTO_VENCEDOR,2026-06-18T17:51:59.993Z
6b24572c-9a19-4a79-99fb-debfe9a7982c,user4,e00087f2-d8fb-4a87-b368-e30a37ec8e44,4,1,10,ACERTO_PLACAR,2026-06-18T18:02:55.968Z
f27aaa19-8ae5-42c3-ab74-f57302c2d280,user4,f243892f-ff42-414e-85d3-fdb50c697b05,2,0,7,ACERTO_VENCEDOR,2026-06-18T18:03:06.237Z
7bf547d4-3bf0-46c1-8924-236b17c020ff,user4,bfc8b7bc-2dcc-42ce-9123-6d1fd3c45a9d,2,1,7,ACERTO_VENCEDOR,2026-06-18T18:03:20.532Z
2a619087-d438-470a-b9b7-e12d980e0eee,user133,e00087f2-d8fb-4a87-b368-e30a37ec8e44,2,0,5,ACERTO_VENCEDOR,2026-06-18T18:03:27.889Z
30d894b0-ae8d-4d16-b614-2d3341dc1a9f,user133,f243892f-ff42-414e-85d3-fdb50c697b05,1,0,7,ACERTO_VENCEDOR,2026-06-18T18:03:29.182Z
fc0cd1eb-33a3-4e14-b799-26dbef10a089,user133,bfc8b7bc-2dcc-42ce-9123-6d1fd3c45a9d,2,2,0,ERRO,2026-06-18T18:03:31.174Z
e9a4bebd-12a5-4af7-aea8-fe6f718c5a1b,user139,e00087f2-d8fb-4a87-b368-e30a37ec8e44,3,1,7,ACERTO_VENCEDOR,2026-06-18T18:09:44.239Z
91fe41ce-b9e8-404e-abd4-fba3414b4746,user139,f243892f-ff42-414e-85d3-fdb50c697b05,2,1,5,ACERTO_VENCEDOR,2026-06-18T18:09:51.583Z
a1531dbb-4192-4258-bef8-b88a01269117,user139,bfc8b7bc-2dcc-42ce-9123-6d1fd3c45a9d,3,1,5,ACERTO_VENCEDOR,2026-06-18T18:10:01.811Z
cc03afa0-33c2-4681-b7f4-4e235a086e2d,user9,e00087f2-d8fb-4a87-b368-e30a37ec8e44,1,2,0,ERRO,2026-06-18T18:26:57.340Z
6cae5b08-edca-48fb-9b68-1919c27571d2,user9,f243892f-ff42-414e-85d3-fdb50c697b05,2,0,7,ACERTO_VENCEDOR,2026-06-18T18:27:06.895Z
66cd5e29-3619-4a54-8332-55e4ec6e8cd9,user9,bfc8b7bc-2dcc-42ce-9123-6d1fd3c45a9d,3,1,5,ACERTO_VENCEDOR,2026-06-18T18:27:19.745Z
f62a05f8-abfe-4cf5-9e8e-8f7006714384,user13,e00087f2-d8fb-4a87-b368-e30a37ec8e44,2,1,7,ACERTO_VENCEDOR,2026-06-18T18:40:28.268Z
b4747846-dcfd-4e64-af80-fcc6384a548a,user13,f243892f-ff42-414e-85d3-fdb50c697b05,1,1,0,ERRO,2026-06-18T18:40:36.744Z
1540f7a4-9e2b-4935-8613-0cb0c988802c,user13,bfc8b7bc-2dcc-42ce-9123-6d1fd3c45a9d,2,2,0,ERRO,2026-06-18T18:40:45.164Z
1f2058b4-efd8-473e-8175-d733bb57e30e,user90,e00087f2-d8fb-4a87-b368-e30a37ec8e44,2,0,5,ACERTO_VENCEDOR,2026-06-18T18:48:04.215Z
92244fec-7e49-45d8-9118-b7ddfe5e2b14,user90,f243892f-ff42-414e-85d3-fdb50c697b05,1,1,0,ERRO,2026-06-18T18:48:13.803Z
a7225bb6-5cad-416c-9fd9-0dcf15b4b3b4,user90,bfc8b7bc-2dcc-42ce-9123-6d1fd3c45a9d,0,1,0,ERRO,2026-06-18T18:48:22.630Z
da09e21c-ec18-46ea-a4b8-6f9639ca1d91,user111,a48358d6-b4c7-4f09-a00a-cb630819f8ef,2,1,0,ERRO,2026-06-18T20:14:12.677Z
d97ea3c8-be1c-46a4-8f38-055e61b50507,user111,6e8dfaca-52e0-489c-8f8d-bad25889f8aa,3,0,10,ACERTO_PLACAR,2026-06-18T20:14:20.973Z
d9387a57-356c-4386-b8c3-3d48650e7cc9,user111,9a7c71dd-6726-4631-8f78-e5deb9fef73c,1,1,0,ERRO,2026-06-18T20:14:32.459Z
fc0c1bc0-2abd-4e69-8901-0bfc4d63110a,user111,1a3c502f-3218-4da5-bba5-6fe2da01734d,3,1,7,ACERTO_VENCEDOR,2026-06-18T20:14:39.115Z
e9579fed-c805-42b4-a091-d770d5eba5ac,user111,472a5e85-7239-4f32-ab73-fd7e96b99666,3,1,7,ACERTO_VENCEDOR,2026-06-18T20:14:45.346Z
d10851a1-3bf5-43ca-93b8-2c4e66bed813,user111,a8f50583-b1af-425d-836c-64944df6c668,1,1,7,ACERTO_VENCEDOR,2026-06-18T20:14:51.378Z
40b96afc-6345-48b8-b845-453f71a2dd4b,user111,94ee8b2b-59f5-4cb6-9039-a8ddbfb45a43,1,3,5,ACERTO_VENCEDOR,2026-06-18T20:15:00.051Z
007c8971-d8e4-48b0-a4ba-0805666429f3,user111,ec9a9043-f83e-497e-907c-f0d58a78695a,1,2,0,ERRO,2026-06-18T20:15:06.076Z
91f5fca8-0163-44da-8dc7-96318001196b,user111,1be19345-5d2c-4123-a169-46cadcbc7ff2,2,1,0,ERRO,2026-06-18T20:15:11.974Z
d0bb566c-9582-44fa-acdd-1c18ab031efc,user111,e3dca7c9-b2cc-4ad4-b02c-602ad4e61091,1,1,7,ACERTO_VENCEDOR,2026-06-18T20:15:19.212Z
5f5f85d1-90ef-4e37-b76c-4fe8e6913da8,user111,ca17b700-6fcf-4698-a628-770228b859bf,1,1,0,ERRO,2026-06-18T20:15:33.214Z
380bf1a5-cb44-4f3c-b597-a502b50e4033,user111,609c6c86-9a27-4c77-8f72-b0fa878924a9,2,1,7,ACERTO_VENCEDOR,2026-06-18T20:15:43.672Z
66f1c98e-89b3-44df-8926-911828eec23c,user111,e322a9b7-1a86-4fef-8d1e-276b8e2d438d,3,1,7,ACERTO_VENCEDOR,2026-06-18T20:15:51.907Z
7069047f-08d1-4fbf-8986-bba1f93fdfe9,user111,6488ec1b-cd97-409f-83ce-24befb4852be,2,1,7,ACERTO_VENCEDOR,2026-06-18T20:16:01.604Z
01683a74-4bd9-430d-9498-0a2ec1d074a8,user111,c1710c13-a884-47db-b770-4d0d7cf4b0f5,1,1,0,ERRO,2026-06-18T20:16:12.808Z
541ebad1-fc31-499a-94f6-004c0105e2c8,user111,6990d81d-87d8-41b1-aea5-b6fbcfafcf7b,3,1,5,ACERTO_VENCEDOR,2026-06-18T20:16:24.824Z
ffde5d25-4aa0-4f5a-9612-36ed8f93ad14,user111,c5771b35-3695-40b7-a63f-1be736f9d685,2,1,0,ERRO,2026-06-18T20:16:30.677Z
7847c215-b17b-47e2-a97d-7097b21f5c42,user111,a5897071-fca1-470c-b1f4-50ff34a5ff80,1,1,0,ERRO,2026-06-18T20:17:08.623Z
275b408e-0d06-49a3-9a01-1fb0ca087193,user111,6038b570-f0a1-4247-9752-82e48da6649f,1,1,0,ERRO,2026-06-18T20:17:15.721Z
8b4a3eb6-8011-46f8-a2ab-9349bcedee55,user111,f3d0c2c2-ce6a-47a7-8a8d-9268cc90bb61,1,2,0,ERRO,2026-06-18T20:17:24.090Z
d1af8851-2c76-4b6a-acfa-b2b032b2a0b4,user111,e4d4af35-c9e0-4d1b-89b7-e72893e5642d,1,1,0,ERRO,2026-06-18T20:17:32.367Z
d6a7a8fe-9432-4b79-8412-71a8b6b319f4,user111,702d0496-83e0-461d-82e9-e335698fca9e,1,2,5,ACERTO_VENCEDOR,2026-06-18T20:17:39.638Z
6222138a-3ae9-433d-9081-e20310f11158,user111,6a824c8c-e1be-4339-acc3-3279deec17ad,2,1,5,ACERTO_VENCEDOR,2026-06-18T20:17:49.203Z
d34c3e48-fe8d-4275-9df4-27e0a6d9e1d9,user111,9ebfdd3b-789a-4e3a-a2b6-d7c31237e3d1,1,2,0,ERRO,2026-06-18T20:18:03.515Z
1788fb63-dc04-4b0d-9249-08adab1216a1,user111,52a29ff1-0db3-48b4-921f-1aa0f8940766,1,3,7,ACERTO_VENCEDOR,2026-06-18T20:18:12.612Z
29ed8ad9-8eee-4c04-a3eb-9b0ad7f7db30,user111,9bf43d45-0c13-438c-bd7a-6092b4aef4d2,1,0,0,ERRO,2026-06-18T20:18:18.800Z
6c27f879-9c3b-46c2-8642-e5ffa0c5d4c8,user111,32e1259a-ec96-4e5b-8063-b0c1c3d87553,0,3,0,ERRO,2026-06-18T20:18:26.691Z
7edced9a-e0d5-4b28-8dd5-7257f33d0625,user111,908bbff6-9327-41c0-995f-29581a5f84ab,1,3,10,ACERTO_PLACAR,2026-06-18T20:18:34.571Z
2feccd1c-100b-442d-98c3-0cb853987393,user111,c7b8c1b3-52ad-4bef-81d9-1969853ba187,2,1,0,ERRO,2026-06-18T20:18:44.354Z
ab7ff86c-0d69-4a32-b544-6f9bfdeaae8b,user111,4e538c8b-876c-4009-849a-761125544175,0,2,0,ERRO,2026-06-18T20:18:52.755Z
c1e8969d-9a8a-46c1-b549-f5796ca86ef7,user111,e5959d04-83c8-4037-81fc-1133f95064c2,0,1,0,ERRO,2026-06-18T20:18:58.995Z
e9bee24a-94e5-46fd-ab13-111ebc67ad10,user111,276fc045-6d8a-40af-ba22-7e5c4b51e177,2,2,0,ERRO,2026-06-18T20:19:09.207Z
841b7860-b0c1-4239-9287-1fa393fec9ec,user111,8e4c2b7f-aab6-4c6d-b181-7a637a728533,2,0,7,ACERTO_VENCEDOR,2026-06-18T20:19:17.307Z
e9c92d73-441d-4c4b-93ae-2af0705dd7e0,user111,d83a4eb5-112c-4d4e-895b-737f0085d5dc,2,1,0,ERRO,2026-06-18T20:19:25.258Z
5963d178-279a-4008-96f8-4c458f7cfbd3,user111,c6a97697-806b-45f8-8deb-24669a074940,2,3,7,ACERTO_VENCEDOR,2026-06-18T20:19:36.980Z
5f5a0e19-fb05-4c14-83ab-3a4bc3b18d5d,user111,360b9169-fffe-42c2-a352-481e999c5c10,1,1,10,ACERTO_PLACAR,2026-06-18T20:19:43.888Z
981e3485-7f77-4b99-8db6-efda43143396,user111,d7a304b0-482e-46d8-b50b-d250885daf98,2,2,0,ERRO,2026-06-18T20:19:53.521Z
dc25263a-7d52-4230-86f6-7aa7828e0376,user111,af891675-71a4-4e36-9820-710f18ef9e27,2,2,0,ERRO,2026-06-18T20:19:59.652Z
c3035ff6-52bc-414a-9c11-d401cd18b3fe,user111,044a487b-ee61-4547-b15b-84630aae8b47,1,1,0,ERRO,2026-06-18T20:20:04.359Z
ab72b53e-95af-4924-8d09-8bead38e10cd,user111,509c27bb-9832-4145-8630-c309ac6b50cb,2,2,0,ERRO,2026-06-18T20:20:15.674Z
26d5ba7a-fe6e-4576-84d7-101ffaca55bb,user111,d048e70a-4271-483f-828e-5b0f3a2c32a2,1,3,0,ERRO,2026-06-18T20:20:23.450Z
4b2d49ab-3ab8-4bb6-b60e-900b665126cc,user111,b59a5f79-d8a9-4ad4-a99e-643e36491858,1,3,10,ACERTO_PLACAR,2026-06-18T20:20:31.459Z
acd399cd-f7dc-49a8-9a6c-211eb5fd6bd1,user111,5e870695-b61c-467b-91db-d4361d873104,1,1,7,ACERTO_VENCEDOR,2026-06-18T20:20:51.260Z
5a38edfb-902b-46cf-acba-1b95bfb2d16c,user125,702d0496-83e0-461d-82e9-e335698fca9e,0,2,7,ACERTO_VENCEDOR,2026-06-18T21:17:48.206Z
84cd415c-4209-4332-9996-e9e5cd93cba7,user125,6a824c8c-e1be-4339-acc3-3279deec17ad,3,0,5,ACERTO_VENCEDOR,2026-06-18T21:18:01.601Z
e359ec0e-3cc4-4b90-9245-b3acc61f0fb5,user7,f243892f-ff42-414e-85d3-fdb50c697b05,2,1,5,ACERTO_VENCEDOR,2026-06-18T21:18:57.302Z
c87d2639-e3ea-41b3-9322-4b094686585f,user7,bfc8b7bc-2dcc-42ce-9123-6d1fd3c45a9d,1,2,0,ERRO,2026-06-18T21:19:00.944Z
ca6a9896-4d60-4e51-8a7b-f67ed0c4e13e,user142,bfc8b7bc-2dcc-42ce-9123-6d1fd3c45a9d,2,0,7,ACERTO_VENCEDOR,2026-06-18T22:20:25.034Z
0b82e443-0bfb-41d1-84b5-286459aef35a,user75,9a7c71dd-6726-4631-8f78-e5deb9fef73c,0,2,7,ACERTO_VENCEDOR,2026-06-18T22:38:45.982Z
8e9d4f1f-c8d4-44b0-aee7-a89ffad7d213,user46,f3d0c2c2-ce6a-47a7-8a8d-9268cc90bb61,2,1,10,ACERTO_PLACAR,2026-06-18T23:43:48.465Z
e959574c-f8e6-49c7-909c-ed6a95378f29,user46,e4d4af35-c9e0-4d1b-89b7-e72893e5642d,2,0,7,ACERTO_VENCEDOR,2026-06-18T23:44:07.457Z
dcd7cf2a-7941-458c-9551-6f6516499a5b,user46,6e8dfaca-52e0-489c-8f8d-bad25889f8aa,4,1,7,ACERTO_VENCEDOR,2026-06-18T23:45:54.760Z
ce1d308e-a8f2-4a2f-8c7c-ccd845f521c4,user46,a48358d6-b4c7-4f09-a00a-cb630819f8ef,1,2,7,ACERTO_VENCEDOR,2026-06-18T23:47:37.346Z
963224be-b231-423e-8f25-da7b329ee75c,user46,702d0496-83e0-461d-82e9-e335698fca9e,0,2,7,ACERTO_VENCEDOR,2026-06-18T23:48:00.576Z
98564a7e-edac-4f34-9146-42cf6fea4b3d,user46,6a824c8c-e1be-4339-acc3-3279deec17ad,2,0,7,ACERTO_VENCEDOR,2026-06-18T23:48:26.261Z
42e46efb-5783-4b3f-99a9-092edffc796b,user46,9ebfdd3b-789a-4e3a-a2b6-d7c31237e3d1,1,2,0,ERRO,2026-06-18T23:49:51.075Z
5cf5838b-eb1b-4c94-b342-8d90c3b84bd4,user46,52a29ff1-0db3-48b4-921f-1aa0f8940766,0,1,7,ACERTO_VENCEDOR,2026-06-18T23:50:05.894Z
2a315845-375c-40c9-a5a3-784119bfe156,user139,a48358d6-b4c7-4f09-a00a-cb630819f8ef,0,3,7,ACERTO_VENCEDOR,2026-06-19T00:12:26.130Z
fd69aee1-485f-47cb-8d97-ea6d82c7eca5,user139,6e8dfaca-52e0-489c-8f8d-bad25889f8aa,4,1,7,ACERTO_VENCEDOR,2026-06-19T00:12:32.121Z
99abe378-d15b-4a6b-b2ae-91ed2fe5515b,user36,bfc8b7bc-2dcc-42ce-9123-6d1fd3c45a9d,2,1,7,ACERTO_VENCEDOR,2026-06-19T00:28:42.373Z
df81598b-fdd1-4e4e-91cb-efa5362db8a0,user36,49c174b7-c464-4916-be8e-c9adf5489d61,2,1,7,ACERTO_VENCEDOR,2026-06-19T00:31:11.278Z
d148a617-5a0c-47af-a47d-a90da1b531bd,user36,a48358d6-b4c7-4f09-a00a-cb630819f8ef,1,2,7,ACERTO_VENCEDOR,2026-06-19T00:31:41.408Z
96e6b2e1-e19c-46c1-a870-c0196ae1abe1,user36,6e8dfaca-52e0-489c-8f8d-bad25889f8aa,3,0,10,ACERTO_PLACAR,2026-06-19T00:31:57.021Z
d71ec454-2f80-469c-b94f-b385be70457a,user36,9a7c71dd-6726-4631-8f78-e5deb9fef73c,1,1,0,ERRO,2026-06-19T00:32:13.733Z
b7bf78de-87c5-447f-ac9f-eac7fad36d81,user36,1a3c502f-3218-4da5-bba5-6fe2da01734d,2,1,7,ACERTO_VENCEDOR,2026-06-19T00:32:33.610Z
6b2ca89e-4733-4233-8932-959526c6f507,user36,472a5e85-7239-4f32-ab73-fd7e96b99666,3,0,5,ACERTO_VENCEDOR,2026-06-19T00:32:51.978Z
9e7b1783-10bd-43b4-8b2e-148c54a359b7,user36,a8f50583-b1af-425d-836c-64944df6c668,2,0,0,ERRO,2026-06-19T00:33:06.929Z
d3c7c862-8da0-43f4-b0c4-99a83a199682,user36,94ee8b2b-59f5-4cb6-9039-a8ddbfb45a43,0,2,7,ACERTO_VENCEDOR,2026-06-19T00:33:22.711Z
f37dcf63-671e-4269-9b3b-a453a377f9ab,user36,ec9a9043-f83e-497e-907c-f0d58a78695a,3,0,7,ACERTO_VENCEDOR,2026-06-19T00:33:37.215Z
bc6ea365-142e-4869-9f9e-ac645be1d00e,user36,1be19345-5d2c-4123-a169-46cadcbc7ff2,2,0,0,ERRO,2026-06-19T00:33:50.342Z
75282f1e-847a-48a2-a747-95bb982e22f6,user36,e3dca7c9-b2cc-4ad4-b02c-602ad4e61091,2,0,0,ERRO,2026-06-19T00:34:08.284Z
0a951122-fd56-4c2a-bff8-8726d4d5e509,user36,ca17b700-6fcf-4698-a628-770228b859bf,1,2,7,ACERTO_VENCEDOR,2026-06-19T00:34:20.873Z
6d4fe14e-66bc-47e0-b671-6e3aabcacb44,user36,609c6c86-9a27-4c77-8f72-b0fa878924a9,2,0,10,ACERTO_PLACAR,2026-06-19T00:34:34.404Z
203308d9-79d2-446e-b481-6896bb8e4aaf,user36,e322a9b7-1a86-4fef-8d1e-276b8e2d438d,3,0,10,ACERTO_PLACAR,2026-06-19T00:34:46.878Z
1b87ef10-9b33-43f3-8633-7d1e08076bc6,user36,6488ec1b-cd97-409f-83ce-24befb4852be,2,1,7,ACERTO_VENCEDOR,2026-06-19T00:35:11.062Z
bb00127f-1a42-49a8-b451-31ccba561b54,user36,c1710c13-a884-47db-b770-4d0d7cf4b0f5,1,1,0,ERRO,2026-06-19T00:35:24.503Z
f41434f8-1632-4142-999f-78690980413a,user36,6990d81d-87d8-41b1-aea5-b6fbcfafcf7b,3,0,7,ACERTO_VENCEDOR,2026-06-19T00:35:37.432Z
3daa9bcd-c16f-49b8-b2d0-8a9b1ba7d691,user36,c5771b35-3695-40b7-a63f-1be736f9d685,2,0,0,ERRO,2026-06-19T00:35:51.521Z
73f7af72-d8c2-4cc0-829d-1467905f7a80,user36,a5897071-fca1-470c-b1f4-50ff34a5ff80,0,2,7,ACERTO_VENCEDOR,2026-06-19T00:36:04.431Z
9650a36c-8816-4303-90b2-c60825a2f8ab,user36,6038b570-f0a1-4247-9752-82e48da6649f,2,1,7,ACERTO_VENCEDOR,2026-06-19T00:36:20.216Z
51332458-e7d5-431e-b608-04ec765ec54d,user36,f3d0c2c2-ce6a-47a7-8a8d-9268cc90bb61,1,1,0,ERRO,2026-06-19T00:36:41.806Z
ac6dc548-c8b1-4e1f-8216-209e49ed468f,user36,e4d4af35-c9e0-4d1b-89b7-e72893e5642d,2,0,7,ACERTO_VENCEDOR,2026-06-19T00:36:57.433Z
fd22a0ab-aacd-449a-9d0a-5c4d77a5a640,user36,702d0496-83e0-461d-82e9-e335698fca9e,0,3,10,ACERTO_PLACAR,2026-06-19T00:37:09.907Z
d3b54724-4087-4e04-ade4-1540ac3f83fc,user36,6a824c8c-e1be-4339-acc3-3279deec17ad,3,0,5,ACERTO_VENCEDOR,2026-06-19T00:37:23.918Z
6ae3403c-359e-4648-bbec-9b3ab08181f2,user36,9ebfdd3b-789a-4e3a-a2b6-d7c31237e3d1,1,1,0,ERRO,2026-06-19T00:37:38.189Z
206bbbd5-938f-470c-b838-d5206b828738,user36,52a29ff1-0db3-48b4-921f-1aa0f8940766,1,2,5,ACERTO_VENCEDOR,2026-06-19T00:37:53.647Z
9344516a-9457-4af0-8723-4bb74de91d63,user36,9bf43d45-0c13-438c-bd7a-6092b4aef4d2,0,2,10,ACERTO_PLACAR,2026-06-19T00:38:07.496Z
6554180b-5abb-49bc-a14f-56ba78a1a9ac,user36,32e1259a-ec96-4e5b-8063-b0c1c3d87553,0,2,0,ERRO,2026-06-19T00:38:21.627Z
9ee07076-43b5-47cf-aa89-4ee0c5b549c8,user36,908bbff6-9327-41c0-995f-29581a5f84ab,0,2,7,ACERTO_VENCEDOR,2026-06-19T00:38:38.150Z
629ef6a0-ee73-4121-b30e-d50d98e676ff,user36,c7b8c1b3-52ad-4bef-81d9-1969853ba187,1,1,10,ACERTO_PLACAR,2026-06-19T00:38:52.280Z
b4fb7ea7-fff4-441a-8a9d-1393b6bbe9bf,user36,4e538c8b-876c-4009-849a-761125544175,1,2,0,ERRO,2026-06-19T00:39:06.303Z
39b9e281-89c3-4479-854c-3fa4ecd45e33,user36,e5959d04-83c8-4037-81fc-1133f95064c2,1,1,7,ACERTO_VENCEDOR,2026-06-19T00:39:20.898Z
4ee6b242-e996-4614-a9a8-cae41c53105b,user36,276fc045-6d8a-40af-ba22-7e5c4b51e177,1,2,7,ACERTO_VENCEDOR,2026-06-19T00:39:38.425Z
ba85783d-3402-4cd3-b18c-161e7eec2fc1,user36,8e4c2b7f-aab6-4c6d-b181-7a637a728533,2,0,7,ACERTO_VENCEDOR,2026-06-19T00:39:56.269Z
1d6bc621-0543-4c0c-a91c-a8a03293435e,user36,d83a4eb5-112c-4d4e-895b-737f0085d5dc,1,1,7,ACERTO_VENCEDOR,2026-06-19T00:40:12.074Z
71fb0a9a-9905-48c3-ab8a-07fbe4dad908,user36,c6a97697-806b-45f8-8deb-24669a074940,1,2,7,ACERTO_VENCEDOR,2026-06-19T00:40:27.242Z
650b49b7-e0d0-4def-9350-c7a0f0bd969c,user36,360b9169-fffe-42c2-a352-481e999c5c10,2,1,0,ERRO,2026-06-19T00:40:42.112Z
812024cf-3a5a-4de7-9211-d1a94aca0b95,user36,d7a304b0-482e-46d8-b50b-d250885daf98,0,2,5,ACERTO_VENCEDOR,2026-06-19T00:40:54.349Z
77da4746-7bf4-4ed8-9215-71801a3e2611,user36,af891675-71a4-4e36-9820-710f18ef9e27,2,0,7,ACERTO_VENCEDOR,2026-06-19T00:41:09.175Z
7c1e760c-062d-4428-b72f-ae714630be55,user36,044a487b-ee61-4547-b15b-84630aae8b47,0,3,7,ACERTO_VENCEDOR,2026-06-19T00:41:24.025Z
12e834b4-9467-4a40-b8a7-52d6bf7dbe28,user36,509c27bb-9832-4145-8630-c309ac6b50cb,2,0,7,ACERTO_VENCEDOR,2026-06-19T00:41:39.342Z
052925bc-9c11-42eb-aab7-bce47ba9467d,user36,d048e70a-4271-483f-828e-5b0f3a2c32a2,1,2,0,ERRO,2026-06-19T00:41:53.557Z
17fc155a-4460-4fb9-92c2-64f369305916,user36,b59a5f79-d8a9-4ad4-a99e-643e36491858,0,3,7,ACERTO_VENCEDOR,2026-06-19T00:42:09.996Z
4f7d63c5-40de-4a5c-9eed-5568c9f8566d,user36,5e870695-b61c-467b-91db-d4361d873104,1,2,0,ERRO,2026-06-19T00:42:25.886Z
3e51c54c-5579-41c8-8a52-60af898249dc,user8,52a29ff1-0db3-48b4-921f-1aa0f8940766,1,3,7,ACERTO_VENCEDOR,2026-06-19T00:48:07.942Z
b7fbe511-f948-4b93-8054-10efb94aebee,user8,9ebfdd3b-789a-4e3a-a2b6-d7c31237e3d1,0,2,0,ERRO,2026-06-19T00:48:36.068Z
b7e5149e-4456-4ce7-abee-881ba722ac4b,user8,f3d0c2c2-ce6a-47a7-8a8d-9268cc90bb61,2,2,0,ERRO,2026-06-19T00:51:27.880Z
8b727481-bdc6-44c0-877a-6b285b5f4436,user8,e4d4af35-c9e0-4d1b-89b7-e72893e5642d,3,0,7,ACERTO_VENCEDOR,2026-06-19T00:52:17.603Z
93724c3a-8f0e-493b-ad32-2ebd17086194,user8,702d0496-83e0-461d-82e9-e335698fca9e,0,2,7,ACERTO_VENCEDOR,2026-06-19T00:53:25.655Z
924ec78d-405d-4ce7-8ae3-cad1a11bf671,user8,6a824c8c-e1be-4339-acc3-3279deec17ad,3,1,7,ACERTO_VENCEDOR,2026-06-19T00:53:47.036Z
c54de8a9-e20f-4fb1-ad44-2aba62dff39e,user8,4e538c8b-876c-4009-849a-761125544175,1,3,0,ERRO,2026-06-19T00:54:15.760Z
0399592f-45b2-4aa1-b63b-d494bf85fd1f,user8,e5959d04-83c8-4037-81fc-1133f95064c2,0,1,0,ERRO,2026-06-19T00:54:33.969Z
a2a649a8-9c53-42d5-8f71-8406df7de226,user143,9ebfdd3b-789a-4e3a-a2b6-d7c31237e3d1,1,3,0,ERRO,2026-06-19T01:11:31.380Z
530b41d4-9eaf-4b1c-b9ed-2cfca55ea60d,user143,52a29ff1-0db3-48b4-921f-1aa0f8940766,1,2,5,ACERTO_VENCEDOR,2026-06-19T01:12:09.068Z
4ac915ac-1842-424b-a65c-040df496d021,user46,49c174b7-c464-4916-be8e-c9adf5489d61,3,1,7,ACERTO_VENCEDOR,2026-06-19T01:16:05.855Z
0a13c49a-a244-40af-a160-54a1a8b1b772,user46,9a7c71dd-6726-4631-8f78-e5deb9fef73c,0,1,10,ACERTO_PLACAR,2026-06-19T01:16:38.122Z
b535464e-8e1c-4f98-bad2-60fa8565e45b,user76,a48358d6-b4c7-4f09-a00a-cb630819f8ef,0,1,10,ACERTO_PLACAR,2026-06-19T03:37:40.585Z
8d91886a-88ea-4624-b818-b0f664d64225,user76,ec9a9043-f83e-497e-907c-f0d58a78695a,1,0,7,ACERTO_VENCEDOR,2026-06-19T03:37:40.877Z
0a3c6fdd-caca-4940-a367-7952d3d96c67,user76,9a7c71dd-6726-4631-8f78-e5deb9fef73c,2,1,0,ERRO,2026-06-19T03:37:41.232Z
7f656b8c-aae8-4e88-a459-6ce49fa44705,user76,a8f50583-b1af-425d-836c-64944df6c668,2,0,0,ERRO,2026-06-19T03:37:41.524Z
5e78e149-9348-41ad-a7b4-2e885713f554,user76,1be19345-5d2c-4123-a169-46cadcbc7ff2,3,1,0,ERRO,2026-06-19T03:37:41.816Z
f1a03017-9825-447a-8a4b-c22236f2e13a,user76,c5771b35-3695-40b7-a63f-1be736f9d685,2,1,0,ERRO,2026-06-19T03:37:42.112Z
3ff2ad9d-7033-4fbd-abe4-9be7a17ce7fb,user76,ca17b700-6fcf-4698-a628-770228b859bf,2,1,0,ERRO,2026-06-19T03:37:42.407Z
c6796d37-ecd8-48bc-bd0c-46ef6d9de077,user76,a5897071-fca1-470c-b1f4-50ff34a5ff80,1,2,7,ACERTO_VENCEDOR,2026-06-19T03:37:42.705Z
8b2003d3-7537-4865-b089-b52ce7d733f4,user76,472a5e85-7239-4f32-ab73-fd7e96b99666,4,0,5,ACERTO_VENCEDOR,2026-06-19T03:37:43.589Z
c4439378-3eb0-42c9-b8f3-18a01dbcfb97,user76,6038b570-f0a1-4247-9752-82e48da6649f,2,0,7,ACERTO_VENCEDOR,2026-06-19T03:37:44.463Z
d25d4719-fa3e-4a5a-b81b-ea8d27077ad4,user76,94ee8b2b-59f5-4cb6-9039-a8ddbfb45a43,0,2,7,ACERTO_VENCEDOR,2026-06-19T03:37:45.341Z
30fbe02a-055f-4343-8dc6-3c192758d63d,user76,1a3c502f-3218-4da5-bba5-6fe2da01734d,2,1,7,ACERTO_VENCEDOR,2026-06-19T03:37:46.212Z
79c4f36d-eb69-4ccd-94a8-5bfebc7f9d9b,user76,49c174b7-c464-4916-be8e-c9adf5489d61,2,1,7,ACERTO_VENCEDOR,2026-06-19T03:39:11.531Z
7d59d484-fc4c-4445-8d53-629b885d97d0,user144,a48358d6-b4c7-4f09-a00a-cb630819f8ef,0,2,7,ACERTO_VENCEDOR,2026-06-19T03:50:00.635Z
b55dbcf0-0d0e-4365-95d3-d09d5c5c5a3e,user144,49c174b7-c464-4916-be8e-c9adf5489d61,3,1,7,ACERTO_VENCEDOR,2026-06-19T03:50:00.912Z
46f7bcc5-9551-471c-a1ea-555811f88fef,user144,6e8dfaca-52e0-489c-8f8d-bad25889f8aa,3,0,10,ACERTO_PLACAR,2026-06-19T03:50:01.189Z
e15d0c11-a7a8-427e-b793-2c10de98a374,user13,49c174b7-c464-4916-be8e-c9adf5489d61,3,1,7,ACERTO_VENCEDOR,2026-06-19T04:20:03.772Z
379ec520-aeb5-484d-aa56-7f5af8cfa907,user13,a48358d6-b4c7-4f09-a00a-cb630819f8ef,1,2,7,ACERTO_VENCEDOR,2026-06-19T04:20:15.361Z
3e52027e-934f-4ba9-9194-6258182ed6b8,user13,6e8dfaca-52e0-489c-8f8d-bad25889f8aa,4,0,7,ACERTO_VENCEDOR,2026-06-19T04:20:20.211Z
0f565e9b-7ab6-4fbd-a20b-245c8fa33e54,user13,9a7c71dd-6726-4631-8f78-e5deb9fef73c,2,1,0,ERRO,2026-06-19T04:20:44.919Z
854c54f7-805b-4601-bac9-e9f6ccb23fd8,user40,9a7c71dd-6726-4631-8f78-e5deb9fef73c,0,1,10,ACERTO_PLACAR,2026-06-19T04:35:19.251Z
7da7c6ff-b4e1-4221-b645-77764266d8ef,user40,6e8dfaca-52e0-489c-8f8d-bad25889f8aa,4,0,7,ACERTO_VENCEDOR,2026-06-19T04:35:21.080Z
e3a5cc59-42a3-4307-b6b2-1d3a98ba09d0,user40,49c174b7-c464-4916-be8e-c9adf5489d61,2,0,10,ACERTO_PLACAR,2026-06-19T04:35:21.340Z
9f8816da-3b30-4a0c-a323-e834407e14af,user40,a48358d6-b4c7-4f09-a00a-cb630819f8ef,1,3,5,ACERTO_VENCEDOR,2026-06-19T04:35:21.600Z
0c366db3-86c2-414a-a59d-c47f33e5f74c,user1,49c174b7-c464-4916-be8e-c9adf5489d61,2,1,7,ACERTO_VENCEDOR,2026-06-19T06:22:07.417Z
ee9eeeef-6d7d-4864-b5ef-1cb724536978,user1,a48358d6-b4c7-4f09-a00a-cb630819f8ef,1,2,7,ACERTO_VENCEDOR,2026-06-19T06:22:11.813Z
ed5794ae-20a8-49b8-8254-3926578f659d,user1,6e8dfaca-52e0-489c-8f8d-bad25889f8aa,4,0,7,ACERTO_VENCEDOR,2026-06-19T06:22:18.547Z
6a0f2024-1dac-4bc4-9b64-86124cfdd0f3,user1,9a7c71dd-6726-4631-8f78-e5deb9fef73c,1,0,0,ERRO,2026-06-19T06:22:29.690Z
9b62524d-a8a5-434d-9f5b-8b4da7d91460,user3,a48358d6-b4c7-4f09-a00a-cb630819f8ef,1,2,7,ACERTO_VENCEDOR,2026-06-19T07:54:15.328Z
e931b21a-09f3-4c1b-9662-a2ac37bb2024,user3,6e8dfaca-52e0-489c-8f8d-bad25889f8aa,3,0,10,ACERTO_PLACAR,2026-06-19T07:54:23.600Z
54dec6c7-4e9d-4920-bdbe-0f19003bc7bb,user3,9a7c71dd-6726-4631-8f78-e5deb9fef73c,2,0,0,ERRO,2026-06-19T07:54:33.619Z
c200c28a-33bf-4a82-869b-3cdf7c8baf3c,user3,49c174b7-c464-4916-be8e-c9adf5489d61,1,1,0,ERRO,2026-06-19T07:54:40.733Z
ab2ba4b7-3322-4a58-9371-bc5a085e3993,user3,1a3c502f-3218-4da5-bba5-6fe2da01734d,2,0,5,ACERTO_VENCEDOR,2026-06-19T07:55:06.284Z
1a9c529a-8a84-47c9-9ab5-6390ed96d55a,user3,472a5e85-7239-4f32-ab73-fd7e96b99666,3,2,7,ACERTO_VENCEDOR,2026-06-19T07:55:13.512Z
2adcde3b-722c-4abe-9249-c9d7b93e1b87,user3,a8f50583-b1af-425d-836c-64944df6c668,3,0,0,ERRO,2026-06-19T07:55:22.454Z
df684463-4f23-42ea-ab72-8a1c419e894b,user146,49c174b7-c464-4916-be8e-c9adf5489d61,2,2,0,ERRO,2026-06-19T12:28:07.666Z
27de3a41-9a90-4320-a70e-c5f09f6a5486,user146,6e8dfaca-52e0-489c-8f8d-bad25889f8aa,2,1,5,ACERTO_VENCEDOR,2026-06-19T12:28:08.154Z
62cf3086-0277-4fc3-99ea-59dde29b6da0,user146,9a7c71dd-6726-4631-8f78-e5deb9fef73c,1,1,0,ERRO,2026-06-19T12:28:09.301Z
97503eaa-1ddb-48d2-bbc6-ab22b5000733,user146,a48358d6-b4c7-4f09-a00a-cb630819f8ef,0,1,10,ACERTO_PLACAR,2026-06-19T12:28:45.342Z
339d36dc-c2ca-4966-84db-5ab4c80b9e38,user146,6a824c8c-e1be-4339-acc3-3279deec17ad,3,0,5,ACERTO_VENCEDOR,2026-06-19T12:44:07.776Z
82595125-2bf9-4e2c-94ee-0e8afef1ebdb,user146,702d0496-83e0-461d-82e9-e335698fca9e,0,1,7,ACERTO_VENCEDOR,2026-06-19T12:44:44.107Z
2d7ac806-52af-4663-9957-b422e5d944ab,user146,f3d0c2c2-ce6a-47a7-8a8d-9268cc90bb61,2,2,0,ERRO,2026-06-19T12:45:22.428Z
1a5be6ca-57fc-4ab0-8ac9-c460518d40b5,user146,e4d4af35-c9e0-4d1b-89b7-e72893e5642d,1,0,5,ACERTO_VENCEDOR,2026-06-19T12:45:36.701Z
7cf8d5a2-d1cb-42bb-b1c9-2e5b64901fef,user146,4e538c8b-876c-4009-849a-761125544175,0,1,0,ERRO,2026-06-19T12:46:16.583Z
97fc6bf7-82d6-4afd-8ad9-a12e695caccd,user146,e5959d04-83c8-4037-81fc-1133f95064c2,1,1,7,ACERTO_VENCEDOR,2026-06-19T12:46:26.236Z
1b034a2f-b85f-412b-b92f-e3347a1ccc0c,user146,472a5e85-7239-4f32-ab73-fd7e96b99666,1,0,7,ACERTO_VENCEDOR,2026-06-19T12:46:44.842Z
f9820283-74a5-47eb-93c2-d3a154b900ee,user146,a8f50583-b1af-425d-836c-64944df6c668,2,0,0,ERRO,2026-06-19T12:46:54.863Z
1b19c581-a005-4a99-ad54-22c8fb55db1c,user146,32e1259a-ec96-4e5b-8063-b0c1c3d87553,0,2,0,ERRO,2026-06-19T12:47:10.212Z
cbac7f26-f7b7-4d91-9558-4c29689330a2,user146,9bf43d45-0c13-438c-bd7a-6092b4aef4d2,0,2,10,ACERTO_PLACAR,2026-06-19T12:47:22.088Z
dac22fc8-0495-42af-8673-4d0b2c222e6b,user146,1a3c502f-3218-4da5-bba5-6fe2da01734d,2,0,5,ACERTO_VENCEDOR,2026-06-19T12:47:37.560Z
8e171eb0-499a-42bb-a9d4-5499b9d686e6,user146,94ee8b2b-59f5-4cb6-9039-a8ddbfb45a43,1,2,5,ACERTO_VENCEDOR,2026-06-19T12:47:49.017Z
4a467ef6-a263-4ad2-9fe9-ab6266cb3f13,user146,908bbff6-9327-41c0-995f-29581a5f84ab,1,3,10,ACERTO_PLACAR,2026-06-19T12:48:03.128Z
8288aaec-98a5-4c02-bb6b-109496ad0af0,user146,c7b8c1b3-52ad-4bef-81d9-1969853ba187,2,0,0,ERRO,2026-06-19T12:48:20.873Z
085dd16d-8dd3-45a1-8186-ff5389050a9a,user146,1be19345-5d2c-4123-a169-46cadcbc7ff2,1,0,0,ERRO,2026-06-19T12:52:44.389Z
02dc5724-ab25-43a2-b59a-6fc758d6414f,user146,ca17b700-6fcf-4698-a628-770228b859bf,0,1,5,ACERTO_VENCEDOR,2026-06-19T12:52:54.248Z
7ca0c9d6-0535-44e4-ac3b-7729e5cd43e8,user146,d7a304b0-482e-46d8-b50b-d250885daf98,1,2,7,ACERTO_VENCEDOR,2026-06-19T12:53:11.389Z
5fb9aac0-d95b-46e2-9dd1-6e2981c5cc26,user146,360b9169-fffe-42c2-a352-481e999c5c10,2,0,0,ERRO,2026-06-19T12:53:29.006Z
a689cc10-0bcf-424e-a534-974d65dea565,user146,ec9a9043-f83e-497e-907c-f0d58a78695a,2,0,7,ACERTO_VENCEDOR,2026-06-19T12:53:50.225Z
786c0b93-6c11-446c-9963-a63139472c24,user146,e3dca7c9-b2cc-4ad4-b02c-602ad4e61091,1,1,7,ACERTO_VENCEDOR,2026-06-19T12:54:02.960Z
27833d63-55d5-4cc2-9a65-0c5b7d4e4188,user146,d83a4eb5-112c-4d4e-895b-737f0085d5dc,2,0,0,ERRO,2026-06-19T12:54:18.569Z
cbbd5056-e197-472d-b011-2a0bfb2fd291,user146,c6a97697-806b-45f8-8deb-24669a074940,2,2,0,ERRO,2026-06-19T12:54:37.797Z
d76285a2-d4ec-4ff0-927f-f6ad3e271df0,user146,e322a9b7-1a86-4fef-8d1e-276b8e2d438d,3,0,10,ACERTO_PLACAR,2026-06-19T12:54:58.811Z
f2981adb-3220-40f9-9eb7-afc740ccc45d,user146,6488ec1b-cd97-409f-83ce-24befb4852be,1,2,0,ERRO,2026-06-19T12:55:22.690Z
b162fdf3-169d-4cc2-af37-785bde456167,user146,8e4c2b7f-aab6-4c6d-b181-7a637a728533,3,0,7,ACERTO_VENCEDOR,2026-06-19T12:55:47.056Z
e3477437-2041-485d-9231-d1cb42a72738,user146,276fc045-6d8a-40af-ba22-7e5c4b51e177,2,2,0,ERRO,2026-06-19T12:56:42.189Z
6e6a5117-2d55-476d-8ad5-252a99ff6f11,user146,609c6c86-9a27-4c77-8f72-b0fa878924a9,3,1,7,ACERTO_VENCEDOR,2026-06-19T12:57:22.559Z
fcb8067d-cbc2-4570-b22d-d379bf929fb8,user146,c1710c13-a884-47db-b770-4d0d7cf4b0f5,1,1,0,ERRO,2026-06-19T12:57:33.492Z
c28172cb-044f-49f4-9c76-c0619a38c37c,user146,5e870695-b61c-467b-91db-d4361d873104,1,0,0,ERRO,2026-06-19T12:57:51.355Z
f31b12dc-a09f-4356-94e1-2f3dd64d3e31,user146,b59a5f79-d8a9-4ad4-a99e-643e36491858,0,2,7,ACERTO_VENCEDOR,2026-06-19T12:58:10.610Z
6f22e6a8-4435-471e-aa9f-cae024b9b620,user146,6990d81d-87d8-41b1-aea5-b6fbcfafcf7b,2,0,7,ACERTO_VENCEDOR,2026-06-19T12:58:30.202Z
6332609d-850c-4004-afc4-b943462c533d,user146,6038b570-f0a1-4247-9752-82e48da6649f,2,2,0,ERRO,2026-06-19T12:58:40.338Z
55064ec7-e1e0-45c7-ab89-ebd539033f2b,user146,509c27bb-9832-4145-8630-c309ac6b50cb,2,0,7,ACERTO_VENCEDOR,2026-06-19T12:58:54.702Z
5b3e20bd-cc6b-4675-8b60-b363bb9cb51e,user146,d048e70a-4271-483f-828e-5b0f3a2c32a2,0,1,0,ERRO,2026-06-19T12:59:03.469Z
a217d568-b2a9-4e4a-81a4-1e8c1f107c16,user146,c5771b35-3695-40b7-a63f-1be736f9d685,1,0,0,ERRO,2026-06-19T13:00:11.801Z
ff08f65a-3f55-49fd-8bd9-0504d92abc53,user146,a5897071-fca1-470c-b1f4-50ff34a5ff80,0,2,7,ACERTO_VENCEDOR,2026-06-19T13:00:23.385Z
7cf010df-cbda-4048-be04-f34a369bc1cf,user146,af891675-71a4-4e36-9820-710f18ef9e27,2,2,0,ERRO,2026-06-19T13:00:46.759Z
432dd017-c545-449b-ad38-6d8995334cde,user146,044a487b-ee61-4547-b15b-84630aae8b47,1,2,7,ACERTO_VENCEDOR,2026-06-19T13:00:56.194Z
0ee50454-c025-4879-8338-2f059780bbe8,user147,a48358d6-b4c7-4f09-a00a-cb630819f8ef,1,0,0,ERRO,2026-06-19T13:03:35.454Z
8621c71c-7408-4bb2-8383-82fb7ae966af,user147,49c174b7-c464-4916-be8e-c9adf5489d61,1,0,7,ACERTO_VENCEDOR,2026-06-19T13:03:36.774Z
74151242-68a0-421a-9cfa-bff29a3dc496,user147,6e8dfaca-52e0-489c-8f8d-bad25889f8aa,6,0,7,ACERTO_VENCEDOR,2026-06-19T13:03:38.663Z
57d22c47-9f25-421f-a6d9-3968d5d0dfff,user147,9a7c71dd-6726-4631-8f78-e5deb9fef73c,1,2,7,ACERTO_VENCEDOR,2026-06-19T13:04:29.922Z
a628ad93-458d-4630-9b92-329a5a28229f,user113,49c174b7-c464-4916-be8e-c9adf5489d61,3,1,7,ACERTO_VENCEDOR,2026-06-19T13:18:31.420Z
172fa1c6-240f-4dad-8157-12d9da3aa284,user113,a48358d6-b4c7-4f09-a00a-cb630819f8ef,2,3,7,ACERTO_VENCEDOR,2026-06-19T13:19:28.361Z
aa8f1be6-6c52-42fd-b61a-1ce545ad06f8,user113,6e8dfaca-52e0-489c-8f8d-bad25889f8aa,3,0,10,ACERTO_PLACAR,2026-06-19T13:19:35.628Z
edfa4c72-3889-4f47-8d8f-65990ccf09d0,user113,9a7c71dd-6726-4631-8f78-e5deb9fef73c,3,0,0,ERRO,2026-06-19T13:19:53.997Z
a76f6452-6734-4bc3-9e74-ab230c9a859d,user54,49c174b7-c464-4916-be8e-c9adf5489d61,0,1,0,ERRO,2026-06-19T13:23:25.007Z
19d914e2-b9be-4fd4-b1c5-44a85930d9e5,user54,a48358d6-b4c7-4f09-a00a-cb630819f8ef,2,1,0,ERRO,2026-06-19T13:23:33.931Z
30088a0c-2c02-4471-8368-716587f8089f,user54,6e8dfaca-52e0-489c-8f8d-bad25889f8aa,2,1,5,ACERTO_VENCEDOR,2026-06-19T13:23:41.290Z
adaad53a-04e7-4d18-b249-2940973bfba3,user54,9a7c71dd-6726-4631-8f78-e5deb9fef73c,1,2,7,ACERTO_VENCEDOR,2026-06-19T13:23:49.364Z
5752033d-ba44-45a1-9dfd-b2a66aeb5a9b,user144,9a7c71dd-6726-4631-8f78-e5deb9fef73c,2,1,0,ERRO,2026-06-19T13:37:03.150Z
17dad243-de29-43d4-a4da-6966369ff4b0,user1,472a5e85-7239-4f32-ab73-fd7e96b99666,3,1,7,ACERTO_VENCEDOR,2026-06-19T14:45:54.220Z
c8a51602-a216-4a23-8859-008af5f7ae2d,user1,a8f50583-b1af-425d-836c-64944df6c668,2,0,0,ERRO,2026-06-19T14:45:54.452Z
41b81538-d67f-4b99-b704-b73af77a1d58,user1,1a3c502f-3218-4da5-bba5-6fe2da01734d,2,1,7,ACERTO_VENCEDOR,2026-06-19T14:46:32.459Z
845eb74e-7d16-4d8a-b6fb-3b0f196f38e3,user1,94ee8b2b-59f5-4cb6-9039-a8ddbfb45a43,0,3,7,ACERTO_VENCEDOR,2026-06-19T14:46:32.494Z
ee434c2e-319c-4b3d-aa53-6e74a7688108,user119,9a7c71dd-6726-4631-8f78-e5deb9fef73c,1,3,5,ACERTO_VENCEDOR,2026-06-19T14:54:02.689Z
5f88f805-d4d6-4e7a-94f7-f3fe5507febe,user4,49c174b7-c464-4916-be8e-c9adf5489d61,2,1,7,ACERTO_VENCEDOR,2026-06-19T15:03:10.658Z
42eadb07-4d3f-4317-986a-1927a2ce2b88,user4,a48358d6-b4c7-4f09-a00a-cb630819f8ef,0,2,7,ACERTO_VENCEDOR,2026-06-19T15:03:19.827Z
2c11d10e-c40e-467c-b139-171d1effc17f,user4,6e8dfaca-52e0-489c-8f8d-bad25889f8aa,3,0,10,ACERTO_PLACAR,2026-06-19T15:03:29.059Z
a01c12c1-ccae-49ea-b860-b22a0b912951,user5,49c174b7-c464-4916-be8e-c9adf5489d61,2,1,7,ACERTO_VENCEDOR,2026-06-19T15:05:09.085Z
2b4d6c67-308f-46af-af1c-a2edf6445a04,user5,a48358d6-b4c7-4f09-a00a-cb630819f8ef,0,2,7,ACERTO_VENCEDOR,2026-06-19T15:06:00.575Z
bbf73771-bc3c-40e4-a3a0-1e3af3b98b2e,user5,6e8dfaca-52e0-489c-8f8d-bad25889f8aa,4,0,7,ACERTO_VENCEDOR,2026-06-19T15:06:08.135Z
0a444078-9864-4951-beca-2e9c76ab81e4,user5,9a7c71dd-6726-4631-8f78-e5deb9fef73c,2,2,0,ERRO,2026-06-19T15:06:17.572Z
4754845b-a8bc-4708-9481-fdd84f93e106,user4,9a7c71dd-6726-4631-8f78-e5deb9fef73c,1,1,0,ERRO,2026-06-19T15:06:28.557Z
d6af1f04-7f03-4284-a66f-ef8744e523fa,user11,1a3c502f-3218-4da5-bba5-6fe2da01734d,3,2,5,ACERTO_VENCEDOR,2026-06-19T15:08:09.631Z
0c33bb8f-986e-41c6-ab08-81019debf8e7,user11,472a5e85-7239-4f32-ab73-fd7e96b99666,3,1,7,ACERTO_VENCEDOR,2026-06-19T15:08:31.784Z
21c50431-0ffd-4c0f-a57c-4e981f0c7f0f,user11,a8f50583-b1af-425d-836c-64944df6c668,2,0,0,ERRO,2026-06-19T15:08:56.360Z
003ee545-1f14-434e-ac88-54a310c63a49,user11,ec9a9043-f83e-497e-907c-f0d58a78695a,3,1,5,ACERTO_VENCEDOR,2026-06-19T15:09:58.110Z
140ced99-0005-4a3e-8e82-377aff20b5d8,user11,1be19345-5d2c-4123-a169-46cadcbc7ff2,2,0,0,ERRO,2026-06-19T15:10:15.212Z
ee262860-aafd-424a-bdda-3e785c0fa757,user11,e3dca7c9-b2cc-4ad4-b02c-602ad4e61091,2,1,0,ERRO,2026-06-19T15:10:26.841Z
9c4c5ad5-1e20-4b42-8a70-2254eeb6d8ca,user11,ca17b700-6fcf-4698-a628-770228b859bf,1,2,7,ACERTO_VENCEDOR,2026-06-19T15:11:00.779Z
f6f0c782-6520-4681-b16b-f2f128d4faee,user12,49c174b7-c464-4916-be8e-c9adf5489d61,2,1,7,ACERTO_VENCEDOR,2026-06-19T15:12:39.477Z
f1b67c96-becd-4ba4-b404-e49ef8b2f5db,user12,a48358d6-b4c7-4f09-a00a-cb630819f8ef,1,1,0,ERRO,2026-06-19T15:13:00.313Z
e2e59114-32d3-4efd-9c24-148dedd83b55,user12,6e8dfaca-52e0-489c-8f8d-bad25889f8aa,3,1,7,ACERTO_VENCEDOR,2026-06-19T15:13:12.788Z
4c98f5b8-89d8-4f4a-8f07-056365fd976a,user12,9a7c71dd-6726-4631-8f78-e5deb9fef73c,1,2,7,ACERTO_VENCEDOR,2026-06-19T15:13:21.717Z
12585bd8-eef4-4ac5-88b0-96780727c06c,user145,a48358d6-b4c7-4f09-a00a-cb630819f8ef,0,2,7,ACERTO_VENCEDOR,2026-06-19T15:18:27.225Z
92e94f38-8280-420c-9cc7-48f4ceb1afcd,user145,6e8dfaca-52e0-489c-8f8d-bad25889f8aa,4,0,7,ACERTO_VENCEDOR,2026-06-19T15:18:27.737Z
123d257f-ac5a-4393-869b-a239f08e95b2,user145,9a7c71dd-6726-4631-8f78-e5deb9fef73c,3,2,0,ERRO,2026-06-19T15:18:27.992Z
34dd167e-d7a6-4869-b886-d14584c5d824,user145,49c174b7-c464-4916-be8e-c9adf5489d61,3,1,7,ACERTO_VENCEDOR,2026-06-19T15:18:29.024Z
f13d8052-5015-4969-a0f8-88a36e5adb8c,user134,9a7c71dd-6726-4631-8f78-e5deb9fef73c,1,1,0,ERRO,2026-06-19T17:40:19.603Z
6c5342e7-77a2-4460-8546-959308efe6a7,user134,6e8dfaca-52e0-489c-8f8d-bad25889f8aa,3,0,10,ACERTO_PLACAR,2026-06-19T17:40:19.870Z
2a989419-26e2-47f6-bac1-036513c16aac,user134,49c174b7-c464-4916-be8e-c9adf5489d61,2,0,10,ACERTO_PLACAR,2026-06-19T17:40:20.137Z
9dfa4b8e-7cc6-4078-b8a6-7079544635f2,user134,a48358d6-b4c7-4f09-a00a-cb630819f8ef,0,2,7,ACERTO_VENCEDOR,2026-06-19T17:40:20.405Z
b8f8b507-8df8-45e9-a8c5-f91acf59028d,user64,49c174b7-c464-4916-be8e-c9adf5489d61,3,2,5,ACERTO_VENCEDOR,2026-06-19T17:45:25.108Z
cc4a4cce-e262-4376-a197-05b3949bbfa8,user64,a48358d6-b4c7-4f09-a00a-cb630819f8ef,2,1,0,ERRO,2026-06-19T17:45:56.772Z
cfaadcaa-b318-439a-965c-6ecc826226ea,user64,6e8dfaca-52e0-489c-8f8d-bad25889f8aa,4,2,5,ACERTO_VENCEDOR,2026-06-19T17:46:47.577Z
64f6857c-ff10-4444-a61d-ab2ee029c4f5,user64,9a7c71dd-6726-4631-8f78-e5deb9fef73c,3,1,0,ERRO,2026-06-19T17:47:16.879Z
b75327a0-d3a1-465e-82f2-d55cfdbce5bb,user28,49c174b7-c464-4916-be8e-c9adf5489d61,2,1,7,ACERTO_VENCEDOR,2026-06-19T17:49:48.598Z
e5ef3b19-40bb-4968-bf70-a5886791c376,user28,a48358d6-b4c7-4f09-a00a-cb630819f8ef,1,1,0,ERRO,2026-06-19T17:50:32.074Z
a041d750-36ff-4a29-8313-0da47b917b05,user28,6e8dfaca-52e0-489c-8f8d-bad25889f8aa,2,1,5,ACERTO_VENCEDOR,2026-06-19T17:51:38.226Z
80620f03-6630-45d8-8019-60c38bbbe96d,user28,9a7c71dd-6726-4631-8f78-e5deb9fef73c,0,1,10,ACERTO_PLACAR,2026-06-19T17:52:32.902Z
9688eb3d-0da2-459b-a248-53c11554d17d,user2,49c174b7-c464-4916-be8e-c9adf5489d61,2,0,10,ACERTO_PLACAR,2026-06-19T18:57:03.837Z
c1815fc2-89ab-45b2-bc1e-b524a8970f2b,user2,a48358d6-b4c7-4f09-a00a-cb630819f8ef,1,2,7,ACERTO_VENCEDOR,2026-06-19T18:57:13.645Z
43fff2db-fe82-450b-baf9-588c4a9d5a9f,user2,6e8dfaca-52e0-489c-8f8d-bad25889f8aa,4,0,7,ACERTO_VENCEDOR,2026-06-19T18:57:21.898Z
86a0a048-dfcc-4c9b-987d-05142ca7e482,user2,9a7c71dd-6726-4631-8f78-e5deb9fef73c,2,0,0,ERRO,2026-06-19T18:57:34.846Z
4d683e82-e7c1-4a71-b999-d54689296087,user136,a48358d6-b4c7-4f09-a00a-cb630819f8ef,2,3,7,ACERTO_VENCEDOR,2026-06-19T19:01:06.520Z
25bbc23f-1a16-4e38-8393-3230f1f23366,user136,6e8dfaca-52e0-489c-8f8d-bad25889f8aa,4,1,7,ACERTO_VENCEDOR,2026-06-19T19:01:14.410Z
00ce679c-edfd-460b-9876-d21da8ef6565,user136,9a7c71dd-6726-4631-8f78-e5deb9fef73c,2,2,0,ERRO,2026-06-19T19:01:29.722Z
46c40328-96cd-48d7-b623-4f2bc2fad5a5,user104,a48358d6-b4c7-4f09-a00a-cb630819f8ef,0,3,7,ACERTO_VENCEDOR,2026-06-19T19:27:04.167Z
13dc9a81-8d49-45f2-b56f-01fbee356533,user104,6e8dfaca-52e0-489c-8f8d-bad25889f8aa,4,1,7,ACERTO_VENCEDOR,2026-06-19T19:28:40.063Z
fce663c2-ea98-42b9-b934-47e0e4661426,user104,9a7c71dd-6726-4631-8f78-e5deb9fef73c,2,0,0,ERRO,2026-06-19T19:29:43.478Z
08064624-0bd7-4031-ad95-7a30eba2c6b4,user61,a48358d6-b4c7-4f09-a00a-cb630819f8ef,0,2,7,ACERTO_VENCEDOR,2026-06-19T19:49:47.031Z
9f71f51f-8c17-4c6f-a398-e4596402aa2e,user61,6e8dfaca-52e0-489c-8f8d-bad25889f8aa,4,0,7,ACERTO_VENCEDOR,2026-06-19T19:49:47.308Z
caa8d828-20dc-4ab8-b5fb-8692ca989241,user61,9a7c71dd-6726-4631-8f78-e5deb9fef73c,2,1,0,ERRO,2026-06-19T19:49:48.695Z
aa656254-1a73-40c5-8100-3540c2d6d6be,user9,a48358d6-b4c7-4f09-a00a-cb630819f8ef,0,2,7,ACERTO_VENCEDOR,2026-06-19T19:50:21.358Z
a98da08d-4f4b-4d51-b6ae-0cb86d30d13a,user9,6e8dfaca-52e0-489c-8f8d-bad25889f8aa,2,1,5,ACERTO_VENCEDOR,2026-06-19T19:50:29.182Z
5b50868c-fa22-4cd4-8916-aca13301df99,user150,9a7c71dd-6726-4631-8f78-e5deb9fef73c,3,0,0,ERRO,2026-06-19T19:51:48.337Z
c75d691a-e33f-47ed-94d5-734feaf27793,user150,6e8dfaca-52e0-489c-8f8d-bad25889f8aa,4,1,7,ACERTO_VENCEDOR,2026-06-19T19:51:49.847Z
9aff0b8a-dee1-4116-ad75-bace56bd79fc,user150,a48358d6-b4c7-4f09-a00a-cb630819f8ef,2,1,0,ERRO,2026-06-19T19:51:51.842Z
b2e52ac3-5268-4805-864a-ebda6fc5456f,user151,6e8dfaca-52e0-489c-8f8d-bad25889f8aa,4,0,7,ACERTO_VENCEDOR,2026-06-19T19:54:15.980Z
7375abcb-5f2c-4dd5-8a83-a51da581fc69,user151,a48358d6-b4c7-4f09-a00a-cb630819f8ef,0,2,7,ACERTO_VENCEDOR,2026-06-19T19:54:59.633Z
318a28fc-0765-4e04-b7b7-b5019163f696,user76,6e8dfaca-52e0-489c-8f8d-bad25889f8aa,2,1,5,ACERTO_VENCEDOR,2026-06-19T20:01:58.017Z
b04882c4-74a3-4cf7-83b3-394d98b32dae,user83,a48358d6-b4c7-4f09-a00a-cb630819f8ef,0,1,10,ACERTO_PLACAR,2026-06-19T20:06:31.243Z
0e2d0605-f0a7-4ba4-8cba-1547abdaf684,user83,6e8dfaca-52e0-489c-8f8d-bad25889f8aa,2,1,5,ACERTO_VENCEDOR,2026-06-19T20:06:32.542Z
4e65643a-e2e6-4c44-8262-900fbff9471d,user152,9a7c71dd-6726-4631-8f78-e5deb9fef73c,2,1,0,ERRO,2026-06-19T20:17:14.566Z
b521e8d2-5613-4cfa-810d-e6e3bfbf2b27,user152,6e8dfaca-52e0-489c-8f8d-bad25889f8aa,1,0,7,ACERTO_VENCEDOR,2026-06-19T20:17:15.864Z
01c9e7c8-5730-40f7-a71e-1a6223eca6a1,user152,a48358d6-b4c7-4f09-a00a-cb630819f8ef,2,0,0,ERRO,2026-06-19T20:17:17.728Z
4d2d8e47-8b29-4da2-ab00-ad56e6761ca9,user153,9ebfdd3b-789a-4e3a-a2b6-d7c31237e3d1,2,2,0,ERRO,2026-06-19T20:18:57.889Z
0ddf470f-d7a5-4866-a642-500a66db22f4,user153,52a29ff1-0db3-48b4-921f-1aa0f8940766,0,1,7,ACERTO_VENCEDOR,2026-06-19T20:18:58.148Z
0823458a-7420-44d9-84aa-d91d82c73b8a,user155,a48358d6-b4c7-4f09-a00a-cb630819f8ef,1,2,7,ACERTO_VENCEDOR,2026-06-19T20:36:03.694Z
22b47fe9-850a-4c62-9842-2adbb8f8c5c0,user155,6e8dfaca-52e0-489c-8f8d-bad25889f8aa,4,0,7,ACERTO_VENCEDOR,2026-06-19T20:36:04.277Z
e7287c28-cf2c-4cd9-a5c3-f661d5cf396b,user155,9a7c71dd-6726-4631-8f78-e5deb9fef73c,2,1,0,ERRO,2026-06-19T20:36:05.448Z
e02e4afa-d9b5-465f-aed4-094ac0377261,user156,94ee8b2b-59f5-4cb6-9039-a8ddbfb45a43,1,3,5,ACERTO_VENCEDOR,2026-06-19T20:40:23.893Z
a393ac66-f5ae-4b8c-af8b-166ca228ddda,user156,a48358d6-b4c7-4f09-a00a-cb630819f8ef,0,2,7,ACERTO_VENCEDOR,2026-06-19T20:40:25.540Z
af90712d-f471-47f3-98de-db3af4db428f,user156,9a7c71dd-6726-4631-8f78-e5deb9fef73c,2,1,0,ERRO,2026-06-19T20:40:26.086Z
0aa7c661-4ca3-42bd-8fc4-e8c2b7514c72,user156,472a5e85-7239-4f32-ab73-fd7e96b99666,3,0,5,ACERTO_VENCEDOR,2026-06-19T20:40:26.365Z
21763bd2-a599-4cef-9155-b7f3119065ae,user156,6e8dfaca-52e0-489c-8f8d-bad25889f8aa,5,0,7,ACERTO_VENCEDOR,2026-06-19T20:40:27.453Z
61ff0951-f856-41ad-a3e8-5490859600b5,user156,a8f50583-b1af-425d-836c-64944df6c668,3,0,0,ERRO,2026-06-19T20:40:27.725Z
d348b27d-ff0c-45b6-88c6-d8a6f7f44791,user156,1a3c502f-3218-4da5-bba5-6fe2da01734d,2,1,7,ACERTO_VENCEDOR,2026-06-19T20:40:27.997Z
125ddecf-181f-4413-bf29-36f266c0c2cf,user156,1be19345-5d2c-4123-a169-46cadcbc7ff2,3,0,0,ERRO,2026-06-19T20:40:28.269Z
1a1d92b1-5de0-4ec1-8a45-2e2c4d0cd0ab,user156,e3dca7c9-b2cc-4ad4-b02c-602ad4e61091,2,0,0,ERRO,2026-06-19T20:40:28.541Z
634a9679-3881-4c91-b821-d3f878ab5928,user156,ec9a9043-f83e-497e-907c-f0d58a78695a,4,0,10,ACERTO_PLACAR,2026-06-19T20:40:29.633Z
0212108d-974c-40ec-b32d-54f34f4dd77d,user148,6e8dfaca-52e0-489c-8f8d-bad25889f8aa,2,1,5,ACERTO_VENCEDOR,2026-06-19T20:44:56.192Z
6c98a0a9-6267-4900-9ffc-9a0ff18ecedd,user158,6e8dfaca-52e0-489c-8f8d-bad25889f8aa,4,0,7,ACERTO_VENCEDOR,2026-06-19T22:00:32.343Z
c3a00710-7d73-4137-9107-29e79388bea1,user158,9a7c71dd-6726-4631-8f78-e5deb9fef73c,2,1,0,ERRO,2026-06-19T22:00:32.604Z
de50b9d3-9889-4521-8205-3cb2950fa4e7,user159,6e8dfaca-52e0-489c-8f8d-bad25889f8aa,3,1,7,ACERTO_VENCEDOR,2026-06-19T22:11:23.074Z
9e8fa65f-64cf-4622-9930-240aee2c7008,user159,9a7c71dd-6726-4631-8f78-e5deb9fef73c,1,1,0,ERRO,2026-06-19T22:11:43.274Z
e1c60474-4884-454b-b058-55f2aba78b7f,user160,6e8dfaca-52e0-489c-8f8d-bad25889f8aa,3,0,10,ACERTO_PLACAR,2026-06-19T22:14:36.942Z
8af35e39-e927-4e47-b78a-8a81165c686c,user160,9a7c71dd-6726-4631-8f78-e5deb9fef73c,2,2,0,ERRO,2026-06-19T22:15:23.174Z
8a160b24-a790-4099-9167-55e9c2ff847c,user161,6e8dfaca-52e0-489c-8f8d-bad25889f8aa,3,0,10,ACERTO_PLACAR,2026-06-19T22:58:44.625Z
1baa9601-3e97-460c-bc68-4b39cca41a93,user161,9a7c71dd-6726-4631-8f78-e5deb9fef73c,1,1,0,ERRO,2026-06-19T22:58:46.423Z
186f40f8-c171-4a97-b3ad-cb952ac551d3,user162,6e8dfaca-52e0-489c-8f8d-bad25889f8aa,4,1,7,ACERTO_VENCEDOR,2026-06-19T23:12:13.396Z
5a1076f2-cef6-421a-8aeb-786b1bb73cec,user162,9a7c71dd-6726-4631-8f78-e5deb9fef73c,2,1,0,ERRO,2026-06-19T23:12:48.957Z
288e027f-7d51-432d-b12d-8030b25ac184,user15,6e8dfaca-52e0-489c-8f8d-bad25889f8aa,2,0,7,ACERTO_VENCEDOR,2026-06-19T23:33:00.094Z
07655ce9-7879-4939-8f3b-dcafee4efa78,user24,6e8dfaca-52e0-489c-8f8d-bad25889f8aa,2,1,5,ACERTO_VENCEDOR,2026-06-19T23:52:36.504Z
856616bd-9a78-4dbd-a1c4-dc8f9796574f,user52,6e8dfaca-52e0-489c-8f8d-bad25889f8aa,4,1,7,ACERTO_VENCEDOR,2026-06-19T23:52:41.615Z
e8ff1be2-0989-42d1-8181-155f378e8c98,user24,9a7c71dd-6726-4631-8f78-e5deb9fef73c,1,0,0,ERRO,2026-06-19T23:52:45.765Z
c0664493-e4ba-4263-b0b6-63861a3693e1,user52,9a7c71dd-6726-4631-8f78-e5deb9fef73c,0,2,7,ACERTO_VENCEDOR,2026-06-19T23:52:59.519Z
d7511927-86bd-4bf1-937f-5887d079b710,user52,1a3c502f-3218-4da5-bba5-6fe2da01734d,2,2,0,ERRO,2026-06-19T23:53:08.338Z
76be6095-532c-4d78-83e1-17706d4c5a7d,user52,472a5e85-7239-4f32-ab73-fd7e96b99666,3,1,7,ACERTO_VENCEDOR,2026-06-19T23:53:21.181Z
7b8c7d52-abbb-4aba-9236-15a4914339d8,user52,a8f50583-b1af-425d-836c-64944df6c668,3,0,0,ERRO,2026-06-19T23:53:29.306Z
8ab24d2b-c28c-43c6-9628-95c7f9843e29,user163,6e8dfaca-52e0-489c-8f8d-bad25889f8aa,3,1,7,ACERTO_VENCEDOR,2026-06-19T23:54:06.431Z
e6dafa55-3eec-41ec-92b3-4693835b2fdb,user163,9a7c71dd-6726-4631-8f78-e5deb9fef73c,2,2,0,ERRO,2026-06-19T23:54:17.266Z
6b0792a5-3503-48b4-8da8-fdff8ade20f2,user148,9a7c71dd-6726-4631-8f78-e5deb9fef73c,1,1,0,ERRO,2026-06-19T23:54:40.967Z
13b1afa8-b472-4522-ab20-f4c5bd6d75eb,user41,6e8dfaca-52e0-489c-8f8d-bad25889f8aa,3,0,10,ACERTO_PLACAR,2026-06-20T00:02:29.182Z
5d57ec91-2264-445a-a42f-75b0996876a6,user41,9a7c71dd-6726-4631-8f78-e5deb9fef73c,2,0,0,ERRO,2026-06-20T00:02:49.942Z
f12ef733-4450-4a84-af95-5d6f72e9afff,user23,6e8dfaca-52e0-489c-8f8d-bad25889f8aa,2,0,7,ACERTO_VENCEDOR,2026-06-20T00:12:48.421Z
7b072372-14ed-4062-951f-f63ccac69a71,user165,9a7c71dd-6726-4631-8f78-e5deb9fef73c,1,2,7,ACERTO_VENCEDOR,2026-06-20T00:17:24.708Z
7895335d-3a90-4b8f-b062-23126d1b02ea,user165,6e8dfaca-52e0-489c-8f8d-bad25889f8aa,3,0,10,ACERTO_PLACAR,2026-06-20T00:17:26.342Z
f1baf2a4-8a44-40d5-b06f-e973c05879d1,user165,1a3c502f-3218-4da5-bba5-6fe2da01734d,2,0,5,ACERTO_VENCEDOR,2026-06-20T00:17:34.933Z
783b1720-3bfb-41ff-aaaa-0d6bd5b04950,user165,472a5e85-7239-4f32-ab73-fd7e96b99666,2,0,7,ACERTO_VENCEDOR,2026-06-20T00:17:42.490Z
4bd4a024-ce23-45ac-99eb-b49b01943558,user165,a8f50583-b1af-425d-836c-64944df6c668,2,0,0,ERRO,2026-06-20T00:17:47.523Z
25daed5a-2c5a-4df7-aed5-1709b3602901,user165,94ee8b2b-59f5-4cb6-9039-a8ddbfb45a43,1,3,5,ACERTO_VENCEDOR,2026-06-20T00:17:51.707Z
ff8df8aa-e505-4d54-9e79-d893a06589df,user165,ec9a9043-f83e-497e-907c-f0d58a78695a,3,0,7,ACERTO_VENCEDOR,2026-06-20T00:17:57.380Z
bec31fa2-993a-4460-bb55-dd8c822ec9ff,user166,6e8dfaca-52e0-489c-8f8d-bad25889f8aa,3,1,7,ACERTO_VENCEDOR,2026-06-20T00:19:14.019Z
5e905a05-5da3-437b-b5eb-eb93edb7d61f,user167,6e8dfaca-52e0-489c-8f8d-bad25889f8aa,2,2,0,ERRO,2026-06-20T00:26:55.677Z
f47bc164-4f5c-4b89-a98a-b313e36cb5c1,user168,9a7c71dd-6726-4631-8f78-e5deb9fef73c,2,1,0,ERRO,2026-06-20T01:18:38.760Z
85e86c6a-2af8-4636-8d06-9749f6009530,user21,9a7c71dd-6726-4631-8f78-e5deb9fef73c,3,1,0,ERRO,2026-06-20T01:25:52.892Z
15aecb23-220a-4c19-815a-c5214dee3757,user168,1a3c502f-3218-4da5-bba5-6fe2da01734d,2,2,0,ERRO,2026-06-20T01:29:35.645Z
83c00c32-c157-4444-a467-32dec26bbac3,user168,472a5e85-7239-4f32-ab73-fd7e96b99666,3,1,7,ACERTO_VENCEDOR,2026-06-20T01:29:59.009Z
9679bd01-e7bf-4350-985a-b3c77d5971ab,user168,a8f50583-b1af-425d-836c-64944df6c668,1,0,0,ERRO,2026-06-20T01:30:40.915Z
be48343f-14ef-4b80-ae16-1b49df9ac39e,user168,ec9a9043-f83e-497e-907c-f0d58a78695a,4,2,7,ACERTO_VENCEDOR,2026-06-20T01:31:08.146Z
9af3faf0-cd90-4779-a40c-a739fae6800d,user168,1be19345-5d2c-4123-a169-46cadcbc7ff2,3,2,0,ERRO,2026-06-20T01:31:27.547Z
b90eeebe-c70c-4285-af2b-0434bc9843d5,user168,e3dca7c9-b2cc-4ad4-b02c-602ad4e61091,2,0,0,ERRO,2026-06-20T01:33:19.417Z
f92bbf1a-ed59-44a6-9020-867b7b75bcfe,user168,ca17b700-6fcf-4698-a628-770228b859bf,1,3,10,ACERTO_PLACAR,2026-06-20T01:33:35.970Z
2f0dcfdf-ecb9-4f22-83db-cf8dae6f6833,user168,e322a9b7-1a86-4fef-8d1e-276b8e2d438d,3,1,7,ACERTO_VENCEDOR,2026-06-20T01:34:02.048Z
c0e5bb5a-32ef-482a-be11-e40690adfa8b,user168,6488ec1b-cd97-409f-83ce-24befb4852be,3,2,10,ACERTO_PLACAR,2026-06-20T01:34:20.982Z
b7a29497-0a2b-40fa-8a27-e3a4d9be0dc1,user168,6990d81d-87d8-41b1-aea5-b6fbcfafcf7b,1,0,7,ACERTO_VENCEDOR,2026-06-20T01:34:46.467Z
9043913e-45d7-473f-9c61-e0df07e2eaf7,user168,c1710c13-a884-47db-b770-4d0d7cf4b0f5,1,1,0,ERRO,2026-06-20T01:34:52.569Z
e8d0fb69-445f-4e18-b11a-198307e7e04a,user168,c5771b35-3695-40b7-a63f-1be736f9d685,3,1,0,ERRO,2026-06-20T01:35:42.400Z
f7b0579c-9851-471a-b679-8375d49a172c,user168,a5897071-fca1-470c-b1f4-50ff34a5ff80,0,2,7,ACERTO_VENCEDOR,2026-06-20T01:36:00.613Z
a0f37c26-8a0b-47b4-a108-2038737c6a9a,user168,6038b570-f0a1-4247-9752-82e48da6649f,3,1,5,ACERTO_VENCEDOR,2026-06-20T01:36:12.065Z
c4231e73-39f6-4bcd-a30b-f261cdabec79,user168,f3d0c2c2-ce6a-47a7-8a8d-9268cc90bb61,1,3,0,ERRO,2026-06-20T01:36:40.129Z
ea4f5b55-35a7-4ff1-84eb-0353b602f8c9,user168,e4d4af35-c9e0-4d1b-89b7-e72893e5642d,2,2,0,ERRO,2026-06-20T01:36:47.459Z
4dedb630-8c3d-45a3-a8f8-cb8a4147e283,user168,702d0496-83e0-461d-82e9-e335698fca9e,1,3,7,ACERTO_VENCEDOR,2026-06-20T01:37:32.608Z
8adb370b-d1d4-4117-a9f3-56431f9d2c7e,user168,6a824c8c-e1be-4339-acc3-3279deec17ad,3,0,5,ACERTO_VENCEDOR,2026-06-20T01:38:02.913Z
7f4a31b1-63e2-4c49-89a7-a3f1c865364c,user168,52a29ff1-0db3-48b4-921f-1aa0f8940766,2,3,7,ACERTO_VENCEDOR,2026-06-20T01:38:22.638Z
be9cf3bb-e2aa-4c5b-acc3-ca7eee6a9337,user168,9ebfdd3b-789a-4e3a-a2b6-d7c31237e3d1,1,2,0,ERRO,2026-06-20T01:38:39.059Z
1d409782-ce1c-4369-84c0-1dd200f58bd5,user168,9bf43d45-0c13-438c-bd7a-6092b4aef4d2,2,3,5,ACERTO_VENCEDOR,2026-06-20T01:39:22.978Z
54563773-8471-4f57-9c99-cc703d97ab4f,user168,908bbff6-9327-41c0-995f-29581a5f84ab,2,3,7,ACERTO_VENCEDOR,2026-06-20T01:39:32.445Z
71bf013b-3800-44fe-9972-19d1030c8cf9,user168,c7b8c1b3-52ad-4bef-81d9-1969853ba187,2,1,0,ERRO,2026-06-20T01:40:04.678Z
2f01a8d6-0005-4dbc-ba38-7a9815491001,user168,4e538c8b-876c-4009-849a-761125544175,1,2,0,ERRO,2026-06-20T01:40:17.458Z
95e0cb8a-5408-4768-9752-e8c473b4cd5d,user168,e5959d04-83c8-4037-81fc-1133f95064c2,2,1,0,ERRO,2026-06-20T01:40:29.481Z
4b1c932c-4b2c-4b7e-87a9-7eef724567ba,user168,8e4c2b7f-aab6-4c6d-b181-7a637a728533,2,1,5,ACERTO_VENCEDOR,2026-06-20T01:40:46.769Z
9fafbba4-c6a6-45f9-b53c-62eee27bbb4f,user168,276fc045-6d8a-40af-ba22-7e5c4b51e177,2,2,0,ERRO,2026-06-20T01:41:13.506Z
a20b25c8-814a-49b4-a520-39b7f4aad6f0,user168,c6a97697-806b-45f8-8deb-24669a074940,2,1,0,ERRO,2026-06-20T01:41:50.174Z
97ddd1d8-bf50-402b-a4ca-10e84d89dffb,user168,d7a304b0-482e-46d8-b50b-d250885daf98,2,3,5,ACERTO_VENCEDOR,2026-06-20T01:42:04.987Z
dc6531e2-a21d-4532-bff6-d79ad7393460,user168,360b9169-fffe-42c2-a352-481e999c5c10,2,1,0,ERRO,2026-06-20T01:42:16.082Z
339e474a-c932-4350-8024-b045901a29f8,user168,af891675-71a4-4e36-9820-710f18ef9e27,2,0,7,ACERTO_VENCEDOR,2026-06-20T01:44:20.898Z
3ee3e97d-61ce-486e-8b45-37a6b09ea7a1,user168,044a487b-ee61-4547-b15b-84630aae8b47,2,4,7,ACERTO_VENCEDOR,2026-06-20T01:44:56.773Z
98ce75e7-e260-4858-af5d-140d803dcc9e,user168,509c27bb-9832-4145-8630-c309ac6b50cb,3,1,10,ACERTO_PLACAR,2026-06-20T01:45:19.848Z
b6d30843-9f44-4dc7-9952-36920702d340,user168,d048e70a-4271-483f-828e-5b0f3a2c32a2,3,2,0,ERRO,2026-06-20T01:46:28.988Z
1e79fc9f-3718-4c9d-a6ee-563dffe61af4,user168,5e870695-b61c-467b-91db-d4361d873104,3,1,0,ERRO,2026-06-20T01:46:51.333Z
d1d5e6db-b46e-4810-8a05-8981544b4ddc,user168,b59a5f79-d8a9-4ad4-a99e-643e36491858,1,3,10,ACERTO_PLACAR,2026-06-20T01:47:34.317Z
7914639d-3a40-4408-8066-310208839581,user129,9a7c71dd-6726-4631-8f78-e5deb9fef73c,0,1,10,ACERTO_PLACAR,2026-06-20T01:52:19.571Z
5d93ca17-4859-4568-a921-966af6f23ff6,user9,9a7c71dd-6726-4631-8f78-e5deb9fef73c,1,0,0,ERRO,2026-06-20T01:57:13.693Z
19bcc713-9ed5-43fa-9781-d0bd3bcfb2be,user139,9a7c71dd-6726-4631-8f78-e5deb9fef73c,2,3,7,ACERTO_VENCEDOR,2026-06-20T02:32:40.470Z
64817b9b-f73e-4b9f-bf24-b8bf145e34ad,user91,6990d81d-87d8-41b1-aea5-b6fbcfafcf7b,2,0,7,ACERTO_VENCEDOR,2026-06-20T02:42:17.646Z
32c9de0b-9526-4472-9a97-739dd9b00ac6,user91,c5771b35-3695-40b7-a63f-1be736f9d685,5,0,0,ERRO,2026-06-20T02:42:32.505Z
8bcfb01f-8fb1-4fdf-8ca7-2841458e6586,user91,a5897071-fca1-470c-b1f4-50ff34a5ff80,1,3,5,ACERTO_VENCEDOR,2026-06-20T02:42:43.046Z
e0402b0e-59c6-4aa3-85fe-27fc82b9ab0f,user91,6038b570-f0a1-4247-9752-82e48da6649f,1,0,10,ACERTO_PLACAR,2026-06-20T02:42:53.137Z
98408e95-fb22-4eb8-9a34-a9c590812682,user91,f3d0c2c2-ce6a-47a7-8a8d-9268cc90bb61,2,1,10,ACERTO_PLACAR,2026-06-20T02:43:06.396Z
8ea874eb-039f-40bf-a329-c9ad28fab325,user91,e4d4af35-c9e0-4d1b-89b7-e72893e5642d,2,1,7,ACERTO_VENCEDOR,2026-06-20T02:43:15.608Z
6b6a1f92-c9b4-4b6c-a77a-85cb94cc25f5,user91,6a824c8c-e1be-4339-acc3-3279deec17ad,2,0,7,ACERTO_VENCEDOR,2026-06-20T02:43:24.776Z
7de11fe3-3264-4187-99e4-ebd7ed981bf6,user91,702d0496-83e0-461d-82e9-e335698fca9e,0,2,7,ACERTO_VENCEDOR,2026-06-20T02:43:30.664Z
b1e654f4-86c4-4b24-976d-c6b5df92a248,user91,52a29ff1-0db3-48b4-921f-1aa0f8940766,1,2,5,ACERTO_VENCEDOR,2026-06-20T02:43:39.059Z
0c67269e-1f68-4bf5-9c63-ec11e8b61985,user91,9ebfdd3b-789a-4e3a-a2b6-d7c31237e3d1,1,2,0,ERRO,2026-06-20T02:43:47.255Z
15aea51b-e577-424e-8d38-664a57a64d58,user157,9a7c71dd-6726-4631-8f78-e5deb9fef73c,3,0,0,ERRO,2026-06-20T02:58:24.332Z
2bb3a2de-565a-43ae-908a-0fa9920c589e,user157,1a3c502f-3218-4da5-bba5-6fe2da01734d,1,2,0,ERRO,2026-06-20T03:42:18.027Z
2b203688-b9f2-46e9-b556-ccdc02e2f1e0,user157,472a5e85-7239-4f32-ab73-fd7e96b99666,3,1,7,ACERTO_VENCEDOR,2026-06-20T03:42:26.554Z
547f94fc-7682-4b02-9a46-a4cc09f354df,user157,a8f50583-b1af-425d-836c-64944df6c668,4,1,0,ERRO,2026-06-20T03:43:01.792Z
53c6bbb5-f26f-4c61-b65e-1ce60e8f922c,user157,94ee8b2b-59f5-4cb6-9039-a8ddbfb45a43,0,3,7,ACERTO_VENCEDOR,2026-06-20T03:43:38.479Z
cc5f2f1d-fdc6-49ce-b8b9-3f15dfb8eab2,user157,ec9a9043-f83e-497e-907c-f0d58a78695a,2,0,7,ACERTO_VENCEDOR,2026-06-20T03:43:59.159Z
16cb4b60-7518-40ee-abb8-d26ac6081e37,user157,1be19345-5d2c-4123-a169-46cadcbc7ff2,3,0,0,ERRO,2026-06-20T03:44:09.800Z
f14ece9c-d736-442f-b5f2-f2a33925085d,user157,e3dca7c9-b2cc-4ad4-b02c-602ad4e61091,2,0,0,ERRO,2026-06-20T03:44:35.274Z
a7704e09-4df5-4ec0-bded-a2ab27b3e781,user157,ca17b700-6fcf-4698-a628-770228b859bf,0,1,5,ACERTO_VENCEDOR,2026-06-20T03:45:03.153Z
362c602e-e1b9-4923-9fd1-07a296ff4c10,user157,609c6c86-9a27-4c77-8f72-b0fa878924a9,2,0,10,ACERTO_PLACAR,2026-06-20T03:45:19.628Z
c3ba9e6c-662a-4acf-afd0-a4e1d8ab5d05,user157,e322a9b7-1a86-4fef-8d1e-276b8e2d438d,5,0,7,ACERTO_VENCEDOR,2026-06-20T03:45:39.198Z
04ffc8a0-2d85-483e-be06-718a3c513e28,user157,6488ec1b-cd97-409f-83ce-24befb4852be,2,2,0,ERRO,2026-06-20T03:45:50.534Z
4b95177b-ee60-49ec-8f2e-a521b5777316,user157,c1710c13-a884-47db-b770-4d0d7cf4b0f5,1,2,10,ACERTO_PLACAR,2026-06-20T03:46:05.762Z
7a3b33b6-bc3a-4e34-b30d-3b4e0ee91869,user157,6990d81d-87d8-41b1-aea5-b6fbcfafcf7b,2,0,7,ACERTO_VENCEDOR,2026-06-20T03:46:18.155Z
173e87cb-b160-46db-af4d-6ab24527ad9e,user157,c5771b35-3695-40b7-a63f-1be736f9d685,2,0,0,ERRO,2026-06-20T03:46:22.383Z
684ed1c6-b7d5-484f-8898-2d7e799d08ad,user157,a5897071-fca1-470c-b1f4-50ff34a5ff80,0,3,7,ACERTO_VENCEDOR,2026-06-20T03:46:33.701Z
f4c4056b-580c-471d-9831-95351b061e54,user157,6038b570-f0a1-4247-9752-82e48da6649f,2,0,7,ACERTO_VENCEDOR,2026-06-20T03:46:41.733Z
c0257f12-aaf0-4551-bf91-68a534da1be0,user169,1a3c502f-3218-4da5-bba5-6fe2da01734d,2,1,7,ACERTO_VENCEDOR,2026-06-20T04:10:56.238Z
2d27e7a8-641e-4915-a0a8-66d01a6751a7,user169,472a5e85-7239-4f32-ab73-fd7e96b99666,2,2,0,ERRO,2026-06-20T04:11:01.496Z
5331381b-7b01-4db3-8335-f79bb569a51d,user169,a8f50583-b1af-425d-836c-64944df6c668,2,0,0,ERRO,2026-06-20T04:11:07.045Z
e9d43103-ef39-4b06-b0d4-d43626428710,user129,1a3c502f-3218-4da5-bba5-6fe2da01734d,2,1,7,ACERTO_VENCEDOR,2026-06-20T04:28:20.429Z
c3777de9-3431-4001-83eb-70b11bb98aff,user129,472a5e85-7239-4f32-ab73-fd7e96b99666,3,1,7,ACERTO_VENCEDOR,2026-06-20T04:28:29.191Z
b344f2dd-c4b2-4a6d-bc6f-1d53911ef8ad,user129,a8f50583-b1af-425d-836c-64944df6c668,4,1,0,ERRO,2026-06-20T04:28:47.139Z
e9ac4cc6-6352-41a8-8253-b095752e5ed9,user129,94ee8b2b-59f5-4cb6-9039-a8ddbfb45a43,0,2,7,ACERTO_VENCEDOR,2026-06-20T04:29:01.784Z
0da3ef20-cfb8-4757-a481-1afed7114e43,user129,ec9a9043-f83e-497e-907c-f0d58a78695a,3,0,7,ACERTO_VENCEDOR,2026-06-20T04:29:18.300Z
3e2f25d1-297d-41a6-ba0a-6f5164b0c089,user129,1be19345-5d2c-4123-a169-46cadcbc7ff2,3,1,0,ERRO,2026-06-20T04:29:38.697Z
14c04976-07d1-49a4-b738-f312c0ca5506,user129,e3dca7c9-b2cc-4ad4-b02c-602ad4e61091,1,0,0,ERRO,2026-06-20T04:29:51.052Z
03b0e3ab-d68b-4a82-9721-a7b4c8399fac,user129,ca17b700-6fcf-4698-a628-770228b859bf,1,1,0,ERRO,2026-06-20T04:30:04.920Z
33ff22a9-37f7-4057-8b05-12ddb153aad7,user129,609c6c86-9a27-4c77-8f72-b0fa878924a9,2,1,7,ACERTO_VENCEDOR,2026-06-20T04:30:32.769Z
f82f82b5-f0ed-4f6f-a509-df8b48f40a28,user129,e322a9b7-1a86-4fef-8d1e-276b8e2d438d,5,0,7,ACERTO_VENCEDOR,2026-06-20T04:30:45.778Z
150f135d-8287-4b27-8f1d-2431b32d20d7,user129,6488ec1b-cd97-409f-83ce-24befb4852be,1,2,0,ERRO,2026-06-20T04:31:19.581Z
729f74e5-c010-444c-9903-ed7be0b4da91,user129,c1710c13-a884-47db-b770-4d0d7cf4b0f5,0,2,7,ACERTO_VENCEDOR,2026-06-20T04:31:30.751Z
12f84259-1de4-4ebb-a612-ae816afab259,user129,6990d81d-87d8-41b1-aea5-b6fbcfafcf7b,2,1,5,ACERTO_VENCEDOR,2026-06-20T04:31:45.139Z
aa908229-7b0a-45d7-b47d-8729b68d5bba,user129,c5771b35-3695-40b7-a63f-1be736f9d685,4,0,0,ERRO,2026-06-20T04:31:59.280Z
550c13ea-a1c4-43f1-80b6-b6cf9a31a128,user129,a5897071-fca1-470c-b1f4-50ff34a5ff80,0,2,7,ACERTO_VENCEDOR,2026-06-20T04:32:16.469Z
aac0d6fa-26f6-4e85-8c97-5e230d9cafe6,user129,6038b570-f0a1-4247-9752-82e48da6649f,3,0,7,ACERTO_VENCEDOR,2026-06-20T04:32:35.368Z
4ae342c9-604a-46a4-9af8-70aa492f2d62,user170,472a5e85-7239-4f32-ab73-fd7e96b99666,3,1,7,ACERTO_VENCEDOR,2026-06-20T04:58:21.127Z
ff5377ec-0271-4e97-9ea9-87a1c4259f9a,user170,a8f50583-b1af-425d-836c-64944df6c668,3,0,0,ERRO,2026-06-20T04:58:30.672Z
48edb731-bd91-404d-8da5-f86d80548421,user170,1a3c502f-3218-4da5-bba5-6fe2da01734d,2,2,0,ERRO,2026-06-20T04:58:46.029Z
35360740-8705-4285-95b8-077b647c9594,user16,1a3c502f-3218-4da5-bba5-6fe2da01734d,2,1,7,ACERTO_VENCEDOR,2026-06-20T05:17:19.408Z
0d33dd73-b6c7-4e8e-8fb8-0b9403b28728,user16,472a5e85-7239-4f32-ab73-fd7e96b99666,5,0,5,ACERTO_VENCEDOR,2026-06-20T05:17:29.485Z
e34983be-751a-40c1-98b3-92f68545124a,user16,a8f50583-b1af-425d-836c-64944df6c668,2,1,0,ERRO,2026-06-20T05:17:41.829Z
7a523d8a-bacd-480a-8160-f67c36d01ccf,user40,1a3c502f-3218-4da5-bba5-6fe2da01734d,3,2,5,ACERTO_VENCEDOR,2026-06-20T05:19:00.275Z
e3408472-1678-4b52-abaa-8a7c2bdf441d,user40,a8f50583-b1af-425d-836c-64944df6c668,5,0,0,ERRO,2026-06-20T05:19:00.532Z
ca7d7a23-863b-46f5-b3ff-d6b96cfa6943,user40,472a5e85-7239-4f32-ab73-fd7e96b99666,2,2,0,ERRO,2026-06-20T05:19:00.789Z
fc64c7fe-2160-4e69-a463-c849cfcb6798,user148,a8f50583-b1af-425d-836c-64944df6c668,2,0,0,ERRO,2026-06-20T11:43:59.796Z
26d25274-2209-4ab4-842c-9f3eff5a24de,user148,472a5e85-7239-4f32-ab73-fd7e96b99666,5,0,5,ACERTO_VENCEDOR,2026-06-20T11:44:26.664Z
5b324340-aedc-4bf9-928e-a693f19577e4,user54,1a3c502f-3218-4da5-bba5-6fe2da01734d,1,1,0,ERRO,2026-06-20T11:45:00.450Z
2c315046-a6c4-4b11-99d3-7b5d3889f24c,user54,472a5e85-7239-4f32-ab73-fd7e96b99666,4,0,5,ACERTO_VENCEDOR,2026-06-20T11:45:07.433Z
e7ad93db-39fb-416c-9951-1612b5d7a671,user54,a8f50583-b1af-425d-836c-64944df6c668,2,1,0,ERRO,2026-06-20T11:45:14.492Z
dcde5d39-3a32-4700-bf09-32e4e5688c76,user148,1a3c502f-3218-4da5-bba5-6fe2da01734d,1,2,0,ERRO,2026-06-20T11:45:15.832Z
d881566c-2ac4-4a7f-9ca5-457f0a6d0dd3,user126,a8f50583-b1af-425d-836c-64944df6c668,3,0,0,ERRO,2026-06-20T12:06:02.423Z
c73b9d48-8893-4f64-b54c-3f78086fc75a,user126,1a3c502f-3218-4da5-bba5-6fe2da01734d,2,0,5,ACERTO_VENCEDOR,2026-06-20T12:06:02.707Z
9a55d3c8-7810-49ff-9371-72207eff0649,user126,94ee8b2b-59f5-4cb6-9039-a8ddbfb45a43,0,2,7,ACERTO_VENCEDOR,2026-06-20T12:07:09.278Z
1b00fd96-8894-45e7-9b58-acef72e6b389,user126,1be19345-5d2c-4123-a169-46cadcbc7ff2,3,0,0,ERRO,2026-06-20T12:07:29.254Z
37a0a48e-03db-463e-bfbc-19ce8ce4490b,user126,609c6c86-9a27-4c77-8f72-b0fa878924a9,3,0,7,ACERTO_VENCEDOR,2026-06-20T12:07:38.519Z
62e3a8e5-3938-461f-8e97-c497739c45fd,user126,6488ec1b-cd97-409f-83ce-24befb4852be,3,0,7,ACERTO_VENCEDOR,2026-06-20T12:07:47.816Z
065cbcc0-93b0-4687-89f4-f49f217745a1,user126,c1710c13-a884-47db-b770-4d0d7cf4b0f5,0,1,7,ACERTO_VENCEDOR,2026-06-20T12:08:20.562Z
a4ac48ad-89e7-41ca-b95a-bef1fbdfe72a,user126,6990d81d-87d8-41b1-aea5-b6fbcfafcf7b,2,0,7,ACERTO_VENCEDOR,2026-06-20T12:08:30.282Z
a151e61b-8d54-443c-acf5-5b96ccd71d51,user126,c5771b35-3695-40b7-a63f-1be736f9d685,3,0,0,ERRO,2026-06-20T12:08:40.568Z
2281b365-61c5-49e6-acb6-ad0e21a4d7d8,user75,1a3c502f-3218-4da5-bba5-6fe2da01734d,1,1,0,ERRO,2026-06-20T12:21:33.467Z
ce11282a-8fa4-440c-9c73-e583f39e5e0c,user75,472a5e85-7239-4f32-ab73-fd7e96b99666,2,1,10,ACERTO_PLACAR,2026-06-20T12:22:39.393Z
c67f06b0-c2e8-4866-9975-78268435e7f1,user75,a8f50583-b1af-425d-836c-64944df6c668,2,1,0,ERRO,2026-06-20T12:26:28.003Z
d6ccc557-0f2a-40ef-924f-248f01ad4692,user160,1a3c502f-3218-4da5-bba5-6fe2da01734d,2,1,7,ACERTO_VENCEDOR,2026-06-20T13:26:54.268Z
d7741547-dd9c-4457-9d90-d98811d4d01d,user160,472a5e85-7239-4f32-ab73-fd7e96b99666,1,0,7,ACERTO_VENCEDOR,2026-06-20T13:27:06.179Z
8a5581b5-f5b2-415f-a3ad-94fa5205498d,user160,a8f50583-b1af-425d-836c-64944df6c668,2,1,0,ERRO,2026-06-20T13:27:24.749Z
d21eec09-2e3e-4e79-b81a-f36c8713e2ba,user119,1a3c502f-3218-4da5-bba5-6fe2da01734d,3,2,5,ACERTO_VENCEDOR,2026-06-20T14:01:45.676Z
2156db1b-3201-4688-bc1a-388b5fd35824,user119,a8f50583-b1af-425d-836c-64944df6c668,2,1,0,ERRO,2026-06-20T14:01:46.156Z
5d92f8a5-f26e-4f36-9136-5115c19ec9c2,user119,472a5e85-7239-4f32-ab73-fd7e96b99666,4,1,7,ACERTO_VENCEDOR,2026-06-20T14:01:47.129Z
da436be2-f5d8-4fbb-9f35-9d326328278e,user128,1a3c502f-3218-4da5-bba5-6fe2da01734d,3,2,5,ACERTO_VENCEDOR,2026-06-20T14:03:25.957Z
d1810da9-0669-495b-b0b3-74b5f8f19fa1,user128,472a5e85-7239-4f32-ab73-fd7e96b99666,3,1,7,ACERTO_VENCEDOR,2026-06-20T14:03:33.931Z
5d476780-edc7-4c84-95ec-03d671b2998a,user128,a8f50583-b1af-425d-836c-64944df6c668,4,0,0,ERRO,2026-06-20T14:03:48.037Z
6ceed32c-ab26-4dae-b69c-5e554b9ba726,user117,1a3c502f-3218-4da5-bba5-6fe2da01734d,2,0,5,ACERTO_VENCEDOR,2026-06-20T14:10:17.775Z
e4020de3-1be0-4f65-b971-f747e0a6ea8d,user117,a8f50583-b1af-425d-836c-64944df6c668,2,1,0,ERRO,2026-06-20T14:10:47.922Z
4326ad2f-5dea-429d-9b61-5fede122d555,user117,472a5e85-7239-4f32-ab73-fd7e96b99666,1,1,0,ERRO,2026-06-20T14:14:22.763Z
364420e3-764e-4456-a9b4-e27d9273989a,user117,ca17b700-6fcf-4698-a628-770228b859bf,0,3,7,ACERTO_VENCEDOR,2026-06-20T14:16:10.333Z
e92cb2e8-463d-4bf0-bdd2-c7a04fcd481f,user117,6038b570-f0a1-4247-9752-82e48da6649f,3,0,7,ACERTO_VENCEDOR,2026-06-20T14:16:11.529Z
76783bb4-0833-44c3-9d01-124016dbc2cf,user117,ec9a9043-f83e-497e-907c-f0d58a78695a,2,1,5,ACERTO_VENCEDOR,2026-06-20T14:16:11.769Z
ee777bab-fc2c-4da3-bffc-9e2c2da10f2f,user117,609c6c86-9a27-4c77-8f72-b0fa878924a9,4,0,7,ACERTO_VENCEDOR,2026-06-20T14:16:12.013Z
108d3925-9d05-4ec1-9d89-bfa48ef8f1ef,user117,94ee8b2b-59f5-4cb6-9039-a8ddbfb45a43,0,3,7,ACERTO_VENCEDOR,2026-06-20T14:16:12.253Z
851808f5-1e25-4946-ab66-a931b84d9d62,user117,e322a9b7-1a86-4fef-8d1e-276b8e2d438d,3,0,10,ACERTO_PLACAR,2026-06-20T14:16:12.492Z
b4934b1e-645f-47ea-ad74-b397f524d51c,user117,6990d81d-87d8-41b1-aea5-b6fbcfafcf7b,2,1,5,ACERTO_VENCEDOR,2026-06-20T14:16:12.732Z
4bc90dbc-aa56-424e-9bb9-918123c0feba,user117,c5771b35-3695-40b7-a63f-1be736f9d685,4,0,0,ERRO,2026-06-20T14:16:12.972Z
7a0a2537-7192-4c99-8ffa-a6db878f7a4d,user117,6488ec1b-cd97-409f-83ce-24befb4852be,2,1,7,ACERTO_VENCEDOR,2026-06-20T14:16:13.212Z
0cfec68f-0393-4f28-b868-d2eff14fd0f1,user117,a5897071-fca1-470c-b1f4-50ff34a5ff80,0,2,7,ACERTO_VENCEDOR,2026-06-20T14:16:14.176Z
71d88321-8c1c-49f9-907f-3b85c3db46a9,user117,c1710c13-a884-47db-b770-4d0d7cf4b0f5,2,0,0,ERRO,2026-06-20T14:16:14.416Z
e68bb271-6fe1-45d1-ab85-19825f1c3db9,user117,1be19345-5d2c-4123-a169-46cadcbc7ff2,2,0,0,ERRO,2026-06-20T14:16:14.655Z
b63ad92b-66ea-408b-87ed-21f45916600e,user117,e3dca7c9-b2cc-4ad4-b02c-602ad4e61091,1,1,7,ACERTO_VENCEDOR,2026-06-20T14:16:14.897Z
680036b2-1072-4b36-aabb-e6f1c685761b,user4,1a3c502f-3218-4da5-bba5-6fe2da01734d,1,2,0,ERRO,2026-06-20T14:43:34.545Z
e40e430d-4faf-4b67-a6ce-2269558d3947,user4,472a5e85-7239-4f32-ab73-fd7e96b99666,3,0,5,ACERTO_VENCEDOR,2026-06-20T14:44:02.234Z
be235a21-6339-4281-820b-f18d40c80bb6,user4,a8f50583-b1af-425d-836c-64944df6c668,2,0,0,ERRO,2026-06-20T14:44:32.706Z
d3a7bdea-b8b1-4ca6-9921-2216e69f6021,user172,a8f50583-b1af-425d-836c-64944df6c668,2,2,7,ACERTO_VENCEDOR,2026-06-20T14:45:06.839Z
42713798-20a6-4d1a-b972-ff2a92d573f3,user172,472a5e85-7239-4f32-ab73-fd7e96b99666,4,1,7,ACERTO_VENCEDOR,2026-06-20T14:45:10.174Z
a21eb6cf-b9f5-43a0-b884-f3faccc3d973,user172,1a3c502f-3218-4da5-bba5-6fe2da01734d,1,3,0,ERRO,2026-06-20T14:45:13.103Z
fe232f69-e64c-4bbb-89bb-ba39ea7fa555,user173,1a3c502f-3218-4da5-bba5-6fe2da01734d,0,0,0,ERRO,2026-06-20T14:57:52.186Z
0c88bd5b-3669-40ff-9830-ee7ed2c7ae75,user104,1a3c502f-3218-4da5-bba5-6fe2da01734d,1,0,5,ACERTO_VENCEDOR,2026-06-20T15:22:09.387Z
00d46878-527d-46a7-b0e5-e478939d406f,user104,472a5e85-7239-4f32-ab73-fd7e96b99666,2,0,7,ACERTO_VENCEDOR,2026-06-20T15:22:29.947Z
d40e8d14-5ee0-4306-aefb-4cf04299ca57,user104,a8f50583-b1af-425d-836c-64944df6c668,3,1,0,ERRO,2026-06-20T15:22:57.163Z
a02fd680-ff88-438f-8347-052302b7e56c,user104,94ee8b2b-59f5-4cb6-9039-a8ddbfb45a43,0,1,7,ACERTO_VENCEDOR,2026-06-20T15:25:13.909Z
292161c9-96e7-4bb7-985e-f2216442d33a,user5,1a3c502f-3218-4da5-bba5-6fe2da01734d,2,1,7,ACERTO_VENCEDOR,2026-06-20T15:41:57.382Z
c07775e0-9eb3-4cb2-80b9-01a03dc21dfa,user145,1a3c502f-3218-4da5-bba5-6fe2da01734d,2,2,0,ERRO,2026-06-20T16:04:40.083Z
6d3adf9c-c564-4a1e-8009-727cae9af515,user145,472a5e85-7239-4f32-ab73-fd7e96b99666,2,1,10,ACERTO_PLACAR,2026-06-20T16:05:26.707Z
5965cf21-30a7-46df-a433-4d2e3aa2e713,user145,a8f50583-b1af-425d-836c-64944df6c668,3,0,0,ERRO,2026-06-20T16:05:57.023Z
b98b3f2b-623b-4812-8598-d9d5e2fa9d1d,user5,472a5e85-7239-4f32-ab73-fd7e96b99666,3,1,7,ACERTO_VENCEDOR,2026-06-20T16:11:53.176Z
aa6b2ba3-5d73-4777-9e50-fd26e9ddf660,user5,a8f50583-b1af-425d-836c-64944df6c668,3,0,0,ERRO,2026-06-20T16:12:35.894Z
80b880fe-e7bd-4a07-911c-1862609092c7,user113,472a5e85-7239-4f32-ab73-fd7e96b99666,5,1,7,ACERTO_VENCEDOR,2026-06-20T16:40:41.529Z
cf4fde9f-c0d7-47a8-9efa-849ed20f155e,user113,a8f50583-b1af-425d-836c-64944df6c668,2,3,0,ERRO,2026-06-20T16:40:47.600Z
c0a0acee-7dc3-4ca4-8472-8a70e609f730,user2,472a5e85-7239-4f32-ab73-fd7e96b99666,1,0,7,ACERTO_VENCEDOR,2026-06-20T16:41:27.156Z
796d8c41-d8fc-46d1-b6b5-9b597a1afac5,user2,a8f50583-b1af-425d-836c-64944df6c668,3,0,0,ERRO,2026-06-20T16:41:41.758Z
385806b6-9352-4a7d-b3ff-61948c8be868,user136,1a3c502f-3218-4da5-bba5-6fe2da01734d,0,2,0,ERRO,2026-06-20T16:43:43.434Z
14808ea0-d3ee-4e83-8aa2-7dd4d2147b7a,user136,472a5e85-7239-4f32-ab73-fd7e96b99666,2,1,10,ACERTO_PLACAR,2026-06-20T16:43:57.295Z
3f21762a-8991-4ed2-8bea-234e9bddcd6e,user136,a8f50583-b1af-425d-836c-64944df6c668,1,1,7,ACERTO_VENCEDOR,2026-06-20T16:44:08.277Z
81938e8a-4257-4204-b123-6430adb1ab80,user134,1a3c502f-3218-4da5-bba5-6fe2da01734d,1,1,0,ERRO,2026-06-20T16:54:24.694Z
903daedd-2374-4c80-a61e-96517cb8db1e,user134,472a5e85-7239-4f32-ab73-fd7e96b99666,2,1,10,ACERTO_PLACAR,2026-06-20T16:54:24.940Z
33c945af-653c-4074-b9d5-cb1e9ce93da9,user134,a8f50583-b1af-425d-836c-64944df6c668,2,0,0,ERRO,2026-06-20T16:54:25.187Z
8403caf8-38c6-4564-8796-8ed8f80c74f2,user12,1a3c502f-3218-4da5-bba5-6fe2da01734d,2,1,7,ACERTO_VENCEDOR,2026-06-20T16:56:44.984Z
3355542c-47ad-45e4-a13c-2e4cb56e6e06,user12,472a5e85-7239-4f32-ab73-fd7e96b99666,5,1,7,ACERTO_VENCEDOR,2026-06-20T16:56:53.469Z
d58b24b9-6021-46df-88ac-7709d3e226e1,user12,a8f50583-b1af-425d-836c-64944df6c668,2,2,7,ACERTO_VENCEDOR,2026-06-20T16:57:20.679Z
a773b362-8fd4-404c-b759-aa7b8ddd8f44,user13,472a5e85-7239-4f32-ab73-fd7e96b99666,3,0,5,ACERTO_VENCEDOR,2026-06-20T17:32:07.896Z
157740a8-656e-4fef-90c6-9bcd57fc8076,user13,a8f50583-b1af-425d-836c-64944df6c668,2,1,0,ERRO,2026-06-20T17:32:30.082Z
4f5f4aa9-4c1e-4ad0-b622-28c3adc51498,user144,472a5e85-7239-4f32-ab73-fd7e96b99666,3,1,7,ACERTO_VENCEDOR,2026-06-20T17:42:56.775Z
081079d5-89f3-40a5-ae68-f28ccda0f007,user144,a8f50583-b1af-425d-836c-64944df6c668,3,0,0,ERRO,2026-06-20T17:43:07.970Z
85d5ec91-a074-4562-a4cb-2ee15647a26b,user174,472a5e85-7239-4f32-ab73-fd7e96b99666,4,0,5,ACERTO_VENCEDOR,2026-06-20T18:12:40.810Z
62c46370-a6b7-437b-a0ba-86d9b74cb963,user174,a8f50583-b1af-425d-836c-64944df6c668,2,1,0,ERRO,2026-06-20T18:13:10.162Z
b88d499d-3b27-453d-8fe3-2e19d7898ddf,user46,472a5e85-7239-4f32-ab73-fd7e96b99666,1,1,0,ERRO,2026-06-20T18:16:15.804Z
7aaa2e95-5bed-4d21-997c-42320a4d6cae,user46,a8f50583-b1af-425d-836c-64944df6c668,3,1,0,ERRO,2026-06-20T18:16:16.048Z
968e0e90-0abc-4b82-9eb9-c145899df60c,user46,94ee8b2b-59f5-4cb6-9039-a8ddbfb45a43,0,2,7,ACERTO_VENCEDOR,2026-06-20T18:16:50.457Z
e21cc54a-e60c-4986-86d3-53a76daf3436,user9,a8f50583-b1af-425d-836c-64944df6c668,3,1,0,ERRO,2026-06-20T20:23:28.516Z
49a34cb7-f55a-4996-ab01-fd76b2ce004a,user141,a8f50583-b1af-425d-836c-64944df6c668,2,1,0,ERRO,2026-06-20T22:00:42.331Z
37fabd4c-7e95-4172-bb54-68f3ae7a8181,user46,ec9a9043-f83e-497e-907c-f0d58a78695a,2,1,5,ACERTO_VENCEDOR,2026-06-20T22:16:19.888Z
7c4467e4-36da-40b5-8a44-cb3d861e0551,user46,e3dca7c9-b2cc-4ad4-b02c-602ad4e61091,1,0,0,ERRO,2026-06-20T22:16:51.091Z
5717ece1-4ecc-442a-8b7a-10706c4e378e,user46,1be19345-5d2c-4123-a169-46cadcbc7ff2,2,0,0,ERRO,2026-06-20T22:19:34.668Z
1473fd9d-5abf-4840-b19f-7503ea19833a,user46,d7a304b0-482e-46d8-b50b-d250885daf98,0,2,5,ACERTO_VENCEDOR,2026-06-20T22:19:35.393Z
f12084fe-c8e9-47ec-849c-2ea877ef44bf,user46,360b9169-fffe-42c2-a352-481e999c5c10,1,0,0,ERRO,2026-06-20T22:19:36.365Z
f8713f65-4365-4cc0-a000-61aaef1c67a1,user46,ca17b700-6fcf-4698-a628-770228b859bf,1,2,7,ACERTO_VENCEDOR,2026-06-20T22:19:36.607Z
5937d87a-c516-45ef-bb50-050317d874a2,user46,609c6c86-9a27-4c77-8f72-b0fa878924a9,2,0,10,ACERTO_PLACAR,2026-06-20T22:20:48.567Z
1032b1c0-e797-4287-bfe9-54578e204b3b,user46,c1710c13-a884-47db-b770-4d0d7cf4b0f5,1,2,10,ACERTO_PLACAR,2026-06-20T22:21:11.745Z
0a773fb7-bee2-40cc-9594-1214312dce2c,user46,b59a5f79-d8a9-4ad4-a99e-643e36491858,1,3,10,ACERTO_PLACAR,2026-06-20T22:21:37.287Z
19dec29e-800b-46ba-ab6a-11d94a3ad25e,user46,5e870695-b61c-467b-91db-d4361d873104,1,1,7,ACERTO_VENCEDOR,2026-06-20T22:22:01.011Z
c25aeb13-74c7-42ac-a69e-46e832bd2e3a,user46,e322a9b7-1a86-4fef-8d1e-276b8e2d438d,3,0,10,ACERTO_PLACAR,2026-06-20T22:23:01.366Z
a09042c1-aa6f-4fed-befa-e17d798fe610,user46,6488ec1b-cd97-409f-83ce-24befb4852be,1,2,0,ERRO,2026-06-20T22:23:28.146Z
369157cc-b2c8-4258-825c-4fefa7de791a,user46,6990d81d-87d8-41b1-aea5-b6fbcfafcf7b,1,0,7,ACERTO_VENCEDOR,2026-06-20T22:23:56.108Z
3ba69d1a-70a2-4ed3-a4a9-40479b04da2d,user46,c5771b35-3695-40b7-a63f-1be736f9d685,3,1,0,ERRO,2026-06-20T22:24:11.713Z
c24a95fb-d082-4337-a1ae-632234a45c87,user46,a5897071-fca1-470c-b1f4-50ff34a5ff80,0,1,10,ACERTO_PLACAR,2026-06-20T22:24:26.361Z
727af69c-0d5d-4380-af22-0090e8a29421,user46,6038b570-f0a1-4247-9752-82e48da6649f,2,1,7,ACERTO_VENCEDOR,2026-06-20T22:24:42.753Z
c7aee6dd-a4bf-49b3-a54d-515211718bf3,user46,9bf43d45-0c13-438c-bd7a-6092b4aef4d2,0,3,7,ACERTO_VENCEDOR,2026-06-20T22:25:23.721Z
bdc82e68-d9df-4806-923c-51637b406722,user46,32e1259a-ec96-4e5b-8063-b0c1c3d87553,2,1,10,ACERTO_PLACAR,2026-06-20T22:25:38.093Z
206a1330-1433-4348-aa44-bb90e58a010f,user46,908bbff6-9327-41c0-995f-29581a5f84ab,0,4,5,ACERTO_VENCEDOR,2026-06-20T22:26:23.548Z
086bb2f1-32f2-4a48-8260-51b6884357e5,user46,c7b8c1b3-52ad-4bef-81d9-1969853ba187,2,1,0,ERRO,2026-06-20T22:26:36.245Z
f46fd9a3-36e1-439b-a10a-540234c93df9,user46,4e538c8b-876c-4009-849a-761125544175,0,2,0,ERRO,2026-06-20T22:28:47.604Z
422171e6-7569-4698-8479-cce40bff8aa1,user46,e5959d04-83c8-4037-81fc-1133f95064c2,1,1,7,ACERTO_VENCEDOR,2026-06-20T22:29:03.673Z
7a47cc0c-e4aa-49fe-b966-db9b2bd77fed,user125,9bf43d45-0c13-438c-bd7a-6092b4aef4d2,0,3,7,ACERTO_VENCEDOR,2026-06-20T22:52:14.782Z
bb42bc3f-a01d-43de-b528-5c7338f0b3db,user125,32e1259a-ec96-4e5b-8063-b0c1c3d87553,0,2,0,ERRO,2026-06-20T22:52:24.806Z
0cf8a7c2-6a8d-40e2-bbbd-9f340d6cff0f,user125,e5959d04-83c8-4037-81fc-1133f95064c2,1,0,0,ERRO,2026-06-20T22:52:43.583Z
a4d05415-b125-4f70-939c-d46ed2a3699a,user125,6990d81d-87d8-41b1-aea5-b6fbcfafcf7b,2,0,7,ACERTO_VENCEDOR,2026-06-20T22:54:20.754Z
cde990ae-1ea7-42cb-9c0d-9216219f339d,user125,c5771b35-3695-40b7-a63f-1be736f9d685,1,0,0,ERRO,2026-06-20T22:54:33.905Z
46602b9b-034a-4489-9780-2bc46aaef1e6,user125,a5897071-fca1-470c-b1f4-50ff34a5ff80,1,2,7,ACERTO_VENCEDOR,2026-06-20T22:54:49.519Z
47d1a499-6608-45c4-a723-197085532d72,user125,6038b570-f0a1-4247-9752-82e48da6649f,3,1,5,ACERTO_VENCEDOR,2026-06-20T22:55:00.012Z
f5ae6cc9-7b45-4d68-b58a-7a97b2cffa83,user125,f3d0c2c2-ce6a-47a7-8a8d-9268cc90bb61,1,2,0,ERRO,2026-06-20T22:55:12.950Z
07aacb24-a768-47fb-8f31-da4e42bfa6be,user125,e4d4af35-c9e0-4d1b-89b7-e72893e5642d,0,0,0,ERRO,2026-06-20T22:55:30.186Z
299d1907-3abb-4457-9401-1b9c17eb82c7,user125,52a29ff1-0db3-48b4-921f-1aa0f8940766,1,2,5,ACERTO_VENCEDOR,2026-06-20T22:55:53.820Z
84cdda95-7d0d-4e02-aeda-34295a16c315,user125,9ebfdd3b-789a-4e3a-a2b6-d7c31237e3d1,1,2,0,ERRO,2026-06-20T22:56:07.449Z
0589b8b2-85b0-4348-812f-83b62a84e359,user125,c7b8c1b3-52ad-4bef-81d9-1969853ba187,1,2,0,ERRO,2026-06-20T22:56:26.399Z
05a75e88-cf10-461e-9aad-450eb8b69fb1,user125,908bbff6-9327-41c0-995f-29581a5f84ab,0,3,7,ACERTO_VENCEDOR,2026-06-20T22:56:43.132Z
bdf64863-9f48-48ef-90fa-1def30287bba,user125,4e538c8b-876c-4009-849a-761125544175,0,3,0,ERRO,2026-06-20T22:56:54.147Z
d7dcd375-72a3-4ebc-a3bc-5a7cb087ea89,user125,276fc045-6d8a-40af-ba22-7e5c4b51e177,1,2,7,ACERTO_VENCEDOR,2026-06-20T22:57:15.096Z
f28f8a8d-6d70-413c-b392-eea1a90077ca,user125,8e4c2b7f-aab6-4c6d-b181-7a637a728533,1,1,0,ERRO,2026-06-20T22:57:26.333Z
342d948d-51c0-41fe-a9a1-da00f8d134a1,user125,c6a97697-806b-45f8-8deb-24669a074940,1,2,7,ACERTO_VENCEDOR,2026-06-20T22:57:37.884Z
9e9cc63e-5da8-474a-9566-2fc2bc372538,user125,d83a4eb5-112c-4d4e-895b-737f0085d5dc,2,2,7,ACERTO_VENCEDOR,2026-06-20T22:57:46.916Z
d9d7416d-74f4-4ff6-9be7-de29fd3e9a8f,user125,d7a304b0-482e-46d8-b50b-d250885daf98,1,3,7,ACERTO_VENCEDOR,2026-06-20T22:57:58.730Z
388564a4-22af-4fa1-af1a-4fcc742ee756,user125,360b9169-fffe-42c2-a352-481e999c5c10,0,0,7,ACERTO_VENCEDOR,2026-06-20T22:58:12.508Z
ef8e9661-2242-48b4-bb33-d19406fd7533,user125,af891675-71a4-4e36-9820-710f18ef9e27,2,0,7,ACERTO_VENCEDOR,2026-06-20T22:58:23.931Z
62e1c644-fd8c-4987-af10-c7763e194189,user125,044a487b-ee61-4547-b15b-84630aae8b47,0,3,7,ACERTO_VENCEDOR,2026-06-20T22:58:37.444Z
90bb1f67-3839-4e2b-bf16-533a804a7298,user125,509c27bb-9832-4145-8630-c309ac6b50cb,1,0,5,ACERTO_VENCEDOR,2026-06-20T22:58:44.532Z
433efdec-4223-4b1e-8c9c-ece34571cf10,user125,d048e70a-4271-483f-828e-5b0f3a2c32a2,1,2,0,ERRO,2026-06-20T22:58:55.393Z
056a91d3-9491-47b5-b322-90a3e9c28ff2,user125,5e870695-b61c-467b-91db-d4361d873104,1,2,0,ERRO,2026-06-20T22:59:12.999Z
78dfcc38-17db-491f-b97a-707930c5e2c9,user125,b59a5f79-d8a9-4ad4-a99e-643e36491858,1,3,10,ACERTO_PLACAR,2026-06-20T22:59:28.133Z
05963fe4-ae17-4b36-ad74-7e6f9df2bf31,user160,94ee8b2b-59f5-4cb6-9039-a8ddbfb45a43,1,1,0,ERRO,2026-06-20T23:55:29.846Z
72eff44f-b683-49cc-8852-6c5a7c9c8c9c,user13,94ee8b2b-59f5-4cb6-9039-a8ddbfb45a43,1,2,5,ACERTO_VENCEDOR,2026-06-21T00:03:57.128Z
4b43776b-51cc-43e6-9746-e5626142d226,user13,ec9a9043-f83e-497e-907c-f0d58a78695a,4,1,7,ACERTO_VENCEDOR,2026-06-21T00:04:08.696Z
5bc5691b-75d1-4cd0-a437-e6646d6001a6,user4,94ee8b2b-59f5-4cb6-9039-a8ddbfb45a43,1,3,5,ACERTO_VENCEDOR,2026-06-21T00:04:20.933Z
8e14e217-2da2-4fd7-b654-848bb41d01d0,user14,e322a9b7-1a86-4fef-8d1e-276b8e2d438d,4,0,7,ACERTO_VENCEDOR,2026-06-21T00:59:19.374Z
9180a181-3207-4063-acc9-dad639c484e2,user14,c5771b35-3695-40b7-a63f-1be736f9d685,5,0,0,ERRO,2026-06-21T00:59:19.932Z
49b762df-5a1e-4240-bc9b-7ad4c956b443,user14,94ee8b2b-59f5-4cb6-9039-a8ddbfb45a43,0,2,7,ACERTO_VENCEDOR,2026-06-21T00:59:20.211Z
6295f777-df3b-43e9-b52c-b3f1f5ec7a07,user14,e3dca7c9-b2cc-4ad4-b02c-602ad4e61091,1,14,0,ERRO,2026-06-21T00:59:20.490Z
704ba48b-b85f-4a0b-8d2b-354288af0fb1,user14,a5897071-fca1-470c-b1f4-50ff34a5ff80,1,3,5,ACERTO_VENCEDOR,2026-06-21T00:59:20.769Z
72b093d1-46c9-4eb1-abda-0355e198b2ee,user14,1be19345-5d2c-4123-a169-46cadcbc7ff2,2,0,0,ERRO,2026-06-21T00:59:21.047Z
67780017-cf9e-43cc-a911-02f0375dc14c,user14,ec9a9043-f83e-497e-907c-f0d58a78695a,1,0,7,ACERTO_VENCEDOR,2026-06-21T00:59:21.326Z
a8ac1e8b-10a7-4975-b8da-6000f1bdad05,user14,6990d81d-87d8-41b1-aea5-b6fbcfafcf7b,3,1,5,ACERTO_VENCEDOR,2026-06-21T00:59:21.605Z
5ff0cfbd-24d8-41bb-9bf4-d33d9205a14d,user14,6038b570-f0a1-4247-9752-82e48da6649f,2,2,0,ERRO,2026-06-21T00:59:21.884Z
85da4d41-71f1-42ea-b01d-5ca184ab3b9a,user14,ca17b700-6fcf-4698-a628-770228b859bf,1,1,0,ERRO,2026-06-21T00:59:22.164Z
2edda614-6783-423c-83a0-cc7598a9db5a,user14,c1710c13-a884-47db-b770-4d0d7cf4b0f5,2,2,0,ERRO,2026-06-21T00:59:22.443Z
15256f18-5f90-4f55-bd10-a1a5d75513f7,user14,6488ec1b-cd97-409f-83ce-24befb4852be,2,1,7,ACERTO_VENCEDOR,2026-06-21T00:59:22.722Z
15294f6f-ce25-444f-9041-9d8fe5badecc,user14,609c6c86-9a27-4c77-8f72-b0fa878924a9,3,0,7,ACERTO_VENCEDOR,2026-06-21T00:59:23.846Z
2589d4d4-e5f5-482c-8f7a-b83a421ce707,user75,94ee8b2b-59f5-4cb6-9039-a8ddbfb45a43,0,1,7,ACERTO_VENCEDOR,2026-06-21T01:04:23.038Z
50d19105-f60a-48cc-9481-6996bc8cd952,user75,ec9a9043-f83e-497e-907c-f0d58a78695a,3,0,7,ACERTO_VENCEDOR,2026-06-21T01:04:35.000Z
6e70870e-3707-4284-ba73-62b62f19cc2b,user75,1be19345-5d2c-4123-a169-46cadcbc7ff2,2,0,0,ERRO,2026-06-21T01:04:49.003Z
f693e1a1-9b19-409b-b1fe-2a091b220b1b,user40,94ee8b2b-59f5-4cb6-9039-a8ddbfb45a43,0,2,7,ACERTO_VENCEDOR,2026-06-21T01:37:25.427Z
4cddf4b6-f4fe-4a3d-88ea-5f0b1e8be01a,user40,ec9a9043-f83e-497e-907c-f0d58a78695a,3,1,5,ACERTO_VENCEDOR,2026-06-21T01:37:32.522Z
927b143f-8e48-4972-b734-d93def4c6c1a,user40,1be19345-5d2c-4123-a169-46cadcbc7ff2,4,0,0,ERRO,2026-06-21T01:37:43.994Z
847abd3e-2cdd-4193-8725-50ea7283fca7,user40,e3dca7c9-b2cc-4ad4-b02c-602ad4e61091,1,0,0,ERRO,2026-06-21T01:37:57.680Z
6848f769-b552-4036-8a04-8bedb74ffcca,user40,ca17b700-6fcf-4698-a628-770228b859bf,0,3,7,ACERTO_VENCEDOR,2026-06-21T01:38:07.393Z
a9e16ef5-470f-4c38-a097-14540aa38360,user148,94ee8b2b-59f5-4cb6-9039-a8ddbfb45a43,0,2,7,ACERTO_VENCEDOR,2026-06-21T01:50:39.881Z
a1ac8f06-6ac2-4771-ba6f-8cef2cb7d475,user134,94ee8b2b-59f5-4cb6-9039-a8ddbfb45a43,0,2,7,ACERTO_VENCEDOR,2026-06-21T02:24:12.168Z
4897f496-ba51-49ed-8ccf-1e5215df5df7,user5,94ee8b2b-59f5-4cb6-9039-a8ddbfb45a43,0,2,7,ACERTO_VENCEDOR,2026-06-21T02:31:50.028Z
4da81a65-bd80-4d9b-b440-7f2fd9826c74,user5,ec9a9043-f83e-497e-907c-f0d58a78695a,3,0,7,ACERTO_VENCEDOR,2026-06-21T02:32:01.237Z
6d3ab9c5-1b36-4b5e-947f-148c8f0433f9,user16,94ee8b2b-59f5-4cb6-9039-a8ddbfb45a43,1,2,5,ACERTO_VENCEDOR,2026-06-21T02:42:25.054Z
5dd2b0e7-c239-444b-adc6-37632d416288,user165,52a29ff1-0db3-48b4-921f-1aa0f8940766,0,2,7,ACERTO_VENCEDOR,2026-06-21T02:47:19.897Z
549948fd-78a8-4222-b1d5-97a73215706d,user165,9ebfdd3b-789a-4e3a-a2b6-d7c31237e3d1,1,1,0,ERRO,2026-06-21T02:47:47.260Z
6e7e92b7-312a-4c9a-adfc-ae68a00a375b,user165,f3d0c2c2-ce6a-47a7-8a8d-9268cc90bb61,1,0,7,ACERTO_VENCEDOR,2026-06-21T02:49:07.503Z
0f1d03c1-0bba-467f-abac-98646cd2b106,user165,e4d4af35-c9e0-4d1b-89b7-e72893e5642d,1,1,0,ERRO,2026-06-21T02:49:39.746Z
470e9802-bd5b-4c4e-936e-a31f267a20c1,user165,6a824c8c-e1be-4339-acc3-3279deec17ad,2,0,7,ACERTO_VENCEDOR,2026-06-21T02:50:06.123Z
08263138-6314-47a0-b6ef-6673f0eeb0f8,user165,702d0496-83e0-461d-82e9-e335698fca9e,0,2,7,ACERTO_VENCEDOR,2026-06-21T02:50:33.092Z
ab3b93d2-e2a8-4cb8-b49d-83f0bb995d3e,user165,e5959d04-83c8-4037-81fc-1133f95064c2,0,1,0,ERRO,2026-06-21T02:51:57.559Z
ecfdb73e-e33b-4efa-8fef-8f7bc0bd8318,user165,4e538c8b-876c-4009-849a-761125544175,3,0,7,ACERTO_VENCEDOR,2026-06-21T02:52:09.642Z
24379e82-6bda-423f-ad84-7c904981c65b,user165,9bf43d45-0c13-438c-bd7a-6092b4aef4d2,1,3,7,ACERTO_VENCEDOR,2026-06-21T02:53:41.167Z
2fb14dd4-00d0-4d01-864d-68fee5f25d3d,user165,32e1259a-ec96-4e5b-8063-b0c1c3d87553,0,3,0,ERRO,2026-06-21T02:53:54.152Z
df6d4fca-fd46-456c-b827-70d9c4dad7d8,user165,c7b8c1b3-52ad-4bef-81d9-1969853ba187,4,0,0,ERRO,2026-06-21T02:56:45.228Z
d0800dfb-c807-4596-acda-9b748cf91789,user165,908bbff6-9327-41c0-995f-29581a5f84ab,0,5,5,ACERTO_VENCEDOR,2026-06-21T02:57:05.188Z
32a2a0aa-6d45-4f1d-92aa-b4bfd18f00b5,user165,1be19345-5d2c-4123-a169-46cadcbc7ff2,2,0,0,ERRO,2026-06-21T02:57:43.085Z
f4e90b47-2253-4b9a-95b3-f5b1703dfd1f,user165,ca17b700-6fcf-4698-a628-770228b859bf,1,3,10,ACERTO_PLACAR,2026-06-21T02:57:51.109Z
b5383a73-4b01-4597-b914-5f08df0c5faf,user165,d7a304b0-482e-46d8-b50b-d250885daf98,1,2,7,ACERTO_VENCEDOR,2026-06-21T02:57:56.083Z
f90b7784-a585-45cd-b693-94101042d99d,user165,360b9169-fffe-42c2-a352-481e999c5c10,3,1,0,ERRO,2026-06-21T02:58:03.152Z
e5f42911-4645-43f4-87a5-fb0b4adf0e1b,user165,e3dca7c9-b2cc-4ad4-b02c-602ad4e61091,1,0,0,ERRO,2026-06-21T02:58:39.728Z
6a868b89-fca0-4323-922b-8c72d4964953,user165,c6a97697-806b-45f8-8deb-24669a074940,0,3,7,ACERTO_VENCEDOR,2026-06-21T02:58:50.765Z
65c093c8-e6de-47a2-a3f1-b4c31b1a430b,user165,d83a4eb5-112c-4d4e-895b-737f0085d5dc,2,0,0,ERRO,2026-06-21T02:59:01.078Z
6437a544-2205-41e5-9d09-23525696c440,user165,e322a9b7-1a86-4fef-8d1e-276b8e2d438d,5,0,7,ACERTO_VENCEDOR,2026-06-21T02:59:21.796Z
1a0786b1-77a5-49c9-8adc-ce42fc6b2064,user165,6488ec1b-cd97-409f-83ce-24befb4852be,2,1,7,ACERTO_VENCEDOR,2026-06-21T02:59:38.014Z
4257549c-8eea-4174-960a-d3d1ca210631,user165,276fc045-6d8a-40af-ba22-7e5c4b51e177,2,3,5,ACERTO_VENCEDOR,2026-06-21T02:59:50.138Z
ead31e28-0881-4859-b2bf-4b3b541a1c5e,user165,8e4c2b7f-aab6-4c6d-b181-7a637a728533,2,1,5,ACERTO_VENCEDOR,2026-06-21T03:00:01.412Z
bd35e34f-65dd-4725-9316-bdefa51d3c76,user165,609c6c86-9a27-4c77-8f72-b0fa878924a9,3,1,7,ACERTO_VENCEDOR,2026-06-21T03:00:43.530Z
912ea0dd-b154-42a9-9153-011de480b5d6,user165,c1710c13-a884-47db-b770-4d0d7cf4b0f5,0,0,0,ERRO,2026-06-21T03:00:50.346Z
4023e31c-0bb2-4011-967c-443b35a8c26a,user165,5e870695-b61c-467b-91db-d4361d873104,1,3,0,ERRO,2026-06-21T03:01:01.829Z
d572e47b-807e-4a61-8c8b-80e8918bcd3b,user165,b59a5f79-d8a9-4ad4-a99e-643e36491858,0,3,7,ACERTO_VENCEDOR,2026-06-21T03:01:05.745Z
630d673c-abb8-4f41-8662-89270c609649,user165,6990d81d-87d8-41b1-aea5-b6fbcfafcf7b,2,0,7,ACERTO_VENCEDOR,2026-06-21T03:01:22.621Z
5272241d-4205-4653-9a6b-8bcffb9b5545,user165,6038b570-f0a1-4247-9752-82e48da6649f,3,1,5,ACERTO_VENCEDOR,2026-06-21T03:01:30.560Z
f945b7a4-596f-44d6-8c92-5416f2f92393,user165,509c27bb-9832-4145-8630-c309ac6b50cb,1,0,5,ACERTO_VENCEDOR,2026-06-21T03:01:36.259Z
29510e0d-060b-4e28-be47-abb4b13d79e9,user165,d048e70a-4271-483f-828e-5b0f3a2c32a2,1,2,0,ERRO,2026-06-21T03:01:44.361Z
6049819d-73eb-4b14-908f-84057f5d540a,user165,c5771b35-3695-40b7-a63f-1be736f9d685,5,1,0,ERRO,2026-06-21T03:02:03.255Z
f370f278-1ac8-40bb-abff-b4ff59f42d7d,user165,a5897071-fca1-470c-b1f4-50ff34a5ff80,0,4,7,ACERTO_VENCEDOR,2026-06-21T03:02:20.130Z
109319f5-0766-4ac2-b4ab-f39be9d36005,user165,af891675-71a4-4e36-9820-710f18ef9e27,3,1,7,ACERTO_VENCEDOR,2026-06-21T03:02:35.073Z
8d69e2b6-1a96-4e81-9697-d31130d3ce24,user165,044a487b-ee61-4547-b15b-84630aae8b47,5,0,0,ERRO,2026-06-21T03:02:39.928Z
a202f6c5-cc43-4dea-8f4b-d4a1a5edeaf9,user17,94ee8b2b-59f5-4cb6-9039-a8ddbfb45a43,1,3,5,ACERTO_VENCEDOR,2026-06-21T03:53:28.409Z
7071cc7f-8fab-49df-8444-3a5cf0410fae,user12,ec9a9043-f83e-497e-907c-f0d58a78695a,2,0,7,ACERTO_VENCEDOR,2026-06-21T04:57:08.973Z
42edc74a-ee9c-4605-9349-ef72c3ca6058,user5,1be19345-5d2c-4123-a169-46cadcbc7ff2,2,1,0,ERRO,2026-06-21T05:14:52.393Z
c5538568-04c8-4c6b-ae94-f81da317ae54,user5,e3dca7c9-b2cc-4ad4-b02c-602ad4e61091,3,0,0,ERRO,2026-06-21T05:14:56.686Z
31cb4419-538a-4bf0-a315-5891408aa7ad,user5,ca17b700-6fcf-4698-a628-770228b859bf,0,2,7,ACERTO_VENCEDOR,2026-06-21T05:15:02.546Z
7a0740d8-d364-4a8a-81c9-bd7e0480e29d,user12,1be19345-5d2c-4123-a169-46cadcbc7ff2,3,0,0,ERRO,2026-06-21T05:57:01.314Z
128051aa-31de-4ce4-bd9e-ae1c2897ae99,user12,e3dca7c9-b2cc-4ad4-b02c-602ad4e61091,3,1,0,ERRO,2026-06-21T05:57:18.739Z
5ec89607-d1bf-4e3c-873b-12cd72572ca6,user12,ca17b700-6fcf-4698-a628-770228b859bf,0,1,5,ACERTO_VENCEDOR,2026-06-21T05:57:52.629Z
9eb3e4e5-b3cf-4ea9-8703-e561eb02e825,user13,1be19345-5d2c-4123-a169-46cadcbc7ff2,3,0,0,ERRO,2026-06-21T06:56:06.439Z
12fd2cc2-51b6-4411-97f1-ce7a9d4059f1,user13,e3dca7c9-b2cc-4ad4-b02c-602ad4e61091,2,0,0,ERRO,2026-06-21T06:56:10.848Z
79e18159-7ac0-4346-b6ce-c195728f3e5d,user13,ca17b700-6fcf-4698-a628-770228b859bf,1,1,0,ERRO,2026-06-21T06:56:16.224Z
d2b6d2df-fa17-4390-bfb0-fc2a5fdc53cb,user1,ec9a9043-f83e-497e-907c-f0d58a78695a,4,1,7,ACERTO_VENCEDOR,2026-06-21T08:38:58.151Z
daee63cb-5a84-47f1-bb83-5f286650a10f,user1,ca17b700-6fcf-4698-a628-770228b859bf,1,1,0,ERRO,2026-06-21T08:40:04.407Z
f87a5091-0626-457a-849f-09a014d8f871,user1,1be19345-5d2c-4123-a169-46cadcbc7ff2,2,1,0,ERRO,2026-06-21T08:40:05.241Z
153c7f4d-8c3f-4d5d-b2f9-68222d7cb43b,user1,e3dca7c9-b2cc-4ad4-b02c-602ad4e61091,2,0,0,ERRO,2026-06-21T08:40:06.391Z
69dbce19-44a9-44d7-b0d3-2dd6ae688e9c,user160,ec9a9043-f83e-497e-907c-f0d58a78695a,2,0,7,ACERTO_VENCEDOR,2026-06-21T13:00:26.079Z
06d0a874-0e52-4e45-a47a-ed99d21427a6,user160,1be19345-5d2c-4123-a169-46cadcbc7ff2,2,1,0,ERRO,2026-06-21T13:01:06.170Z
53d8110c-3938-4db3-9472-468c318fff0d,user160,e3dca7c9-b2cc-4ad4-b02c-602ad4e61091,1,0,0,ERRO,2026-06-21T13:01:39.615Z
533ce47b-846a-4452-a6b1-4599cf81e16c,user160,ca17b700-6fcf-4698-a628-770228b859bf,1,2,7,ACERTO_VENCEDOR,2026-06-21T13:01:48.102Z
f1655ac8-b692-40ad-8faa-df5fb0cd103d,user51,ec9a9043-f83e-497e-907c-f0d58a78695a,3,1,5,ACERTO_VENCEDOR,2026-06-21T13:24:38.204Z
97e6763a-88a5-46eb-ae3e-3e8108ae786a,user51,e3dca7c9-b2cc-4ad4-b02c-602ad4e61091,1,0,0,ERRO,2026-06-21T13:24:38.776Z
a130a1d9-fb5f-4625-bb59-fd9039e70baf,user51,1be19345-5d2c-4123-a169-46cadcbc7ff2,2,0,0,ERRO,2026-06-21T13:24:39.062Z
9e29a2d7-c0d5-4c2a-9771-09af8ac58561,user51,ca17b700-6fcf-4698-a628-770228b859bf,1,2,7,ACERTO_VENCEDOR,2026-06-21T13:24:40.226Z
2dcd68ee-f4a3-4090-837d-352b1543b1ce,user54,e3dca7c9-b2cc-4ad4-b02c-602ad4e61091,2,0,0,ERRO,2026-06-21T13:54:14.376Z
39fedcf5-3825-47c9-8360-0b897642c1af,user54,1be19345-5d2c-4123-a169-46cadcbc7ff2,2,1,0,ERRO,2026-06-21T13:54:14.905Z
989c7180-0686-419b-993c-e146a568899e,user54,ca17b700-6fcf-4698-a628-770228b859bf,1,1,0,ERRO,2026-06-21T13:54:15.168Z
081ce533-9f51-4de5-ace0-0a309946a054,user54,ec9a9043-f83e-497e-907c-f0d58a78695a,3,0,7,ACERTO_VENCEDOR,2026-06-21T13:54:16.222Z
a4bb03f2-1386-4bc3-b8ec-2af7471ac63d,user145,ec9a9043-f83e-497e-907c-f0d58a78695a,2,1,5,ACERTO_VENCEDOR,2026-06-21T14:44:05.793Z
c8c0782e-b88d-452a-95ec-473f1e981e7c,user145,1be19345-5d2c-4123-a169-46cadcbc7ff2,2,1,0,ERRO,2026-06-21T14:44:09.139Z
b9974e35-32d7-4c93-b15e-cf95bf66abc2,user145,e3dca7c9-b2cc-4ad4-b02c-602ad4e61091,2,1,0,ERRO,2026-06-21T14:44:12.578Z
2e0b58e9-0aae-429b-bb07-1884c114fc89,user145,ca17b700-6fcf-4698-a628-770228b859bf,0,2,7,ACERTO_VENCEDOR,2026-06-21T14:44:27.224Z
a5e7da07-ffd3-487f-92f5-a4080d2c6d4f,user144,1be19345-5d2c-4123-a169-46cadcbc7ff2,2,1,0,ERRO,2026-06-21T15:01:06.482Z
0fba3a6b-160d-4aaa-a68f-9aa279767258,user144,ec9a9043-f83e-497e-907c-f0d58a78695a,2,0,7,ACERTO_VENCEDOR,2026-06-21T15:01:52.169Z
63e97a33-d086-4081-b9fd-367091682741,user144,ca17b700-6fcf-4698-a628-770228b859bf,2,1,0,ERRO,2026-06-21T15:02:32.902Z
0067e411-2832-4d60-8087-de9e190ca805,user119,1be19345-5d2c-4123-a169-46cadcbc7ff2,4,1,0,ERRO,2026-06-21T15:13:52.672Z
5b0b2a7f-129c-424f-aacc-4e6d7e202031,user119,e3dca7c9-b2cc-4ad4-b02c-602ad4e61091,3,0,0,ERRO,2026-06-21T15:13:52.949Z
2d4db0b1-79a4-472d-a91c-5f98bba5f24b,user119,ca17b700-6fcf-4698-a628-770228b859bf,3,2,0,ERRO,2026-06-21T15:13:53.226Z
ff5c53c9-30b6-4a0f-84a9-d82d5c4561c3,user119,ec9a9043-f83e-497e-907c-f0d58a78695a,3,0,7,ACERTO_VENCEDOR,2026-06-21T15:13:53.506Z
c19f909c-88fd-4c86-b177-4c85800f3003,user113,ec9a9043-f83e-497e-907c-f0d58a78695a,3,0,7,ACERTO_VENCEDOR,2026-06-21T15:30:39.694Z
e9f6e6c9-2379-45a0-9e68-009f2487e268,user113,1be19345-5d2c-4123-a169-46cadcbc7ff2,1,0,0,ERRO,2026-06-21T15:30:59.539Z
7a582bcc-520e-468e-bbd2-eb93feb73c82,user113,e3dca7c9-b2cc-4ad4-b02c-602ad4e61091,1,2,0,ERRO,2026-06-21T15:31:15.518Z
f32fcf70-3323-4274-9d4f-908bb4a98888,user113,ca17b700-6fcf-4698-a628-770228b859bf,0,1,5,ACERTO_VENCEDOR,2026-06-21T15:31:27.140Z
a1e077ef-c455-4e23-8cee-486eabde2e46,user134,ec9a9043-f83e-497e-907c-f0d58a78695a,3,0,7,ACERTO_VENCEDOR,2026-06-21T15:56:11.115Z
6f32cb92-1bc2-4a8b-a3a5-1209230f3fa8,user134,1be19345-5d2c-4123-a169-46cadcbc7ff2,2,0,0,ERRO,2026-06-21T15:56:44.366Z
1d6b0c3e-8430-4305-b246-8ac5244818ee,user134,ca17b700-6fcf-4698-a628-770228b859bf,0,1,5,ACERTO_VENCEDOR,2026-06-21T15:57:33.857Z
8a6f9753-5ef9-40e0-abec-b2ebabd7b364,user104,1be19345-5d2c-4123-a169-46cadcbc7ff2,2,1,0,ERRO,2026-06-21T16:00:19.607Z
0412853b-ed00-43e3-9624-0c31bb2d19d1,user104,e3dca7c9-b2cc-4ad4-b02c-602ad4e61091,3,0,0,ERRO,2026-06-21T16:00:24.910Z
0b30b70d-3aea-4f0d-a9fc-315780590c91,user104,ca17b700-6fcf-4698-a628-770228b859bf,0,2,7,ACERTO_VENCEDOR,2026-06-21T16:00:30.107Z
7d5c6a34-17d7-4b40-8305-b1a2f0f278c2,user148,1be19345-5d2c-4123-a169-46cadcbc7ff2,3,1,0,ERRO,2026-06-21T16:16:01.101Z
99e72cc4-3d29-4b1c-b855-63366efdf0e2,user148,e3dca7c9-b2cc-4ad4-b02c-602ad4e61091,1,0,0,ERRO,2026-06-21T16:16:36.023Z
0147b644-50c9-4fb2-a314-aa4b4263f181,user148,ca17b700-6fcf-4698-a628-770228b859bf,2,1,0,ERRO,2026-06-21T16:17:42.447Z
cb380367-5abb-4992-99f4-65e987eedcee,user148,e322a9b7-1a86-4fef-8d1e-276b8e2d438d,3,0,10,ACERTO_PLACAR,2026-06-21T16:35:10.897Z
836720d6-3b64-46a0-8fbe-ae1a741749fe,user17,1be19345-5d2c-4123-a169-46cadcbc7ff2,2,0,0,ERRO,2026-06-21T16:45:30.373Z
0840257b-bae2-42f5-817b-123e082b0921,user17,e3dca7c9-b2cc-4ad4-b02c-602ad4e61091,2,1,0,ERRO,2026-06-21T16:45:39.005Z
320d443e-ce2f-4a45-9e35-7c0b52db8a4b,user17,ca17b700-6fcf-4698-a628-770228b859bf,0,2,7,ACERTO_VENCEDOR,2026-06-21T16:45:48.186Z
f9ae05c6-9af5-4a8b-b450-1f989c6864dc,user4,1be19345-5d2c-4123-a169-46cadcbc7ff2,3,0,0,ERRO,2026-06-21T17:09:16.667Z
1e3fdca2-597c-44bf-b866-d7b397b14cee,user4,e3dca7c9-b2cc-4ad4-b02c-602ad4e61091,1,0,0,ERRO,2026-06-21T17:09:26.856Z
b05e675f-fa7b-47be-bfa6-fe439d8b402d,user4,ca17b700-6fcf-4698-a628-770228b859bf,1,1,0,ERRO,2026-06-21T17:09:37.368Z
14a9e4f4-77c2-4555-b69d-a088c4f799fd,user3,1be19345-5d2c-4123-a169-46cadcbc7ff2,2,1,0,ERRO,2026-06-21T17:16:08.431Z
48516ee7-5dae-45bc-864d-4e6df0d3920c,user3,e3dca7c9-b2cc-4ad4-b02c-602ad4e61091,2,0,0,ERRO,2026-06-21T17:16:22.895Z
f6a55497-42df-4462-8a67-980dfdfac35b,user3,ca17b700-6fcf-4698-a628-770228b859bf,1,2,7,ACERTO_VENCEDOR,2026-06-21T17:17:14.644Z
4aee4bff-fcbb-46d6-9c10-e208336be52f,user3,609c6c86-9a27-4c77-8f72-b0fa878924a9,2,0,10,ACERTO_PLACAR,2026-06-21T17:17:35.522Z
ff86c6ec-4bf9-4960-9995-747223a01c4d,user3,e322a9b7-1a86-4fef-8d1e-276b8e2d438d,3,0,10,ACERTO_PLACAR,2026-06-21T17:17:43.840Z
fa32ac17-6600-49f0-8c14-d3d1ef3e8778,user3,6488ec1b-cd97-409f-83ce-24befb4852be,2,1,7,ACERTO_VENCEDOR,2026-06-21T17:17:51.742Z
a0448032-2ea1-496d-b304-7f77a3df0b10,user3,c1710c13-a884-47db-b770-4d0d7cf4b0f5,0,1,7,ACERTO_VENCEDOR,2026-06-21T17:18:02.646Z
d2758d28-db51-4fda-a6b8-57243e6a4a37,user3,6990d81d-87d8-41b1-aea5-b6fbcfafcf7b,2,0,7,ACERTO_VENCEDOR,2026-06-21T17:18:09.930Z
5e353ed4-2996-4561-862c-d50d41530f77,user3,c5771b35-3695-40b7-a63f-1be736f9d685,3,0,0,ERRO,2026-06-21T17:18:18.614Z
093eb779-0d85-4f80-8da1-955d12f65c80,user3,a5897071-fca1-470c-b1f4-50ff34a5ff80,0,2,7,ACERTO_VENCEDOR,2026-06-21T17:18:29.519Z
9e2e3518-095a-44fc-9978-09c96def7d8c,user3,6038b570-f0a1-4247-9752-82e48da6649f,3,1,5,ACERTO_VENCEDOR,2026-06-21T17:18:37.978Z
fc3df38c-5e42-44bc-836a-eb27ba933c15,user3,f3d0c2c2-ce6a-47a7-8a8d-9268cc90bb61,1,3,0,ERRO,2026-06-21T17:18:45.404Z
1cb62880-dedf-437e-b3cc-039c1888603a,user8,1be19345-5d2c-4123-a169-46cadcbc7ff2,3,1,0,ERRO,2026-06-21T17:31:57.022Z
a3b680b0-9aa8-4966-84a1-f1a8b657c289,user8,e3dca7c9-b2cc-4ad4-b02c-602ad4e61091,2,0,0,ERRO,2026-06-21T17:32:11.576Z
eba2cd80-6bf3-4dad-a2f2-f47c55d2b42c,user8,ca17b700-6fcf-4698-a628-770228b859bf,2,2,0,ERRO,2026-06-21T17:32:28.748Z
927b55c5-b6e8-4725-a065-1b2cf2b153fa,user8,908bbff6-9327-41c0-995f-29581a5f84ab,0,6,5,ACERTO_VENCEDOR,2026-06-21T17:37:29.168Z
2b9aaca9-6e02-4de4-907b-96b29b81680b,user8,c7b8c1b3-52ad-4bef-81d9-1969853ba187,3,2,0,ERRO,2026-06-21T17:37:40.923Z
824da6d1-09b2-4b86-8550-7a8799a8bc56,user8,360b9169-fffe-42c2-a352-481e999c5c10,1,2,0,ERRO,2026-06-21T17:38:38.256Z
b607c0d7-e3ea-47ff-8806-a7d77cd0e902,user8,c6a97697-806b-45f8-8deb-24669a074940,0,2,7,ACERTO_VENCEDOR,2026-06-21T17:39:34.468Z
6dbb33a8-ae74-405f-8258-5e4ba8fd2aa0,user8,d83a4eb5-112c-4d4e-895b-737f0085d5dc,3,0,0,ERRO,2026-06-21T17:39:52.979Z
2c6703bd-25c1-42f1-a49e-c71bf4614f07,user8,e322a9b7-1a86-4fef-8d1e-276b8e2d438d,5,1,5,ACERTO_VENCEDOR,2026-06-21T17:40:36.481Z
54a155a0-ea1e-4845-951d-e40772964684,user8,6488ec1b-cd97-409f-83ce-24befb4852be,3,1,7,ACERTO_VENCEDOR,2026-06-21T17:40:53.899Z
6cc89880-50f5-4702-a3c6-c3462136ac51,user8,276fc045-6d8a-40af-ba22-7e5c4b51e177,1,1,0,ERRO,2026-06-21T17:41:07.562Z
24fb4877-8562-42d4-98af-3699c6565f24,user8,8e4c2b7f-aab6-4c6d-b181-7a637a728533,2,0,7,ACERTO_VENCEDOR,2026-06-21T17:41:25.631Z
fa11b76a-7f9b-4dce-8577-d7b06cf42c73,user8,609c6c86-9a27-4c77-8f72-b0fa878924a9,2,1,7,ACERTO_VENCEDOR,2026-06-21T17:41:49.826Z
81e0143d-54b0-4c8a-a1f4-3f7c5fdcc07c,user8,c1710c13-a884-47db-b770-4d0d7cf4b0f5,1,2,10,ACERTO_PLACAR,2026-06-21T17:42:07.438Z
93f8f988-fc4a-4051-8020-5c49e019b336,user8,5e870695-b61c-467b-91db-d4361d873104,0,3,0,ERRO,2026-06-21T17:42:21.001Z
e67de6c4-5659-4b8a-a850-b6386374087f,user8,b59a5f79-d8a9-4ad4-a99e-643e36491858,0,4,5,ACERTO_VENCEDOR,2026-06-21T17:42:33.078Z
c5f8d29c-3ad9-482a-9019-a42603836064,user128,1be19345-5d2c-4123-a169-46cadcbc7ff2,3,1,0,ERRO,2026-06-21T18:06:15.340Z
4a681deb-7468-4f73-b92a-d346945542e3,user128,e3dca7c9-b2cc-4ad4-b02c-602ad4e61091,3,0,0,ERRO,2026-06-21T18:06:15.606Z
f07d3896-e953-43e6-a12d-65c58f377ff0,user128,ca17b700-6fcf-4698-a628-770228b859bf,2,1,0,ERRO,2026-06-21T18:06:23.265Z
e63fc0ce-ed1c-473d-8c57-4db4feaceb96,user135,ca17b700-6fcf-4698-a628-770228b859bf,3,3,0,ERRO,2026-06-21T18:10:18.655Z
79d86466-9206-437c-bb4c-8be56dafd57b,user135,e3dca7c9-b2cc-4ad4-b02c-602ad4e61091,1,2,0,ERRO,2026-06-21T18:10:18.950Z
204ca038-6122-4596-9e97-2ca075161393,user135,1be19345-5d2c-4123-a169-46cadcbc7ff2,4,1,0,ERRO,2026-06-21T18:10:34.642Z
f35c8bbf-f427-472f-8bff-e020ef5f0f47,user135,609c6c86-9a27-4c77-8f72-b0fa878924a9,4,2,7,ACERTO_VENCEDOR,2026-06-21T18:11:05.472Z
73104488-4388-48cb-9d6e-a056bdcbf699,user135,e322a9b7-1a86-4fef-8d1e-276b8e2d438d,5,1,5,ACERTO_VENCEDOR,2026-06-21T18:11:12.270Z
bca79969-e4f2-4f0e-895b-6ac97c6ca988,user148,609c6c86-9a27-4c77-8f72-b0fa878924a9,3,1,7,ACERTO_VENCEDOR,2026-06-21T18:19:20.975Z
f381ad50-a33f-4196-b733-6b22f1e2bdaa,user10,e3dca7c9-b2cc-4ad4-b02c-602ad4e61091,3,1,0,ERRO,2026-06-21T18:27:39.902Z
312c4a8f-3321-4d8c-846b-ce3c07817259,user10,ca17b700-6fcf-4698-a628-770228b859bf,1,1,0,ERRO,2026-06-21T18:27:40.140Z
b718d173-1bba-49b1-9bfa-b1a6433f37a6,user10,1be19345-5d2c-4123-a169-46cadcbc7ff2,2,0,0,ERRO,2026-06-21T18:27:42.054Z
334b7b5a-b83c-4791-a9d9-32cb7e2c9e85,user75,e3dca7c9-b2cc-4ad4-b02c-602ad4e61091,1,0,0,ERRO,2026-06-21T18:34:52.789Z
6c6f6122-2f44-4fea-83aa-d7824b2644fa,user9,e3dca7c9-b2cc-4ad4-b02c-602ad4e61091,1,1,7,ACERTO_VENCEDOR,2026-06-21T19:12:10.376Z
5f2e8c16-c277-4e5f-9ea6-47d3b7eccfda,user9,ca17b700-6fcf-4698-a628-770228b859bf,0,1,5,ACERTO_VENCEDOR,2026-06-21T19:12:34.667Z
2b0bd0aa-7bea-4d26-bfb7-dcc32c4d5011,user89,e3dca7c9-b2cc-4ad4-b02c-602ad4e61091,3,0,0,ERRO,2026-06-21T19:19:39.177Z
e98e5a97-3b67-412e-a039-38de5b7d747a,user89,ca17b700-6fcf-4698-a628-770228b859bf,0,2,7,ACERTO_VENCEDOR,2026-06-21T19:19:42.020Z
f98415b2-9381-4a53-8e85-d7114dc7ddf1,user11,609c6c86-9a27-4c77-8f72-b0fa878924a9,3,1,7,ACERTO_VENCEDOR,2026-06-21T19:25:02.033Z
a9487286-f21b-44f6-889c-64877d428480,user11,e322a9b7-1a86-4fef-8d1e-276b8e2d438d,3,0,10,ACERTO_PLACAR,2026-06-21T19:25:20.583Z
c6c9e452-a907-45b3-b453-9203adf7e047,user11,6488ec1b-cd97-409f-83ce-24befb4852be,1,1,0,ERRO,2026-06-21T19:25:34.671Z
9cb651a2-0df4-4f64-8251-f9983899957a,user11,c1710c13-a884-47db-b770-4d0d7cf4b0f5,2,1,0,ERRO,2026-06-21T19:26:00.053Z
122f5b54-30c7-4e7f-b645-40e32c122964,user11,6990d81d-87d8-41b1-aea5-b6fbcfafcf7b,3,1,5,ACERTO_VENCEDOR,2026-06-21T19:26:10.657Z
1a7c028c-7136-4591-a5b6-004f961a8fbf,user11,c5771b35-3695-40b7-a63f-1be736f9d685,2,1,0,ERRO,2026-06-21T19:26:27.712Z
d0293a8e-5094-42a8-9aa1-5f60df088eab,user11,a5897071-fca1-470c-b1f4-50ff34a5ff80,1,3,5,ACERTO_VENCEDOR,2026-06-21T19:27:06.157Z
a2a1acfd-95d3-4f7f-86b2-6f87f1e5ccf4,user11,6038b570-f0a1-4247-9752-82e48da6649f,3,1,5,ACERTO_VENCEDOR,2026-06-21T19:27:17.485Z
079871ae-aa3c-464a-9f45-910476e91526,user2,e3dca7c9-b2cc-4ad4-b02c-602ad4e61091,2,0,0,ERRO,2026-06-21T19:27:23.268Z
bb2a6e2d-8895-4ae7-992f-1c765de5a9ad,user11,f3d0c2c2-ce6a-47a7-8a8d-9268cc90bb61,0,2,0,ERRO,2026-06-21T19:27:37.834Z
5be26b65-40aa-47be-ad2c-30e8b8e531a0,user2,ca17b700-6fcf-4698-a628-770228b859bf,2,2,0,ERRO,2026-06-21T19:27:40.540Z
2901c8cd-7b05-4e5b-a945-7e9b2f7a7634,user11,e4d4af35-c9e0-4d1b-89b7-e72893e5642d,1,1,0,ERRO,2026-06-21T19:28:43.047Z
d4df46f5-e9c5-4135-8a4b-897772fb78ca,user11,702d0496-83e0-461d-82e9-e335698fca9e,0,5,7,ACERTO_VENCEDOR,2026-06-21T19:29:59.430Z
de22e4c8-79ea-4044-8019-0f6c02f6879a,user11,6a824c8c-e1be-4339-acc3-3279deec17ad,2,1,5,ACERTO_VENCEDOR,2026-06-21T19:30:18.552Z
bfef32d3-5dfa-4f2a-88c4-e58c0d8e4506,user11,9ebfdd3b-789a-4e3a-a2b6-d7c31237e3d1,1,1,0,ERRO,2026-06-21T19:30:33.414Z
7ff27e49-7450-4529-8e84-da5f32cf2364,user11,52a29ff1-0db3-48b4-921f-1aa0f8940766,1,2,5,ACERTO_VENCEDOR,2026-06-21T19:30:52.393Z
5bb7d502-3c75-46f6-9ff6-b0e49d2bfd1f,user89,6488ec1b-cd97-409f-83ce-24befb4852be,2,2,0,ERRO,2026-06-21T19:56:19.701Z
42209d0a-6295-4406-97d4-0c53886519d8,user89,609c6c86-9a27-4c77-8f72-b0fa878924a9,3,0,7,ACERTO_VENCEDOR,2026-06-21T19:56:20.850Z
1fb02e97-7532-43c8-8862-4863dee1b30f,user89,e4d4af35-c9e0-4d1b-89b7-e72893e5642d,0,0,0,ERRO,2026-06-21T19:56:21.138Z
d556ba72-74a2-432a-9f8f-3e31efe27e6a,user89,9ebfdd3b-789a-4e3a-a2b6-d7c31237e3d1,1,2,0,ERRO,2026-06-21T19:56:21.712Z
26e9be0c-45b8-4298-b6ce-1eeb03e98a8a,user89,32e1259a-ec96-4e5b-8063-b0c1c3d87553,0,2,0,ERRO,2026-06-21T19:56:21.999Z
8ee1a1ad-8392-4805-b397-90e7d01455c5,user89,702d0496-83e0-461d-82e9-e335698fca9e,0,1,7,ACERTO_VENCEDOR,2026-06-21T19:56:22.287Z
3edc7241-06fa-4802-af8d-2b62701a2e08,user89,6a824c8c-e1be-4339-acc3-3279deec17ad,3,0,5,ACERTO_VENCEDOR,2026-06-21T19:56:22.574Z
6cdd7ba7-f244-4ae0-872d-25502c0d41f8,user89,52a29ff1-0db3-48b4-921f-1aa0f8940766,0,2,7,ACERTO_VENCEDOR,2026-06-21T19:56:22.862Z
7421e6b9-a6c4-44db-b1f9-e19f9fa9f29b,user89,9bf43d45-0c13-438c-bd7a-6092b4aef4d2,1,2,7,ACERTO_VENCEDOR,2026-06-21T19:56:23.149Z
2b8b0abd-20d6-49e9-9b36-5350751e9364,user89,c5771b35-3695-40b7-a63f-1be736f9d685,2,0,0,ERRO,2026-06-21T19:56:23.724Z
7e52c269-f4d1-44f2-9b56-644e399f04a8,user89,c1710c13-a884-47db-b770-4d0d7cf4b0f5,0,1,7,ACERTO_VENCEDOR,2026-06-21T19:56:24.589Z
1ceee21a-ee0c-441a-ad77-9b3710987042,user89,6038b570-f0a1-4247-9752-82e48da6649f,3,1,5,ACERTO_VENCEDOR,2026-06-21T19:56:25.746Z
9c2df5ea-0c46-4780-8296-8b76deb3f0cb,user89,a5897071-fca1-470c-b1f4-50ff34a5ff80,0,2,7,ACERTO_VENCEDOR,2026-06-21T19:56:26.320Z
35ce1344-ea4a-45f9-ba8d-41534094628e,user89,f3d0c2c2-ce6a-47a7-8a8d-9268cc90bb61,1,1,0,ERRO,2026-06-21T19:56:28.342Z
c5500db5-e298-43bd-b53b-98c6b511536b,user16,e3dca7c9-b2cc-4ad4-b02c-602ad4e61091,2,1,0,ERRO,2026-06-21T21:52:10.827Z
f981947e-b37e-4f5c-b351-f52f87006360,user16,ca17b700-6fcf-4698-a628-770228b859bf,1,3,10,ACERTO_PLACAR,2026-06-21T21:52:19.584Z
0508f07f-121a-4455-89e0-90e7b8181fda,user124,e322a9b7-1a86-4fef-8d1e-276b8e2d438d,2,0,7,ACERTO_VENCEDOR,2026-06-21T22:41:01.916Z
dba2253d-80b0-47bb-ab36-d2c42a0cd69c,user124,6488ec1b-cd97-409f-83ce-24befb4852be,0,0,0,ERRO,2026-06-21T22:41:16.460Z
7fdd2e95-758b-4611-be66-d177d212803f,user124,6990d81d-87d8-41b1-aea5-b6fbcfafcf7b,2,1,5,ACERTO_VENCEDOR,2026-06-21T22:42:00.305Z
907521b5-5b11-41dd-b483-6f1a772a3399,user124,c5771b35-3695-40b7-a63f-1be736f9d685,2,0,0,ERRO,2026-06-21T22:42:47.050Z
97c1b3f0-c12b-45d8-9f2f-3f3611301710,user124,a5897071-fca1-470c-b1f4-50ff34a5ff80,2,1,0,ERRO,2026-06-21T22:43:34.727Z
b342c9da-14a4-4404-9821-fbc985c6697d,user124,6038b570-f0a1-4247-9752-82e48da6649f,1,0,10,ACERTO_PLACAR,2026-06-21T22:43:49.228Z
47be513b-51ff-427d-b9f8-88fcfd1f4728,user124,f3d0c2c2-ce6a-47a7-8a8d-9268cc90bb61,1,3,0,ERRO,2026-06-21T22:44:20.895Z
39fd353e-15fa-429f-b035-1a255e607797,user75,ca17b700-6fcf-4698-a628-770228b859bf,1,2,7,ACERTO_VENCEDOR,2026-06-22T00:02:36.128Z
f3bf9610-e604-4ba4-a32b-9509c4099aec,user75,6488ec1b-cd97-409f-83ce-24befb4852be,3,1,7,ACERTO_VENCEDOR,2026-06-22T00:14:26.463Z
dc6ab9e4-5956-4791-b994-76cb4072683f,user75,c5771b35-3695-40b7-a63f-1be736f9d685,3,0,0,ERRO,2026-06-22T00:14:26.988Z
806b1c47-f6c8-4801-ac31-d38d3a0d416d,user75,e322a9b7-1a86-4fef-8d1e-276b8e2d438d,3,0,10,ACERTO_PLACAR,2026-06-22T00:14:27.511Z
77b2e9fc-11e3-4ec5-b3f0-e203c6f604b3,user75,a5897071-fca1-470c-b1f4-50ff34a5ff80,0,2,7,ACERTO_VENCEDOR,2026-06-22T00:14:28.034Z
474ba7fe-d7ca-4f96-9818-0de52131d3c3,user75,6990d81d-87d8-41b1-aea5-b6fbcfafcf7b,2,0,7,ACERTO_VENCEDOR,2026-06-22T00:14:28.296Z
a53f4294-dafe-4059-8e5f-603f31df7c16,user75,c1710c13-a884-47db-b770-4d0d7cf4b0f5,1,1,0,ERRO,2026-06-22T00:14:29.351Z
89f64642-23f0-440b-bfe2-4d4b44caa706,user75,609c6c86-9a27-4c77-8f72-b0fa878924a9,4,0,7,ACERTO_VENCEDOR,2026-06-22T00:14:30.406Z
12c78740-3e3f-41b2-a19d-716514b97fe8,user75,6038b570-f0a1-4247-9752-82e48da6649f,2,0,7,ACERTO_VENCEDOR,2026-06-22T00:14:31.454Z
351b4fa0-7ddf-4d87-9cb0-866fa6f95f55,user148,c1710c13-a884-47db-b770-4d0d7cf4b0f5,2,2,0,ERRO,2026-06-22T00:16:12.043Z
2d3ae792-a74e-410a-91f9-e3889c588b33,user148,6488ec1b-cd97-409f-83ce-24befb4852be,3,0,7,ACERTO_VENCEDOR,2026-06-22T00:16:37.336Z
04e57933-4bc1-4a68-8bbe-658a6fb77c85,user76,c1710c13-a884-47db-b770-4d0d7cf4b0f5,1,1,0,ERRO,2026-06-22T00:58:22.402Z
c008d903-169c-4abc-846f-64847eaa6a4b,user76,6990d81d-87d8-41b1-aea5-b6fbcfafcf7b,2,1,5,ACERTO_VENCEDOR,2026-06-22T00:58:22.639Z
4d7d7c34-c6f1-4a7c-9b04-c9c644c68bc9,user76,6488ec1b-cd97-409f-83ce-24befb4852be,2,0,5,ACERTO_VENCEDOR,2026-06-22T00:58:25.305Z
1d89d0c3-df70-4501-b2fd-9d73a75bee33,user76,e322a9b7-1a86-4fef-8d1e-276b8e2d438d,2,0,7,ACERTO_VENCEDOR,2026-06-22T00:58:25.542Z
2b7bff17-e6da-41ab-b73a-3d67a0d3ae52,user76,609c6c86-9a27-4c77-8f72-b0fa878924a9,2,1,7,ACERTO_VENCEDOR,2026-06-22T00:58:27.971Z
575c3c05-1c11-4ebd-bb1e-e0063d5da89b,user91,32e1259a-ec96-4e5b-8063-b0c1c3d87553,0,3,0,ERRO,2026-06-22T03:18:31.550Z
2ced4acd-1858-4d66-a898-4b9ab93506cf,user91,9bf43d45-0c13-438c-bd7a-6092b4aef4d2,1,2,7,ACERTO_VENCEDOR,2026-06-22T03:18:42.445Z
cc80bd50-b1fd-4d54-8154-a9d362184a45,user91,908bbff6-9327-41c0-995f-29581a5f84ab,0,4,5,ACERTO_VENCEDOR,2026-06-22T03:18:51.600Z
3d36a47d-a93d-4160-8cdf-ef973c41313e,user91,c7b8c1b3-52ad-4bef-81d9-1969853ba187,2,1,0,ERRO,2026-06-22T03:19:01.179Z
01266702-413a-4f18-b4a2-4301f43964e9,user91,e5959d04-83c8-4037-81fc-1133f95064c2,2,1,0,ERRO,2026-06-22T03:19:12.052Z
09503753-b518-4f8b-9368-661b4f0274e7,user91,4e538c8b-876c-4009-849a-761125544175,0,4,0,ERRO,2026-06-22T03:19:20.454Z
7cba942b-3c43-4ce0-b206-a5ffcda90c0d,user52,609c6c86-9a27-4c77-8f72-b0fa878924a9,3,0,7,ACERTO_VENCEDOR,2026-06-22T04:24:46.732Z
a2a03cb6-6d81-41c5-a4cf-e35450040df9,user52,e322a9b7-1a86-4fef-8d1e-276b8e2d438d,4,0,7,ACERTO_VENCEDOR,2026-06-22T04:24:53.060Z
f0041df3-59b7-4165-9079-e8e0da010aa4,user52,6488ec1b-cd97-409f-83ce-24befb4852be,2,1,7,ACERTO_VENCEDOR,2026-06-22T04:24:59.964Z
bcf5c272-b300-4cb7-840d-0476268363ff,user52,c1710c13-a884-47db-b770-4d0d7cf4b0f5,0,2,7,ACERTO_VENCEDOR,2026-06-22T04:25:13.985Z
ede08a36-cc3c-48a1-adfd-d948b622d062,user40,c1710c13-a884-47db-b770-4d0d7cf4b0f5,0,2,7,ACERTO_VENCEDOR,2026-06-22T05:14:27.724Z
250d048e-88e4-475a-acfb-2345ccf9dfb1,user40,6488ec1b-cd97-409f-83ce-24befb4852be,2,1,7,ACERTO_VENCEDOR,2026-06-22T05:14:27.961Z
17d31608-af64-4e41-9f4c-e7903aada0f2,user40,e322a9b7-1a86-4fef-8d1e-276b8e2d438d,5,0,7,ACERTO_VENCEDOR,2026-06-22T05:14:29.865Z
16902b5b-e690-4fa4-9d5c-3d1120899df2,user40,609c6c86-9a27-4c77-8f72-b0fa878924a9,4,1,5,ACERTO_VENCEDOR,2026-06-22T05:14:31.583Z
922fc4a5-0fe5-4660-8dee-2fb000663040,user157,f3d0c2c2-ce6a-47a7-8a8d-9268cc90bb61,2,1,10,ACERTO_PLACAR,2026-06-22T05:15:22.388Z
05b301e2-f516-4836-aba2-52b3037bb20b,user157,e4d4af35-c9e0-4d1b-89b7-e72893e5642d,2,0,7,ACERTO_VENCEDOR,2026-06-22T05:15:33.702Z
8f39ecbb-f1fb-4a80-ac8f-896ed5a75ab8,user157,702d0496-83e0-461d-82e9-e335698fca9e,0,2,7,ACERTO_VENCEDOR,2026-06-22T05:15:55.260Z
7927a5fd-b6f6-4a90-9a79-2e29de09b114,user157,6a824c8c-e1be-4339-acc3-3279deec17ad,2,0,7,ACERTO_VENCEDOR,2026-06-22T05:16:04.717Z
78ffa418-f0c1-43cb-a2d3-8a32958a8383,user157,9ebfdd3b-789a-4e3a-a2b6-d7c31237e3d1,1,1,0,ERRO,2026-06-22T05:16:16.752Z
9d7cc9da-99c1-43e9-83db-bdd60dd9d923,user157,52a29ff1-0db3-48b4-921f-1aa0f8940766,1,2,5,ACERTO_VENCEDOR,2026-06-22T05:16:24.379Z
c2623e23-8e6b-46b0-b710-dc80b1cc62ae,user157,32e1259a-ec96-4e5b-8063-b0c1c3d87553,1,2,0,ERRO,2026-06-22T05:16:39.377Z
5fe96254-25bd-42d8-9db6-89502b850ad0,user157,9bf43d45-0c13-438c-bd7a-6092b4aef4d2,0,2,10,ACERTO_PLACAR,2026-06-22T05:16:46.519Z
360d4fe0-45e2-4dd8-b294-6781b618fc85,user157,908bbff6-9327-41c0-995f-29581a5f84ab,0,4,5,ACERTO_VENCEDOR,2026-06-22T05:16:58.219Z
67be8fa1-299f-4b05-bc19-bde948e6178a,user157,c7b8c1b3-52ad-4bef-81d9-1969853ba187,2,1,0,ERRO,2026-06-22T05:17:07.397Z
0f93b686-8ac7-4b1e-a71a-7cff9ea59e82,user157,e5959d04-83c8-4037-81fc-1133f95064c2,1,1,7,ACERTO_VENCEDOR,2026-06-22T05:17:35.811Z
979778b6-5d70-4638-804a-e399d0e26c16,user157,4e538c8b-876c-4009-849a-761125544175,1,2,0,ERRO,2026-06-22T05:17:47.344Z
2586eb99-10a9-4bf6-a708-0801e090f387,user157,8e4c2b7f-aab6-4c6d-b181-7a637a728533,1,1,0,ERRO,2026-06-22T05:18:00.024Z
a60db5cc-3e02-4bd1-b570-7f27e87614e8,user157,276fc045-6d8a-40af-ba22-7e5c4b51e177,1,2,7,ACERTO_VENCEDOR,2026-06-22T05:18:07.808Z
6ffc56d9-54ce-4709-a105-5b03236f653e,user157,d83a4eb5-112c-4d4e-895b-737f0085d5dc,1,1,7,ACERTO_VENCEDOR,2026-06-22T05:18:22.397Z
76cd6240-af5a-4aff-af68-bb84ebaabecc,user157,c6a97697-806b-45f8-8deb-24669a074940,0,2,7,ACERTO_VENCEDOR,2026-06-22T05:18:33.194Z
85ad5d06-8e21-4613-821d-c415bb037276,user157,360b9169-fffe-42c2-a352-481e999c5c10,2,1,0,ERRO,2026-06-22T05:18:49.029Z
e6b5c99e-83ca-4bf8-bcc2-b78556e0a08a,user157,d7a304b0-482e-46d8-b50b-d250885daf98,0,2,5,ACERTO_VENCEDOR,2026-06-22T05:19:14.826Z
f00ed9d3-eddf-4921-82fe-8bbbb69d0ffd,user157,af891675-71a4-4e36-9820-710f18ef9e27,3,1,7,ACERTO_VENCEDOR,2026-06-22T05:19:25.323Z
5e9a1aee-9b51-4bb0-881f-12c02f872af8,user157,044a487b-ee61-4547-b15b-84630aae8b47,0,4,7,ACERTO_VENCEDOR,2026-06-22T05:19:35.390Z
410c93bc-a45d-47cc-9a33-bd0b5350472a,user157,509c27bb-9832-4145-8630-c309ac6b50cb,1,1,0,ERRO,2026-06-22T05:19:55.686Z
0f6942ed-8397-42d2-a2ac-cb91783fb8d4,user157,d048e70a-4271-483f-828e-5b0f3a2c32a2,2,2,7,ACERTO_VENCEDOR,2026-06-22T05:20:05.351Z
84a0a6b7-c05f-43a4-b409-50a3ffcc6332,user157,5e870695-b61c-467b-91db-d4361d873104,1,1,7,ACERTO_VENCEDOR,2026-06-22T05:20:14.635Z
6f2869d7-801a-4ca4-bb82-fced356f5366,user157,b59a5f79-d8a9-4ad4-a99e-643e36491858,0,3,7,ACERTO_VENCEDOR,2026-06-22T05:20:21.789Z
62d446f5-f0e5-47fb-9086-b3a314b7b4d7,user64,609c6c86-9a27-4c77-8f72-b0fa878924a9,2,0,10,ACERTO_PLACAR,2026-06-22T11:52:03.269Z
11ac7797-71b1-44d0-ad30-16589ef8fab7,user64,e322a9b7-1a86-4fef-8d1e-276b8e2d438d,2,1,5,ACERTO_VENCEDOR,2026-06-22T11:52:05.124Z
0415b4b7-7465-4496-bc99-8a66606620f3,user64,6488ec1b-cd97-409f-83ce-24befb4852be,1,0,7,ACERTO_VENCEDOR,2026-06-22T11:52:05.387Z
b1a4c408-58b7-4b7e-99e1-29a1845d5bb9,user64,c1710c13-a884-47db-b770-4d0d7cf4b0f5,2,1,0,ERRO,2026-06-22T11:52:05.649Z
80600104-7c1a-46b1-8596-003cc6ff3625,user35,609c6c86-9a27-4c77-8f72-b0fa878924a9,3,0,7,ACERTO_VENCEDOR,2026-06-22T11:53:27.252Z
92156e19-6bec-4e1c-a1ad-bfe075835e01,user35,e322a9b7-1a86-4fef-8d1e-276b8e2d438d,3,1,7,ACERTO_VENCEDOR,2026-06-22T11:57:10.467Z
7cbcb26b-0b9b-43b6-8098-8f2a239e6a2f,user35,6488ec1b-cd97-409f-83ce-24befb4852be,2,1,7,ACERTO_VENCEDOR,2026-06-22T11:58:08.393Z
31815553-863b-498b-9c5f-5b62b9f690da,user35,c1710c13-a884-47db-b770-4d0d7cf4b0f5,1,1,0,ERRO,2026-06-22T11:58:28.599Z
4380134d-7c7f-455f-9c4f-31d27d06cc9a,user17,609c6c86-9a27-4c77-8f72-b0fa878924a9,3,1,7,ACERTO_VENCEDOR,2026-06-22T12:12:50.504Z
7c7d3f30-7c3b-43bd-9504-23e8e6597bfb,user17,e322a9b7-1a86-4fef-8d1e-276b8e2d438d,4,0,7,ACERTO_VENCEDOR,2026-06-22T12:12:59.625Z
93b78ebe-0d42-4c16-977e-44a3a7949687,user17,6488ec1b-cd97-409f-83ce-24befb4852be,2,1,7,ACERTO_VENCEDOR,2026-06-22T12:13:12.693Z
a9d5375f-133e-4b15-ad30-918131575a6b,user17,c1710c13-a884-47db-b770-4d0d7cf4b0f5,2,1,0,ERRO,2026-06-22T12:13:48.566Z
6805ae63-759f-4512-9ac1-b61a07cdc1b4,user176,609c6c86-9a27-4c77-8f72-b0fa878924a9,3,1,7,ACERTO_VENCEDOR,2026-06-22T12:37:31.048Z
8d5fecd4-7610-4803-9309-50c8db31381f,user176,e322a9b7-1a86-4fef-8d1e-276b8e2d438d,5,0,7,ACERTO_VENCEDOR,2026-06-22T12:37:32.361Z
91fba6e9-8120-4e49-8cd5-3b5bce64c7ad,user160,609c6c86-9a27-4c77-8f72-b0fa878924a9,3,0,7,ACERTO_VENCEDOR,2026-06-22T14:11:47.398Z
2d6033eb-4afb-4fff-8b89-4054ec8842bb,user160,e322a9b7-1a86-4fef-8d1e-276b8e2d438d,5,0,7,ACERTO_VENCEDOR,2026-06-22T14:11:54.120Z
94fcec2c-0ad9-4f22-a95e-7e513c8f85d5,user160,6488ec1b-cd97-409f-83ce-24befb4852be,3,2,10,ACERTO_PLACAR,2026-06-22T14:12:04.251Z
1963ef7d-001e-4e7e-80cc-f8b4e11abdfb,user160,c1710c13-a884-47db-b770-4d0d7cf4b0f5,0,2,7,ACERTO_VENCEDOR,2026-06-22T14:12:13.047Z
7b31c153-ca93-4dee-8829-2d1148c69b59,user9,609c6c86-9a27-4c77-8f72-b0fa878924a9,4,0,7,ACERTO_VENCEDOR,2026-06-22T14:21:10.176Z
123af679-e7e6-4fea-8353-f5d8cfb36f6c,user9,e322a9b7-1a86-4fef-8d1e-276b8e2d438d,3,0,10,ACERTO_PLACAR,2026-06-22T14:21:19.978Z
e4293a94-a273-4ac3-b3c4-d956b3087e60,user9,6488ec1b-cd97-409f-83ce-24befb4852be,2,2,0,ERRO,2026-06-22T14:21:33.840Z
110b354c-7c95-4fd0-b7f5-15388ce464bf,user9,c1710c13-a884-47db-b770-4d0d7cf4b0f5,1,1,0,ERRO,2026-06-22T14:21:42.628Z
e8b7ac32-502a-4c7d-9b6a-ac245a5c3298,user148,6990d81d-87d8-41b1-aea5-b6fbcfafcf7b,1,1,0,ERRO,2026-06-22T14:24:42.539Z
a64c0f02-cbe3-477b-abbd-796fc81e7f97,user148,f3d0c2c2-ce6a-47a7-8a8d-9268cc90bb61,2,2,0,ERRO,2026-06-22T14:25:00.522Z
b1992e53-860a-411c-9683-0fae7be4c818,user148,6038b570-f0a1-4247-9752-82e48da6649f,2,1,7,ACERTO_VENCEDOR,2026-06-22T14:25:07.739Z
efcefedc-3387-4e58-9b31-3fe3f704cdf9,user148,a5897071-fca1-470c-b1f4-50ff34a5ff80,0,2,7,ACERTO_VENCEDOR,2026-06-22T14:26:01.196Z
e3f237dc-a54d-4403-9403-f56dcc5ea1be,user148,c5771b35-3695-40b7-a63f-1be736f9d685,3,0,0,ERRO,2026-06-22T14:26:20.748Z
e8b5d471-9e7e-4f33-9631-f72cc8756fa1,user4,609c6c86-9a27-4c77-8f72-b0fa878924a9,3,0,7,ACERTO_VENCEDOR,2026-06-22T14:26:44.144Z
583088bf-4ff9-4154-ae17-8f660e7507b5,user148,908bbff6-9327-41c0-995f-29581a5f84ab,0,4,5,ACERTO_VENCEDOR,2026-06-22T14:26:51.843Z
c1f80739-faa7-4e53-9cee-36d6e4341cf3,user4,e322a9b7-1a86-4fef-8d1e-276b8e2d438d,4,1,7,ACERTO_VENCEDOR,2026-06-22T14:26:57.831Z
5a2afbea-8163-4ba3-bde5-68217e5164f1,user4,6488ec1b-cd97-409f-83ce-24befb4852be,2,1,7,ACERTO_VENCEDOR,2026-06-22T14:27:06.034Z
db534204-a586-4151-8954-779448690f10,user4,c1710c13-a884-47db-b770-4d0d7cf4b0f5,1,2,10,ACERTO_PLACAR,2026-06-22T14:27:22.848Z
3ab11b93-964d-49fa-9580-e31c5a167349,user148,32e1259a-ec96-4e5b-8063-b0c1c3d87553,0,5,0,ERRO,2026-06-22T14:28:03.512Z
3ef0493e-1987-4bc5-99b3-c1569e991fcc,user148,044a487b-ee61-4547-b15b-84630aae8b47,0,5,7,ACERTO_VENCEDOR,2026-06-22T14:28:54.878Z
fb0d78aa-d384-414b-8482-c1748941a11e,user145,e322a9b7-1a86-4fef-8d1e-276b8e2d438d,3,1,7,ACERTO_VENCEDOR,2026-06-22T15:10:52.745Z
47a28586-ce84-4980-88e5-f81ce065eb63,user145,609c6c86-9a27-4c77-8f72-b0fa878924a9,4,0,7,ACERTO_VENCEDOR,2026-06-22T15:10:54.149Z
4c34e71e-0af5-43ff-822e-942bacba1ac7,user145,6488ec1b-cd97-409f-83ce-24befb4852be,3,1,7,ACERTO_VENCEDOR,2026-06-22T15:11:02.721Z
0f36f5b7-8155-44a0-a014-316cca9cf68c,user145,c1710c13-a884-47db-b770-4d0d7cf4b0f5,1,2,10,ACERTO_PLACAR,2026-06-22T15:11:27.887Z
a5f3b1cb-ade9-4bed-b9ad-e8ad675abce2,user134,c1710c13-a884-47db-b770-4d0d7cf4b0f5,0,1,7,ACERTO_VENCEDOR,2026-06-22T15:31:42.472Z
4889058a-1f3d-45d2-aba4-1ea0dfb2851f,user134,6488ec1b-cd97-409f-83ce-24befb4852be,1,1,0,ERRO,2026-06-22T15:31:43.713Z
059f214e-4aab-43ac-b22e-15b2db500ec3,user134,e322a9b7-1a86-4fef-8d1e-276b8e2d438d,3,0,10,ACERTO_PLACAR,2026-06-22T15:31:45.480Z
9da44e09-755b-4685-a685-2aaebdee29ca,user134,609c6c86-9a27-4c77-8f72-b0fa878924a9,2,0,10,ACERTO_PLACAR,2026-06-22T15:31:46.703Z
a28b23cf-4cb5-4e61-8a84-c7a94caa169d,user1,609c6c86-9a27-4c77-8f72-b0fa878924a9,3,1,7,ACERTO_VENCEDOR,2026-06-22T16:46:15.377Z
8c98fd05-66c9-4e00-87e5-aa81c30b376c,user1,e322a9b7-1a86-4fef-8d1e-276b8e2d438d,4,0,7,ACERTO_VENCEDOR,2026-06-22T16:46:30.557Z
db6e4000-1854-498c-b2e8-f72cc5718b95,user1,6488ec1b-cd97-409f-83ce-24befb4852be,2,1,7,ACERTO_VENCEDOR,2026-06-22T16:46:41.699Z
6e7f9ebd-6113-4c7a-800d-62fca559587b,user1,c1710c13-a884-47db-b770-4d0d7cf4b0f5,1,1,0,ERRO,2026-06-22T16:47:04.705Z
0da24879-8029-4653-92d3-06c9b8e2c541,user16,609c6c86-9a27-4c77-8f72-b0fa878924a9,4,0,7,ACERTO_VENCEDOR,2026-06-22T16:47:17.185Z
b3cf0e0c-7bf6-45ef-a589-48522d8efda3,user16,e322a9b7-1a86-4fef-8d1e-276b8e2d438d,4,0,7,ACERTO_VENCEDOR,2026-06-22T16:47:23.556Z
c6bccdf3-c10c-4951-88fb-df42a745a1f6,user16,6488ec1b-cd97-409f-83ce-24befb4852be,1,3,0,ERRO,2026-06-22T16:47:30.370Z
8bddbc4f-66fe-4744-bff8-53f44cc8b682,user136,609c6c86-9a27-4c77-8f72-b0fa878924a9,2,1,7,ACERTO_VENCEDOR,2026-06-22T16:51:11.917Z
d2649ab6-c456-4700-aa8f-79ef964eb523,user136,e322a9b7-1a86-4fef-8d1e-276b8e2d438d,3,0,10,ACERTO_PLACAR,2026-06-22T16:51:31.670Z
4ac08fb6-e273-42e7-9813-8dbe7f9c46a0,user136,6488ec1b-cd97-409f-83ce-24befb4852be,2,0,5,ACERTO_VENCEDOR,2026-06-22T16:51:35.802Z
090eb618-8c48-47be-ae0e-48b4704da925,user136,c1710c13-a884-47db-b770-4d0d7cf4b0f5,0,1,7,ACERTO_VENCEDOR,2026-06-22T16:52:23.956Z
0d2d3b74-fa1b-4ef6-98d2-1ea30710a358,user12,609c6c86-9a27-4c77-8f72-b0fa878924a9,2,0,10,ACERTO_PLACAR,2026-06-22T16:59:48.181Z
ffbf723e-b31f-432a-b9f1-46512ec472e9,user12,e322a9b7-1a86-4fef-8d1e-276b8e2d438d,3,0,10,ACERTO_PLACAR,2026-06-22T16:59:56.018Z
07f8dcad-afd7-43bc-9bef-0d3c68151e18,user12,6488ec1b-cd97-409f-83ce-24befb4852be,2,1,7,ACERTO_VENCEDOR,2026-06-22T17:00:09.276Z
686d2364-0ea5-416d-8f6e-34bc54777c09,user12,c1710c13-a884-47db-b770-4d0d7cf4b0f5,1,2,10,ACERTO_PLACAR,2026-06-22T17:00:23.461Z
b1ea21d9-83df-4ef1-a787-07c0639783e8,user13,e322a9b7-1a86-4fef-8d1e-276b8e2d438d,5,0,7,ACERTO_VENCEDOR,2026-06-22T17:04:46.970Z
3734877b-0bce-4534-bd89-879d03155ece,user13,6488ec1b-cd97-409f-83ce-24befb4852be,1,1,0,ERRO,2026-06-22T17:04:52.613Z
d4a1d403-6f30-48d0-bd61-f84e2b35be14,user13,c1710c13-a884-47db-b770-4d0d7cf4b0f5,0,0,0,ERRO,2026-06-22T17:05:00.026Z
6243630e-a9d0-4352-a9b3-839798a445a4,user113,e322a9b7-1a86-4fef-8d1e-276b8e2d438d,3,0,10,ACERTO_PLACAR,2026-06-22T17:06:12.556Z
80d32d5a-ad15-478c-a6b1-af8621ac52e2,user113,6488ec1b-cd97-409f-83ce-24befb4852be,3,1,7,ACERTO_VENCEDOR,2026-06-22T17:06:22.904Z
898bf693-37d3-48fe-b48f-a7d3fa014de4,user119,c1710c13-a884-47db-b770-4d0d7cf4b0f5,0,0,0,ERRO,2026-06-22T17:41:19.074Z
548007a9-892f-4c82-a57f-c3e0fdc72f5a,user119,6488ec1b-cd97-409f-83ce-24befb4852be,2,0,5,ACERTO_VENCEDOR,2026-06-22T17:41:20.762Z
73cdd0f4-1d67-4acd-ad67-a9d01567cc87,user119,e322a9b7-1a86-4fef-8d1e-276b8e2d438d,2,0,7,ACERTO_VENCEDOR,2026-06-22T17:41:22.815Z
6713814c-da3b-447e-a81b-f822b36a8150,user5,e322a9b7-1a86-4fef-8d1e-276b8e2d438d,5,0,7,ACERTO_VENCEDOR,2026-06-22T17:47:35.228Z
9a8f0f0a-995a-4484-b184-33908649b4e9,user5,6488ec1b-cd97-409f-83ce-24befb4852be,1,2,0,ERRO,2026-06-22T17:47:35.517Z
c83a1268-816e-4c98-8796-cba4c31713ed,user5,c1710c13-a884-47db-b770-4d0d7cf4b0f5,1,3,7,ACERTO_VENCEDOR,2026-06-22T17:47:44.636Z
00acef04-8364-43c1-b448-8f290d288cd9,user52,6990d81d-87d8-41b1-aea5-b6fbcfafcf7b,2,0,7,ACERTO_VENCEDOR,2026-06-22T19:23:47.441Z
6da6c86e-1f30-4655-ac99-d24e3d5a1d0f,user52,c5771b35-3695-40b7-a63f-1be736f9d685,3,0,0,ERRO,2026-06-22T19:24:16.464Z
a11bc453-f890-4b81-b3dc-21c6d787a650,user52,a5897071-fca1-470c-b1f4-50ff34a5ff80,0,2,7,ACERTO_VENCEDOR,2026-06-22T19:24:25.844Z
6fe79032-ac26-46bb-af3e-c5867df9e519,user52,6038b570-f0a1-4247-9752-82e48da6649f,0,1,0,ERRO,2026-06-22T19:24:33.435Z
4266756e-5df0-4e87-9280-ad1314eeab61,user124,c1710c13-a884-47db-b770-4d0d7cf4b0f5,1,1,0,ERRO,2026-06-22T19:32:00.848Z
b5fe5993-7c0b-4c3e-9c7f-7642d78c3d71,user177,e322a9b7-1a86-4fef-8d1e-276b8e2d438d,4,0,7,ACERTO_VENCEDOR,2026-06-22T20:55:19.161Z
7ec10336-3130-40a3-a44b-13fc417d5b64,user177,6488ec1b-cd97-409f-83ce-24befb4852be,3,2,10,ACERTO_PLACAR,2026-06-22T20:55:28.095Z
39760ccf-2625-439a-aa3f-6389ce38751c,user177,c1710c13-a884-47db-b770-4d0d7cf4b0f5,1,1,0,ERRO,2026-06-22T20:55:35.865Z
c5a4486b-f9e2-463a-8d7d-c8c06ede25d8,user128,6488ec1b-cd97-409f-83ce-24befb4852be,3,1,7,ACERTO_VENCEDOR,2026-06-22T20:57:29.449Z
8c2150b1-6ea5-45e7-a992-758e8ffeb887,user128,e322a9b7-1a86-4fef-8d1e-276b8e2d438d,6,0,7,ACERTO_VENCEDOR,2026-06-22T20:57:30.905Z
337ebe19-8bc7-491c-9580-7c5699a4976e,user128,c1710c13-a884-47db-b770-4d0d7cf4b0f5,0,2,7,ACERTO_VENCEDOR,2026-06-22T20:57:45.041Z
709b96d3-8e11-4193-a909-25390986e444,user35,a5897071-fca1-470c-b1f4-50ff34a5ff80,0,2,7,ACERTO_VENCEDOR,2026-06-22T21:53:44.070Z
b9bae003-70d5-487b-aa2c-8db479cb8d8b,user35,c5771b35-3695-40b7-a63f-1be736f9d685,2,0,0,ERRO,2026-06-22T21:54:02.821Z
d907a7a4-1dda-465f-81a7-b6b2e8080132,user35,6990d81d-87d8-41b1-aea5-b6fbcfafcf7b,3,0,7,ACERTO_VENCEDOR,2026-06-22T21:56:57.688Z
dffa0a0f-44c5-4449-b4f2-dc051aef88a8,user144,6488ec1b-cd97-409f-83ce-24befb4852be,2,1,7,ACERTO_VENCEDOR,2026-06-22T23:25:20.882Z
c5818f61-6054-4ce4-a9f5-cde140fffc8d,user144,c1710c13-a884-47db-b770-4d0d7cf4b0f5,0,2,7,ACERTO_VENCEDOR,2026-06-22T23:25:22.191Z
c56c443f-9a97-49fd-ad27-6dc6f8be0fe3,user89,e5959d04-83c8-4037-81fc-1133f95064c2,1,1,7,ACERTO_VENCEDOR,2026-06-23T00:22:59.158Z
f62be97a-2646-4904-99af-0f8d81dbda2f,user89,360b9169-fffe-42c2-a352-481e999c5c10,2,0,0,ERRO,2026-06-23T00:22:59.440Z
23417c27-48cf-4a1a-9dd2-f78c69a9d0ba,user89,c7b8c1b3-52ad-4bef-81d9-1969853ba187,3,1,0,ERRO,2026-06-23T00:23:00.372Z
e03f7897-80d2-49f7-827d-41320e26d056,user89,908bbff6-9327-41c0-995f-29581a5f84ab,0,4,5,ACERTO_VENCEDOR,2026-06-23T00:23:00.657Z
9ab28547-4c4a-475b-aa52-e719ad1537e5,user89,276fc045-6d8a-40af-ba22-7e5c4b51e177,2,2,0,ERRO,2026-06-23T00:23:00.943Z
97cbfa44-22fa-4420-b205-6805f3fbaa23,user89,af891675-71a4-4e36-9820-710f18ef9e27,2,0,7,ACERTO_VENCEDOR,2026-06-23T00:23:01.513Z
c3f30af7-8619-4cdb-9f83-4bfbfbe389e4,user89,044a487b-ee61-4547-b15b-84630aae8b47,0,4,7,ACERTO_VENCEDOR,2026-06-23T00:23:01.800Z
8d03c307-3efe-452f-806d-c5bb33a87b6b,user89,8e4c2b7f-aab6-4c6d-b181-7a637a728533,3,0,7,ACERTO_VENCEDOR,2026-06-23T00:23:02.084Z
e0b74876-bf7a-4812-bfd1-349e7ed49c39,user89,b59a5f79-d8a9-4ad4-a99e-643e36491858,0,4,5,ACERTO_VENCEDOR,2026-06-23T00:23:02.370Z
9c8a3ee9-4890-4b1d-8487-8ad923e6ccb5,user89,c6a97697-806b-45f8-8deb-24669a074940,0,3,7,ACERTO_VENCEDOR,2026-06-23T00:23:02.656Z
640d031a-ca76-4ac3-9fb2-0518098e6918,user89,509c27bb-9832-4145-8630-c309ac6b50cb,2,1,7,ACERTO_VENCEDOR,2026-06-23T00:23:03.227Z
046835c9-a574-4cbb-9e70-1cc3e8962900,user89,d83a4eb5-112c-4d4e-895b-737f0085d5dc,0,1,0,ERRO,2026-06-23T00:23:05.888Z
58f473d0-ad4c-414c-b58a-992569254c10,user89,5e870695-b61c-467b-91db-d4361d873104,0,1,0,ERRO,2026-06-23T00:23:08.747Z
3259f38a-8418-41be-bca1-a9b3678ee555,user52,e4d4af35-c9e0-4d1b-89b7-e72893e5642d,2,0,7,ACERTO_VENCEDOR,2026-06-23T01:02:38.189Z
7072acf8-685a-4478-af1a-5d0b61a8ea4e,user52,f3d0c2c2-ce6a-47a7-8a8d-9268cc90bb61,1,2,0,ERRO,2026-06-23T01:03:03.649Z
76ffe888-0e14-4cbb-afc3-cd5e0a737d14,user52,6a824c8c-e1be-4339-acc3-3279deec17ad,1,0,5,ACERTO_VENCEDOR,2026-06-23T01:03:15.202Z
b3195628-6c7e-4a84-ab6a-d19a9f52998a,user52,702d0496-83e0-461d-82e9-e335698fca9e,0,3,10,ACERTO_PLACAR,2026-06-23T01:03:38.538Z
f8d3f684-7611-4cd6-99e5-cd6f5698b9c1,user52,52a29ff1-0db3-48b4-921f-1aa0f8940766,2,4,5,ACERTO_VENCEDOR,2026-06-23T01:04:36.437Z
3e578c65-905f-4816-bf6e-0e61d35e5143,user52,9ebfdd3b-789a-4e3a-a2b6-d7c31237e3d1,2,3,0,ERRO,2026-06-23T01:04:47.330Z
0e87a194-ad3b-4267-9465-fff49584f9cc,user52,9bf43d45-0c13-438c-bd7a-6092b4aef4d2,0,4,7,ACERTO_VENCEDOR,2026-06-23T01:05:24.408Z
6c43b61b-4f11-40ce-84b2-1aa6fc0d0a2e,user52,32e1259a-ec96-4e5b-8063-b0c1c3d87553,1,3,0,ERRO,2026-06-23T01:05:58.391Z
b46cc77d-c564-43e3-8857-19928522586b,user52,908bbff6-9327-41c0-995f-29581a5f84ab,2,5,5,ACERTO_VENCEDOR,2026-06-23T01:06:25.145Z
00c49741-7d4a-41cd-9461-3bda4c9d15fb,user52,c7b8c1b3-52ad-4bef-81d9-1969853ba187,2,1,0,ERRO,2026-06-23T01:06:37.879Z
6f1076f9-9d1a-470f-81a1-c14f8e306751,user52,4e538c8b-876c-4009-849a-761125544175,1,4,0,ERRO,2026-06-23T01:06:48.774Z
a10d2f5d-a4f8-4035-964a-04a5e953f5fc,user52,e5959d04-83c8-4037-81fc-1133f95064c2,0,2,0,ERRO,2026-06-23T01:07:21.902Z
dc64ae4a-8ab5-47d7-ba65-9777f5d787b6,user52,8e4c2b7f-aab6-4c6d-b181-7a637a728533,2,0,7,ACERTO_VENCEDOR,2026-06-23T01:07:31.886Z
4f8ec30c-3dee-42fe-a446-0aad832dc15f,user52,276fc045-6d8a-40af-ba22-7e5c4b51e177,2,3,5,ACERTO_VENCEDOR,2026-06-23T01:07:43.111Z
e38c6d9c-3c6d-4214-a797-93c072eb27eb,user52,d83a4eb5-112c-4d4e-895b-737f0085d5dc,2,1,0,ERRO,2026-06-23T01:07:54.008Z
6e4a1f17-efc5-4c79-b85d-cf34b8887a86,user52,c6a97697-806b-45f8-8deb-24669a074940,2,4,5,ACERTO_VENCEDOR,2026-06-23T01:08:08.209Z
b7209734-81f5-402a-b5b2-fa816601ace2,user52,360b9169-fffe-42c2-a352-481e999c5c10,2,0,0,ERRO,2026-06-23T01:08:19.403Z
05a80b74-036d-4e91-9cf1-a87fd0e98636,user52,d7a304b0-482e-46d8-b50b-d250885daf98,0,1,5,ACERTO_VENCEDOR,2026-06-23T01:08:32.272Z
f6f22f89-2416-4b16-af44-4afd30c087a5,user52,044a487b-ee61-4547-b15b-84630aae8b47,0,3,7,ACERTO_VENCEDOR,2026-06-23T01:08:43.013Z
624d4194-d66e-4055-b251-a235469755bb,user52,af891675-71a4-4e36-9820-710f18ef9e27,1,0,7,ACERTO_VENCEDOR,2026-06-23T01:08:56.421Z
d1eee350-34bf-4c6f-9a32-d58dc793ed37,user52,509c27bb-9832-4145-8630-c309ac6b50cb,2,0,7,ACERTO_VENCEDOR,2026-06-23T01:09:15.418Z
6326aeda-2861-4430-8e32-f7bec6a94c51,user52,d048e70a-4271-483f-828e-5b0f3a2c32a2,2,1,0,ERRO,2026-06-23T01:09:34.465Z
33afe82c-9485-428a-ba4b-598cef1b8d30,user52,b59a5f79-d8a9-4ad4-a99e-643e36491858,0,3,7,ACERTO_VENCEDOR,2026-06-23T01:09:45.817Z
c9acfc1d-fc43-4919-9c3e-62ff471a8691,user52,5e870695-b61c-467b-91db-d4361d873104,1,0,0,ERRO,2026-06-23T01:09:59.080Z
0b1db620-b016-4813-9bfc-d55d90482ae7,user16,c1710c13-a884-47db-b770-4d0d7cf4b0f5,1,3,7,ACERTO_VENCEDOR,2026-06-23T02:57:22.125Z
abfc1899-08ee-42b1-95e6-c9a7fd5e588c,user17,6990d81d-87d8-41b1-aea5-b6fbcfafcf7b,2,0,7,ACERTO_VENCEDOR,2026-06-23T03:51:58.427Z
2a182b38-c915-4796-85e0-b70dd0c1b277,user17,c5771b35-3695-40b7-a63f-1be736f9d685,3,0,0,ERRO,2026-06-23T03:52:10.692Z
764b6515-9402-4112-b01c-0d66e553b9d8,user17,a5897071-fca1-470c-b1f4-50ff34a5ff80,1,3,5,ACERTO_VENCEDOR,2026-06-23T03:52:19.201Z
af5c2b24-8ce8-4fc1-b082-bdcb11b2700c,user17,6038b570-f0a1-4247-9752-82e48da6649f,2,0,7,ACERTO_VENCEDOR,2026-06-23T03:52:34.436Z
9437c02c-cd83-4d7a-968f-d9388ec9de10,user113,6990d81d-87d8-41b1-aea5-b6fbcfafcf7b,2,1,5,ACERTO_VENCEDOR,2026-06-23T04:06:29.535Z
2f35e188-a1b2-4374-b6d0-29e0f6d71baf,user113,c5771b35-3695-40b7-a63f-1be736f9d685,3,2,0,ERRO,2026-06-23T04:06:39.155Z
f4a35856-efe2-45b8-9477-40cd90f3aa88,user113,a5897071-fca1-470c-b1f4-50ff34a5ff80,0,2,7,ACERTO_VENCEDOR,2026-06-23T04:06:46.547Z
2bba529a-0722-4365-a268-85fdf0a0dbd5,user113,6038b570-f0a1-4247-9752-82e48da6649f,0,5,0,ERRO,2026-06-23T04:06:58.466Z
1da73168-65e2-4a88-a1f0-5acf5d77f7a3,user128,6990d81d-87d8-41b1-aea5-b6fbcfafcf7b,5,0,10,ACERTO_PLACAR,2026-06-23T05:01:58.383Z
62a61060-48b6-425e-9077-110160026663,user128,6038b570-f0a1-4247-9752-82e48da6649f,3,1,5,ACERTO_VENCEDOR,2026-06-23T05:02:31.204Z
ce0b9464-7d6d-48a7-8e01-4f6f2de3576b,user128,a5897071-fca1-470c-b1f4-50ff34a5ff80,1,3,5,ACERTO_VENCEDOR,2026-06-23T05:02:32.522Z
b8c20809-9977-44f7-9022-34efb3c55790,user128,c5771b35-3695-40b7-a63f-1be736f9d685,4,0,0,ERRO,2026-06-23T05:02:34.419Z
778e8c2e-83ae-415c-bb73-dba35fb9cb81,user13,6990d81d-87d8-41b1-aea5-b6fbcfafcf7b,3,0,7,ACERTO_VENCEDOR,2026-06-23T06:10:07.971Z
5c117843-cf67-4349-9e10-66c73eee5029,user13,c5771b35-3695-40b7-a63f-1be736f9d685,3,0,0,ERRO,2026-06-23T06:10:16.793Z
f85bc68a-c314-41d4-a0b1-5b134aefdd75,user13,a5897071-fca1-470c-b1f4-50ff34a5ff80,0,4,7,ACERTO_VENCEDOR,2026-06-23T06:10:22.484Z
7ac9f8bf-6712-439a-b300-192651cc04ce,user13,6038b570-f0a1-4247-9752-82e48da6649f,2,0,7,ACERTO_VENCEDOR,2026-06-23T06:10:38.262Z
1e31e7f5-a70d-42dc-93d2-922ad61471a4,user1,6990d81d-87d8-41b1-aea5-b6fbcfafcf7b,5,0,10,ACERTO_PLACAR,2026-06-23T06:13:26.815Z
183d1adb-030b-47e8-a00d-e74cd3375ad8,user1,c5771b35-3695-40b7-a63f-1be736f9d685,2,0,0,ERRO,2026-06-23T06:14:04.355Z
1846d75f-0125-4565-96a8-9fdad9611c7f,user1,a5897071-fca1-470c-b1f4-50ff34a5ff80,1,2,7,ACERTO_VENCEDOR,2026-06-23T06:14:08.288Z
213b375c-63de-4c58-870b-a300500402cd,user1,6038b570-f0a1-4247-9752-82e48da6649f,3,0,7,ACERTO_VENCEDOR,2026-06-23T06:16:13.976Z
3c306aa4-44a9-4fc4-adb3-fc21f36001b6,user91,8e4c2b7f-aab6-4c6d-b181-7a637a728533,2,0,7,ACERTO_VENCEDOR,2026-06-23T09:35:48.527Z
a353eb8c-03d5-4f92-a6dc-03f24e979a03,user91,276fc045-6d8a-40af-ba22-7e5c4b51e177,1,3,7,ACERTO_VENCEDOR,2026-06-23T09:36:13.819Z
905e6189-20d0-4007-ad93-e7bda6ddd9e8,user91,d83a4eb5-112c-4d4e-895b-737f0085d5dc,1,1,7,ACERTO_VENCEDOR,2026-06-23T09:36:26.983Z
44101596-a624-4edc-8fb1-c4f21179c049,user91,c6a97697-806b-45f8-8deb-24669a074940,0,3,7,ACERTO_VENCEDOR,2026-06-23T09:36:35.181Z
a9ca9c82-4ec5-4ee0-afc9-38f7308618bf,user91,d7a304b0-482e-46d8-b50b-d250885daf98,1,2,7,ACERTO_VENCEDOR,2026-06-23T09:36:48.945Z
cf1daf80-eeb8-4cf9-a753-a68598d27a6b,user91,360b9169-fffe-42c2-a352-481e999c5c10,2,2,7,ACERTO_VENCEDOR,2026-06-23T09:37:24.255Z
e02d7a8f-7e0a-46e7-b10e-380b72d33bcb,user91,b59a5f79-d8a9-4ad4-a99e-643e36491858,0,5,5,ACERTO_VENCEDOR,2026-06-23T09:37:48.860Z
f26d319f-4892-4a83-877a-2e2fa4f189ad,user91,5e870695-b61c-467b-91db-d4361d873104,1,2,0,ERRO,2026-06-23T09:37:59.076Z
d40c32b9-b6cd-45f6-b821-f142183ffd33,user16,6990d81d-87d8-41b1-aea5-b6fbcfafcf7b,3,0,7,ACERTO_VENCEDOR,2026-06-23T09:54:09.908Z
e0561c86-b5ca-4f84-8dc2-d969aaaecafe,user16,c5771b35-3695-40b7-a63f-1be736f9d685,3,1,0,ERRO,2026-06-23T09:55:01.515Z
b0255aa2-7ede-40cb-83fb-5cce0f6eadec,user16,a5897071-fca1-470c-b1f4-50ff34a5ff80,1,2,7,ACERTO_VENCEDOR,2026-06-23T09:55:09.138Z
22b5b122-7ce8-400f-a480-a75c1c4537a7,user16,6038b570-f0a1-4247-9752-82e48da6649f,3,1,5,ACERTO_VENCEDOR,2026-06-23T09:55:21.246Z
1a6b9460-6936-48ad-9f1d-0bb0f90c2c90,user144,6990d81d-87d8-41b1-aea5-b6fbcfafcf7b,2,0,7,ACERTO_VENCEDOR,2026-06-23T11:02:58.745Z
54da991d-dc1e-4d2b-a9f1-61f6439d1434,user144,c5771b35-3695-40b7-a63f-1be736f9d685,2,0,0,ERRO,2026-06-23T11:03:09.936Z
e6246705-6919-4c6d-b4a3-7d86e86f8400,user144,a5897071-fca1-470c-b1f4-50ff34a5ff80,0,2,7,ACERTO_VENCEDOR,2026-06-23T11:03:25.081Z
04aaf901-cdb6-4a39-9b6c-a1f7c37ac9cc,user144,6038b570-f0a1-4247-9752-82e48da6649f,3,1,5,ACERTO_VENCEDOR,2026-06-23T11:03:32.029Z
0d96557d-3ae6-49e5-84b1-e67b5478898e,user54,6990d81d-87d8-41b1-aea5-b6fbcfafcf7b,2,0,7,ACERTO_VENCEDOR,2026-06-23T11:12:19.178Z
fe9e9ed4-4bab-4f11-8a1d-b295427a2e55,user54,c5771b35-3695-40b7-a63f-1be736f9d685,2,0,0,ERRO,2026-06-23T11:12:26.120Z
554ef8f0-9726-402f-9c7a-5106e3803a73,user54,a5897071-fca1-470c-b1f4-50ff34a5ff80,1,2,7,ACERTO_VENCEDOR,2026-06-23T11:12:36.222Z
75cbf2a9-24e7-440f-9cd9-d27403bde3a3,user54,6038b570-f0a1-4247-9752-82e48da6649f,1,1,0,ERRO,2026-06-23T11:12:41.781Z
b698c910-d261-4e71-aec7-29fef360ce22,user35,6038b570-f0a1-4247-9752-82e48da6649f,2,1,7,ACERTO_VENCEDOR,2026-06-23T11:23:41.536Z
fd6e1cb3-d3d2-4e3f-b06f-ea0a85cf181c,user139,6990d81d-87d8-41b1-aea5-b6fbcfafcf7b,2,0,7,ACERTO_VENCEDOR,2026-06-23T12:17:53.257Z
9939ca5f-d0cc-43b6-a4f9-5559ba1d7d22,user139,c5771b35-3695-40b7-a63f-1be736f9d685,3,1,0,ERRO,2026-06-23T12:17:58.169Z
943d9e6b-ec19-48d0-9ecb-01599b803fa9,user139,a5897071-fca1-470c-b1f4-50ff34a5ff80,1,2,7,ACERTO_VENCEDOR,2026-06-23T12:18:04.873Z
cee37b35-408f-4c0e-b88e-47f0419e98f8,user139,6038b570-f0a1-4247-9752-82e48da6649f,1,0,10,ACERTO_PLACAR,2026-06-23T12:18:15.154Z
ba466653-932a-498b-bba0-6d8d5d40069d,user177,6990d81d-87d8-41b1-aea5-b6fbcfafcf7b,3,1,5,ACERTO_VENCEDOR,2026-06-23T12:22:38.501Z
3fc13117-86fc-488a-9a80-7c7bc91acaaf,user177,c5771b35-3695-40b7-a63f-1be736f9d685,4,1,0,ERRO,2026-06-23T12:22:44.475Z
72f01b37-7ff5-4f9b-b44b-3966a291c493,user177,a5897071-fca1-470c-b1f4-50ff34a5ff80,0,3,7,ACERTO_VENCEDOR,2026-06-23T12:23:03.359Z
12ca516c-50a0-4caf-a60a-9d0156f54744,user177,6038b570-f0a1-4247-9752-82e48da6649f,2,2,0,ERRO,2026-06-23T12:23:10.057Z
8be2eb47-b129-4dad-a4c4-f61b3a83be71,user4,6990d81d-87d8-41b1-aea5-b6fbcfafcf7b,2,0,7,ACERTO_VENCEDOR,2026-06-23T13:04:25.740Z
29cc0484-537a-41fa-be13-f383f0cd5ea2,user4,c5771b35-3695-40b7-a63f-1be736f9d685,3,1,0,ERRO,2026-06-23T13:04:33.925Z
c66e4a71-b16b-47d0-99db-8eb138bfd422,user4,a5897071-fca1-470c-b1f4-50ff34a5ff80,0,1,10,ACERTO_PLACAR,2026-06-23T13:04:46.175Z
93bf6764-6a61-428d-b87e-20610879aa60,user4,6038b570-f0a1-4247-9752-82e48da6649f,4,0,7,ACERTO_VENCEDOR,2026-06-23T13:05:48.574Z
780cb298-d1bc-4b8e-8d2f-a419e3a0b9bf,user160,6990d81d-87d8-41b1-aea5-b6fbcfafcf7b,2,0,7,ACERTO_VENCEDOR,2026-06-23T13:06:45.359Z
d728b838-a335-4d4b-b01f-3ae077f2d79b,user160,c5771b35-3695-40b7-a63f-1be736f9d685,3,1,0,ERRO,2026-06-23T13:06:50.960Z
df4849c4-1780-486c-b763-e0499d27ddbb,user160,a5897071-fca1-470c-b1f4-50ff34a5ff80,0,4,7,ACERTO_VENCEDOR,2026-06-23T13:07:01.231Z
d9e821b5-c7ed-42cb-9ea8-72cb21948741,user160,6038b570-f0a1-4247-9752-82e48da6649f,2,2,0,ERRO,2026-06-23T13:07:11.868Z
356d6159-55d5-44eb-9f00-1f84ef4ac1ec,user134,6990d81d-87d8-41b1-aea5-b6fbcfafcf7b,2,0,7,ACERTO_VENCEDOR,2026-06-23T14:33:56.475Z
941f2408-2fe1-447f-ac9e-7e3248d34ce5,user134,6038b570-f0a1-4247-9752-82e48da6649f,1,0,10,ACERTO_PLACAR,2026-06-23T14:33:56.759Z
2db453e8-3570-4d33-9ce0-ecf9e10640b0,user134,a5897071-fca1-470c-b1f4-50ff34a5ff80,1,2,7,ACERTO_VENCEDOR,2026-06-23T14:33:57.043Z
dd872df0-a2f2-4513-ae9e-eafe7df9bb3f,user134,c5771b35-3695-40b7-a63f-1be736f9d685,2,0,0,ERRO,2026-06-23T14:33:57.328Z
e41ba3c0-e144-46d6-9794-90f92336c451,user5,6990d81d-87d8-41b1-aea5-b6fbcfafcf7b,3,0,7,ACERTO_VENCEDOR,2026-06-23T15:47:21.383Z
f71f020d-f9e5-42b6-8a1f-f2fee2dc89a2,user5,c5771b35-3695-40b7-a63f-1be736f9d685,2,1,0,ERRO,2026-06-23T15:47:26.719Z
62dcfdd0-ccda-4bb1-b511-4d0201e74f28,user5,a5897071-fca1-470c-b1f4-50ff34a5ff80,0,3,7,ACERTO_VENCEDOR,2026-06-23T15:47:31.963Z
eaa0c7a7-d5e2-4744-ab90-ff4264d3184c,user5,6038b570-f0a1-4247-9752-82e48da6649f,2,1,7,ACERTO_VENCEDOR,2026-06-23T15:47:38.082Z
76045e15-9eb6-4d76-b941-28fccb4b04eb,user99,6990d81d-87d8-41b1-aea5-b6fbcfafcf7b,2,0,7,ACERTO_VENCEDOR,2026-06-23T16:49:52.014Z
613f3835-d983-4f24-abd4-3dcad969a9b0,user99,c5771b35-3695-40b7-a63f-1be736f9d685,3,1,0,ERRO,2026-06-23T16:49:59.364Z
1e575016-7447-4f8d-b42b-bcbbc586a7df,user99,a5897071-fca1-470c-b1f4-50ff34a5ff80,0,1,10,ACERTO_PLACAR,2026-06-23T16:50:04.536Z
21f0f511-1ac9-4ffa-a622-6b1dfc368e24,user99,6038b570-f0a1-4247-9752-82e48da6649f,2,0,7,ACERTO_VENCEDOR,2026-06-23T16:50:09.677Z
76bb28f8-0148-48ac-8115-d5cd51523088,user136,6990d81d-87d8-41b1-aea5-b6fbcfafcf7b,2,1,5,ACERTO_VENCEDOR,2026-06-23T16:57:00.435Z
f03c817e-e74f-4731-ae26-a8184b5f52a1,user136,c5771b35-3695-40b7-a63f-1be736f9d685,2,1,0,ERRO,2026-06-23T16:57:21.412Z
1b07f91a-7370-4758-9cc3-8ee2bf26b7bd,user136,a5897071-fca1-470c-b1f4-50ff34a5ff80,0,2,7,ACERTO_VENCEDOR,2026-06-23T16:57:40.477Z
4b46d85f-55b2-43df-becb-b633ffa0895f,user136,6038b570-f0a1-4247-9752-82e48da6649f,1,2,0,ERRO,2026-06-23T16:58:18.653Z
30a20395-a63f-46b0-a7a3-155d88515bd1,user145,a5897071-fca1-470c-b1f4-50ff34a5ff80,0,4,7,ACERTO_VENCEDOR,2026-06-23T17:10:02.485Z
16098f1b-dbe8-4c24-9c79-2efd2d167e2a,user145,6038b570-f0a1-4247-9752-82e48da6649f,2,0,7,ACERTO_VENCEDOR,2026-06-23T17:10:12.874Z
1ea9cda4-e346-40a1-89dd-c41376cb6956,user145,c5771b35-3695-40b7-a63f-1be736f9d685,3,0,0,ERRO,2026-06-23T17:10:16.395Z
6215ffd2-750a-4bf4-8742-2a3cf0716d5e,user12,c5771b35-3695-40b7-a63f-1be736f9d685,3,0,0,ERRO,2026-06-23T17:29:49.875Z
d5186bc0-0d63-4b8a-a619-88d56e8bc149,user12,a5897071-fca1-470c-b1f4-50ff34a5ff80,1,2,7,ACERTO_VENCEDOR,2026-06-23T17:30:01.286Z
c8fada04-6486-4497-b38c-e723c1b01d5c,user12,6038b570-f0a1-4247-9752-82e48da6649f,2,0,7,ACERTO_VENCEDOR,2026-06-23T17:30:11.164Z
8af4cbf8-b529-47c7-b817-9a97acb1b2d6,user77,e5959d04-83c8-4037-81fc-1133f95064c2,1,0,0,ERRO,2026-06-23T18:16:05.661Z
d981fd8c-9ddb-4828-a806-ffc778aef1e3,user77,c7b8c1b3-52ad-4bef-81d9-1969853ba187,3,1,0,ERRO,2026-06-23T18:16:07.965Z
6652643d-c457-4a14-a719-acf9869bb104,user77,9bf43d45-0c13-438c-bd7a-6092b4aef4d2,1,0,0,ERRO,2026-06-23T18:16:08.253Z
021899d4-3b2b-456a-ae82-3cd910ad0bbf,user77,32e1259a-ec96-4e5b-8063-b0c1c3d87553,1,2,0,ERRO,2026-06-23T18:16:08.542Z
19c531af-11ef-481b-8d74-24d815eb7c34,user77,4e538c8b-876c-4009-849a-761125544175,1,2,0,ERRO,2026-06-23T18:16:08.830Z
6b573638-e917-4016-b480-a59445ebbba4,user77,6a824c8c-e1be-4339-acc3-3279deec17ad,2,0,7,ACERTO_VENCEDOR,2026-06-23T18:16:09.118Z
2d8c5215-eb7e-403d-ad70-58b6110f44cf,user77,509c27bb-9832-4145-8630-c309ac6b50cb,2,0,7,ACERTO_VENCEDOR,2026-06-23T18:16:09.406Z
56e18305-0193-4ffd-b8e4-e68dd3a0d4bd,user77,d7a304b0-482e-46d8-b50b-d250885daf98,0,2,5,ACERTO_VENCEDOR,2026-06-23T18:16:09.983Z
ed027e22-e8b9-4186-8be7-3b1ca6a75dec,user77,b59a5f79-d8a9-4ad4-a99e-643e36491858,0,4,5,ACERTO_VENCEDOR,2026-06-23T18:16:10.848Z
d55de91b-43b3-48c8-a493-c380afc80828,user77,5e870695-b61c-467b-91db-d4361d873104,1,0,0,ERRO,2026-06-23T18:16:11.713Z
5dd77828-a2ca-40fb-a061-1558d1f3b099,user77,d83a4eb5-112c-4d4e-895b-737f0085d5dc,2,0,0,ERRO,2026-06-23T18:16:12.876Z
646fff6a-c1c1-4ab6-931d-a21e5523c73e,user77,9ebfdd3b-789a-4e3a-a2b6-d7c31237e3d1,1,1,0,ERRO,2026-06-23T18:16:13.453Z
8508aee9-d550-437e-a039-bf9c15b033d3,user77,276fc045-6d8a-40af-ba22-7e5c4b51e177,2,3,5,ACERTO_VENCEDOR,2026-06-23T18:16:14.318Z
416de3f8-1115-47a7-8873-8d11c54de471,user9,a5897071-fca1-470c-b1f4-50ff34a5ff80,0,2,7,ACERTO_VENCEDOR,2026-06-23T20:48:53.304Z
1a8bc193-8a86-4e14-984e-c7fecf50f588,user9,6038b570-f0a1-4247-9752-82e48da6649f,3,1,5,ACERTO_VENCEDOR,2026-06-23T20:48:59.194Z
85193e7f-cca3-4fb3-845b-93311ab5dd2d,user139,f3d0c2c2-ce6a-47a7-8a8d-9268cc90bb61,1,3,0,ERRO,2026-06-23T21:02:57.852Z
10dbad39-b022-43cc-8885-cceb46697fa9,user139,e4d4af35-c9e0-4d1b-89b7-e72893e5642d,4,1,7,ACERTO_VENCEDOR,2026-06-23T21:03:04.703Z
98bf167b-c5a2-401a-8249-f222e5c781a2,user139,6a824c8c-e1be-4339-acc3-3279deec17ad,2,0,7,ACERTO_VENCEDOR,2026-06-23T21:03:13.978Z
1722f40b-fc15-4e3d-bcef-1d97199bfb7e,user139,702d0496-83e0-461d-82e9-e335698fca9e,0,4,7,ACERTO_VENCEDOR,2026-06-23T21:03:18.845Z
7151db5f-1a5a-4140-b336-8affa44313e8,user176,a5897071-fca1-470c-b1f4-50ff34a5ff80,0,1,10,ACERTO_PLACAR,2026-06-23T22:08:26.108Z
f441c697-a602-4a6c-a757-a6bd5b316a58,user176,6038b570-f0a1-4247-9752-82e48da6649f,3,0,7,ACERTO_VENCEDOR,2026-06-23T22:08:33.517Z
ee13fc9d-39d9-4c50-94c6-b873b53da6b7,user10,a5897071-fca1-470c-b1f4-50ff34a5ff80,1,2,7,ACERTO_VENCEDOR,2026-06-23T22:31:41.087Z
c3351a6b-70b6-40c4-b446-70a2235c267a,user40,6038b570-f0a1-4247-9752-82e48da6649f,3,0,7,ACERTO_VENCEDOR,2026-06-23T23:48:49.634Z
02d4904e-cb68-41b9-bdee-13a1e5cb6595,user35,f3d0c2c2-ce6a-47a7-8a8d-9268cc90bb61,1,2,0,ERRO,2026-06-24T01:49:19.657Z
cb9a3d85-7f10-4597-9950-b55a6d601e1c,user35,e4d4af35-c9e0-4d1b-89b7-e72893e5642d,1,0,5,ACERTO_VENCEDOR,2026-06-24T01:49:57.792Z
41e19e82-0b8d-4428-89a2-798de9b5ae33,user148,702d0496-83e0-461d-82e9-e335698fca9e,1,2,5,ACERTO_VENCEDOR,2026-06-24T01:53:41.388Z
e76f4bf0-11f9-4940-a793-ecf774aba3ff,user8,6038b570-f0a1-4247-9752-82e48da6649f,1,1,0,ERRO,2026-06-24T01:55:14.143Z
ff0a90b1-aa9c-4baf-a607-2d95f078660c,user148,c7b8c1b3-52ad-4bef-81d9-1969853ba187,4,0,0,ERRO,2026-06-24T01:55:15.669Z
d9c12576-04db-426a-b2dc-7a242cc1dcfd,user148,4e538c8b-876c-4009-849a-761125544175,1,3,0,ERRO,2026-06-24T01:55:26.379Z
02b38c06-15ff-443f-84a9-764f55486ef3,user148,52a29ff1-0db3-48b4-921f-1aa0f8940766,0,2,7,ACERTO_VENCEDOR,2026-06-24T01:55:52.454Z
305b9506-a405-4449-ad6d-2431c9f953e9,user148,9ebfdd3b-789a-4e3a-a2b6-d7c31237e3d1,1,3,0,ERRO,2026-06-24T01:56:32.014Z
0f122fe9-541b-47e8-bd37-9aa4a01ec390,user148,e4d4af35-c9e0-4d1b-89b7-e72893e5642d,2,1,7,ACERTO_VENCEDOR,2026-06-24T01:56:55.436Z
4673298c-3f93-41ce-ac9f-669105d1b841,user148,6a824c8c-e1be-4339-acc3-3279deec17ad,4,0,7,ACERTO_VENCEDOR,2026-06-24T01:57:24.535Z
f1aaccc6-9373-4845-b008-235b28f82cb2,user148,9bf43d45-0c13-438c-bd7a-6092b4aef4d2,2,3,5,ACERTO_VENCEDOR,2026-06-24T01:58:11.850Z
d2cca109-2b64-448b-b272-0614a54ab26a,user148,af891675-71a4-4e36-9820-710f18ef9e27,2,0,7,ACERTO_VENCEDOR,2026-06-24T01:58:33.587Z
3419b4f8-1b51-4edc-b18d-fd910e9ca1ec,user148,d83a4eb5-112c-4d4e-895b-737f0085d5dc,2,0,0,ERRO,2026-06-24T01:59:30.822Z
fe057f25-b546-43c7-b459-91cd8ae0d901,user148,276fc045-6d8a-40af-ba22-7e5c4b51e177,2,3,5,ACERTO_VENCEDOR,2026-06-24T01:59:46.611Z
2f609fdc-318a-412c-85c3-3c277fb7ef01,user148,e5959d04-83c8-4037-81fc-1133f95064c2,1,3,0,ERRO,2026-06-24T02:00:37.465Z
2439a3b6-5c53-4672-ae47-794f26404695,user148,8e4c2b7f-aab6-4c6d-b181-7a637a728533,1,2,0,ERRO,2026-06-24T02:00:45.037Z
5f1cdc74-b457-4be4-a76e-db0a2580e599,user148,c6a97697-806b-45f8-8deb-24669a074940,1,4,5,ACERTO_VENCEDOR,2026-06-24T02:00:55.617Z
12845963-49d3-41ec-baa6-f7410dd302d1,user148,d7a304b0-482e-46d8-b50b-d250885daf98,1,2,7,ACERTO_VENCEDOR,2026-06-24T02:01:27.059Z
031984ac-cb41-4da1-91dc-ec33430286e7,user148,360b9169-fffe-42c2-a352-481e999c5c10,1,0,0,ERRO,2026-06-24T02:01:58.909Z
eae12384-42a8-4346-8c5e-1bbe6e87d723,user148,b59a5f79-d8a9-4ad4-a99e-643e36491858,0,3,7,ACERTO_VENCEDOR,2026-06-24T02:02:31.007Z
d08ce161-1197-48dd-94e5-6547775ca727,user148,5e870695-b61c-467b-91db-d4361d873104,1,2,0,ERRO,2026-06-24T02:02:59.839Z
f6463f68-9675-44a4-967f-25ee6a7033d5,user148,509c27bb-9832-4145-8630-c309ac6b50cb,3,2,7,ACERTO_VENCEDOR,2026-06-24T02:03:10.534Z
8bde2301-4c76-4471-ad32-1b897332ae92,user148,d048e70a-4271-483f-828e-5b0f3a2c32a2,0,3,0,ERRO,2026-06-24T02:03:20.082Z
927e873a-8e59-4afb-a889-6d785ab9e7f3,user40,f3d0c2c2-ce6a-47a7-8a8d-9268cc90bb61,1,2,0,ERRO,2026-06-24T03:36:10.304Z
117f181c-a38a-418d-979f-eb1f35393946,user40,e4d4af35-c9e0-4d1b-89b7-e72893e5642d,2,0,7,ACERTO_VENCEDOR,2026-06-24T03:36:13.780Z
9f325746-8644-4922-9f94-0550a1960762,user40,6a824c8c-e1be-4339-acc3-3279deec17ad,1,1,0,ERRO,2026-06-24T03:36:20.938Z
798bd812-a967-4fff-bf3b-73f714767634,user40,702d0496-83e0-461d-82e9-e335698fca9e,0,2,7,ACERTO_VENCEDOR,2026-06-24T03:36:24.898Z
86a93a05-3771-42f6-8f23-7e74a0c41bb8,user40,9ebfdd3b-789a-4e3a-a2b6-d7c31237e3d1,1,3,0,ERRO,2026-06-24T03:37:10.858Z
8e8af554-6d88-4307-9675-04444ad44400,user40,52a29ff1-0db3-48b4-921f-1aa0f8940766,0,2,7,ACERTO_VENCEDOR,2026-06-24T03:37:13.383Z
39705f22-cd28-45b0-a4f6-cf4c4949210d,user162,9ebfdd3b-789a-4e3a-a2b6-d7c31237e3d1,1,1,0,ERRO,2026-06-24T03:51:06.790Z
87699d4e-dd41-418a-9e55-982155cebdcd,user162,52a29ff1-0db3-48b4-921f-1aa0f8940766,0,2,7,ACERTO_VENCEDOR,2026-06-24T03:51:15.598Z
1876ab67-dc53-4a9c-826b-9cd98b0aa5ef,user162,f3d0c2c2-ce6a-47a7-8a8d-9268cc90bb61,2,1,10,ACERTO_PLACAR,2026-06-24T03:52:03.107Z
dfc678bc-4d48-40c5-af28-3743f2d159e8,user162,e4d4af35-c9e0-4d1b-89b7-e72893e5642d,2,1,7,ACERTO_VENCEDOR,2026-06-24T03:52:36.648Z
15308cde-0049-41cc-8b24-fd408711739c,user162,6a824c8c-e1be-4339-acc3-3279deec17ad,3,1,7,ACERTO_VENCEDOR,2026-06-24T03:52:59.853Z
562723da-42b8-4a33-b8f3-713ce27d9dc0,user162,702d0496-83e0-461d-82e9-e335698fca9e,1,5,5,ACERTO_VENCEDOR,2026-06-24T03:53:08.834Z
e410bd2a-a9fd-4eac-977d-5c9e0561c0c1,user162,4e538c8b-876c-4009-849a-761125544175,0,3,0,ERRO,2026-06-24T03:55:48.357Z
9b981fcb-9c75-4571-85c9-7e54e1a0ee19,user162,e5959d04-83c8-4037-81fc-1133f95064c2,1,2,0,ERRO,2026-06-24T03:56:13.002Z
8094a20b-336d-46bc-b9f8-af452ed6c3d6,user162,9bf43d45-0c13-438c-bd7a-6092b4aef4d2,0,2,10,ACERTO_PLACAR,2026-06-24T03:56:48.695Z
d3db1af8-514f-4417-8911-61f282f9e838,user162,32e1259a-ec96-4e5b-8063-b0c1c3d87553,2,2,0,ERRO,2026-06-24T03:57:32.007Z
ab938c72-b60e-4512-8ab4-6b16f2b7f76c,user162,908bbff6-9327-41c0-995f-29581a5f84ab,0,2,7,ACERTO_VENCEDOR,2026-06-24T03:57:52.512Z
6b6b869f-23b2-41c1-b053-e328011ad3bc,user162,c7b8c1b3-52ad-4bef-81d9-1969853ba187,2,1,0,ERRO,2026-06-24T03:58:11.730Z
e411f9f3-bc13-4e74-b9f5-785574925a7e,user162,360b9169-fffe-42c2-a352-481e999c5c10,3,1,0,ERRO,2026-06-24T03:58:47.270Z
603766af-3bf1-4530-8ed9-da7a926c39b1,user162,d7a304b0-482e-46d8-b50b-d250885daf98,2,2,0,ERRO,2026-06-24T03:59:02.636Z
442e7618-79f1-4bef-9be6-22ae041cebe0,user162,d83a4eb5-112c-4d4e-895b-737f0085d5dc,2,0,0,ERRO,2026-06-24T03:59:38.777Z
728a67a4-55b4-4aca-bd88-91f1419d6166,user162,c6a97697-806b-45f8-8deb-24669a074940,3,2,0,ERRO,2026-06-24T03:59:59.349Z
dbc5e9ce-e88d-41c0-8bd3-f47331ab57ae,user162,276fc045-6d8a-40af-ba22-7e5c4b51e177,2,3,5,ACERTO_VENCEDOR,2026-06-24T04:00:17.257Z
33415055-18a4-4ece-aa0b-3b2fca5094a7,user162,8e4c2b7f-aab6-4c6d-b181-7a637a728533,2,1,5,ACERTO_VENCEDOR,2026-06-24T04:00:40.344Z
482d1c53-d252-4129-a7bc-b55a995faff8,user162,b59a5f79-d8a9-4ad4-a99e-643e36491858,0,3,7,ACERTO_VENCEDOR,2026-06-24T04:00:59.113Z
7fadd8b8-244a-40be-bef7-b2e4b89720df,user162,5e870695-b61c-467b-91db-d4361d873104,1,2,0,ERRO,2026-06-24T04:01:27.888Z
8c8b41bc-f7f8-4fd9-86ca-d205ca67feac,user162,d048e70a-4271-483f-828e-5b0f3a2c32a2,2,3,0,ERRO,2026-06-24T04:01:50.178Z
b3831ecd-42d2-49fe-a22e-8251feccb229,user162,509c27bb-9832-4145-8630-c309ac6b50cb,2,0,7,ACERTO_VENCEDOR,2026-06-24T04:02:09.974Z
7a1902e3-13ac-4af8-9649-76330da65d3f,user162,af891675-71a4-4e36-9820-710f18ef9e27,1,1,0,ERRO,2026-06-24T04:02:34.059Z
e64537db-8e19-47e9-b3f1-e55c4c7c2db5,user162,044a487b-ee61-4547-b15b-84630aae8b47,0,3,7,ACERTO_VENCEDOR,2026-06-24T04:02:52.978Z
59bd8463-66bd-4815-a125-74662504d864,user5,f3d0c2c2-ce6a-47a7-8a8d-9268cc90bb61,2,1,10,ACERTO_PLACAR,2026-06-24T04:26:13.205Z
458f6fae-9843-4372-a579-b1c12f5a40c6,user5,e4d4af35-c9e0-4d1b-89b7-e72893e5642d,3,1,10,ACERTO_PLACAR,2026-06-24T04:26:20.784Z
640af279-e531-4a6d-a719-5610490b41f5,user5,702d0496-83e0-461d-82e9-e335698fca9e,0,3,10,ACERTO_PLACAR,2026-06-24T04:26:31.722Z
7a5008e4-4edb-40ba-b5a0-c1cf0773e4ed,user5,6a824c8c-e1be-4339-acc3-3279deec17ad,3,0,5,ACERTO_VENCEDOR,2026-06-24T04:26:40.632Z
d0f4fbc7-92c2-400d-a127-6ff842923163,user5,52a29ff1-0db3-48b4-921f-1aa0f8940766,1,2,5,ACERTO_VENCEDOR,2026-06-24T04:26:58.671Z
91a6a8a8-fea6-4e57-af9c-a20e66faa909,user5,9ebfdd3b-789a-4e3a-a2b6-d7c31237e3d1,0,3,0,ERRO,2026-06-24T04:27:05.935Z
e92c7a43-2923-4b66-a325-29373aeefab8,user128,f3d0c2c2-ce6a-47a7-8a8d-9268cc90bb61,1,1,0,ERRO,2026-06-24T04:35:29.446Z
a832a267-b6f2-405d-abe2-c79a07295de6,user128,e4d4af35-c9e0-4d1b-89b7-e72893e5642d,3,0,7,ACERTO_VENCEDOR,2026-06-24T04:35:39.454Z
23287abf-12cf-43ba-a56f-d7d8d42ec935,user128,702d0496-83e0-461d-82e9-e335698fca9e,0,2,7,ACERTO_VENCEDOR,2026-06-24T04:35:48.491Z
f7810521-a4b2-4f10-8572-916383300010,user128,6a824c8c-e1be-4339-acc3-3279deec17ad,3,0,5,ACERTO_VENCEDOR,2026-06-24T04:35:54.144Z
97043201-a743-47b5-a7a0-5842e08da576,user128,52a29ff1-0db3-48b4-921f-1aa0f8940766,1,1,0,ERRO,2026-06-24T04:36:03.442Z
e0259430-b7a9-4dbd-912f-3026bf952fee,user128,9ebfdd3b-789a-4e3a-a2b6-d7c31237e3d1,0,2,0,ERRO,2026-06-24T04:36:10.318Z
f8a5d9b3-6f92-4510-a1a4-e91850971ab3,user178,f3d0c2c2-ce6a-47a7-8a8d-9268cc90bb61,2,1,10,ACERTO_PLACAR,2026-06-24T05:02:42.552Z
75d6de43-801d-4156-b60f-93e049ae07ab,user178,e4d4af35-c9e0-4d1b-89b7-e72893e5642d,3,0,7,ACERTO_VENCEDOR,2026-06-24T05:02:58.409Z
d781362e-5833-4326-86cb-e46fecf78408,user178,702d0496-83e0-461d-82e9-e335698fca9e,0,2,7,ACERTO_VENCEDOR,2026-06-24T05:03:04.338Z
387151c2-43a0-418b-9710-1869ef749e0a,user178,6a824c8c-e1be-4339-acc3-3279deec17ad,3,0,5,ACERTO_VENCEDOR,2026-06-24T05:03:35.632Z
fd094d00-642e-4311-abad-8c3341d3c873,user178,52a29ff1-0db3-48b4-921f-1aa0f8940766,0,2,7,ACERTO_VENCEDOR,2026-06-24T05:03:49.846Z
ce0e2036-e0ca-48b0-90af-caa83f5389b4,user178,9ebfdd3b-789a-4e3a-a2b6-d7c31237e3d1,1,3,0,ERRO,2026-06-24T05:03:52.586Z
0f8507a7-b3ab-4dc5-800d-316ef17e5ac7,user3,e4d4af35-c9e0-4d1b-89b7-e72893e5642d,2,0,7,ACERTO_VENCEDOR,2026-06-24T06:24:38.356Z
066a0039-6bbb-4664-9b7e-7c79f12a1573,user3,702d0496-83e0-461d-82e9-e335698fca9e,0,3,10,ACERTO_PLACAR,2026-06-24T06:24:48.336Z
f8582578-f8c2-4b1c-965c-7e133b95be61,user3,6a824c8c-e1be-4339-acc3-3279deec17ad,3,0,5,ACERTO_VENCEDOR,2026-06-24T06:24:58.219Z
f271a5e4-4024-4b83-ad2c-b41c1cfa5875,user3,52a29ff1-0db3-48b4-921f-1aa0f8940766,1,2,5,ACERTO_VENCEDOR,2026-06-24T06:25:30.336Z
29b7649a-6575-4790-9cd6-453c4f79aa8f,user3,9ebfdd3b-789a-4e3a-a2b6-d7c31237e3d1,0,1,0,ERRO,2026-06-24T06:26:17.756Z
90a1cb27-8893-4d58-bfcd-edc0debe7439,user3,9bf43d45-0c13-438c-bd7a-6092b4aef4d2,0,2,10,ACERTO_PLACAR,2026-06-24T06:26:41.156Z
387f1c9f-50e2-46ba-9823-9e0872a9e493,user16,f3d0c2c2-ce6a-47a7-8a8d-9268cc90bb61,2,1,10,ACERTO_PLACAR,2026-06-24T06:50:28.252Z
3bf1a053-4889-4160-b6aa-7fecd0b68336,user16,e4d4af35-c9e0-4d1b-89b7-e72893e5642d,2,1,7,ACERTO_VENCEDOR,2026-06-24T06:50:40.617Z
97d52a9e-6e1f-4fad-8a83-7fc756f8b732,user16,702d0496-83e0-461d-82e9-e335698fca9e,1,3,7,ACERTO_VENCEDOR,2026-06-24T06:50:48.145Z
fc923505-d8f7-4f59-b995-bd0cf3a6ec8f,user16,6a824c8c-e1be-4339-acc3-3279deec17ad,4,0,7,ACERTO_VENCEDOR,2026-06-24T06:50:58.235Z
f1cd1a07-af0b-406f-93f8-73444971fa9f,user16,52a29ff1-0db3-48b4-921f-1aa0f8940766,0,3,10,ACERTO_PLACAR,2026-06-24T06:51:07.806Z
8f4a28c3-9a1f-4131-b76a-46f5b9966c46,user16,9ebfdd3b-789a-4e3a-a2b6-d7c31237e3d1,0,2,0,ERRO,2026-06-24T06:51:16.558Z
7a69dbfd-cf70-48f2-a56e-b81fbfc2d392,user12,f3d0c2c2-ce6a-47a7-8a8d-9268cc90bb61,1,0,7,ACERTO_VENCEDOR,2026-06-24T07:09:27.054Z
e4c272db-16d7-49d8-b2e1-e4037845fdbc,user12,e4d4af35-c9e0-4d1b-89b7-e72893e5642d,0,2,0,ERRO,2026-06-24T07:09:41.040Z
da4a7b95-5761-4cb8-bf38-9b78f8e0a1b4,user12,702d0496-83e0-461d-82e9-e335698fca9e,0,3,10,ACERTO_PLACAR,2026-06-24T07:10:00.747Z
5f6f5386-0161-4594-b841-e8d9e4f3da07,user12,6a824c8c-e1be-4339-acc3-3279deec17ad,3,0,5,ACERTO_VENCEDOR,2026-06-24T07:10:15.350Z
a1a14d34-978e-402c-932f-4a7330d197da,user12,52a29ff1-0db3-48b4-921f-1aa0f8940766,0,0,0,ERRO,2026-06-24T07:10:32.086Z
22a02e89-ac2e-46de-84e8-7441b97f7682,user12,9ebfdd3b-789a-4e3a-a2b6-d7c31237e3d1,1,3,0,ERRO,2026-06-24T07:10:47.459Z
aec891c9-4d87-471f-9e59-9c99c9478083,user14,9bf43d45-0c13-438c-bd7a-6092b4aef4d2,2,2,0,ERRO,2026-06-24T11:10:10.344Z
de6ec268-bdc1-4a71-9bc0-2d6392acb0fd,user14,c7b8c1b3-52ad-4bef-81d9-1969853ba187,1,0,0,ERRO,2026-06-24T11:10:14.151Z
15196ba1-c6f0-464d-85a2-c946ac7ebff0,user14,e4d4af35-c9e0-4d1b-89b7-e72893e5642d,1,0,5,ACERTO_VENCEDOR,2026-06-24T11:10:15.343Z
6b4d83a9-dc8a-46f7-bfa8-d64a36f2f82a,user14,d048e70a-4271-483f-828e-5b0f3a2c32a2,1,2,0,ERRO,2026-06-24T11:10:15.581Z
a32feb8a-5e3f-49c1-9804-0cc2cbc4eb32,user14,360b9169-fffe-42c2-a352-481e999c5c10,2,1,0,ERRO,2026-06-24T11:10:16.549Z
64534aa7-8d18-4a6d-97a7-7392b56ef155,user14,509c27bb-9832-4145-8630-c309ac6b50cb,2,0,7,ACERTO_VENCEDOR,2026-06-24T11:10:16.786Z
e43713e8-3869-4e00-94b1-a38acafd36da,user14,4e538c8b-876c-4009-849a-761125544175,0,1,0,ERRO,2026-06-24T11:10:17.025Z
3994a172-7a5f-44be-aea5-41758a472617,user14,c6a97697-806b-45f8-8deb-24669a074940,0,2,7,ACERTO_VENCEDOR,2026-06-24T11:10:17.262Z
3baf9070-c373-47e9-b003-c71636b91048,user14,52a29ff1-0db3-48b4-921f-1aa0f8940766,0,2,7,ACERTO_VENCEDOR,2026-06-24T11:10:17.499Z
7c1729e5-503f-4f16-bb39-29d1e9d09ce5,user14,f3d0c2c2-ce6a-47a7-8a8d-9268cc90bb61,2,1,10,ACERTO_PLACAR,2026-06-24T11:10:17.737Z
b34806f4-b4db-4e34-833e-15264be84bbe,user14,9ebfdd3b-789a-4e3a-a2b6-d7c31237e3d1,0,2,0,ERRO,2026-06-24T11:10:17.976Z
2d8c678e-ab71-49d8-874e-8dbf15999b35,user14,702d0496-83e0-461d-82e9-e335698fca9e,0,3,10,ACERTO_PLACAR,2026-06-24T11:10:18.452Z
c2001fe0-b217-411c-a537-36aa68e0e196,user14,d83a4eb5-112c-4d4e-895b-737f0085d5dc,0,1,0,ERRO,2026-06-24T11:10:19.166Z
600cd932-58ed-443e-a063-0b4dac2ac065,user14,af891675-71a4-4e36-9820-710f18ef9e27,3,0,5,ACERTO_VENCEDOR,2026-06-24T11:10:19.879Z
52eb7768-5905-433f-8d69-7d17ea094568,user14,b59a5f79-d8a9-4ad4-a99e-643e36491858,0,4,5,ACERTO_VENCEDOR,2026-06-24T11:10:20.833Z
a261f521-342d-455a-8e27-adf5163965de,user14,e5959d04-83c8-4037-81fc-1133f95064c2,0,0,10,ACERTO_PLACAR,2026-06-24T11:10:21.308Z
2e81f910-1af6-46cf-9f80-55bf861c7f5c,user17,f3d0c2c2-ce6a-47a7-8a8d-9268cc90bb61,1,2,0,ERRO,2026-06-24T11:14:02.691Z
ddccb747-fd50-497e-98cb-8337d95e0192,user17,e4d4af35-c9e0-4d1b-89b7-e72893e5642d,0,1,0,ERRO,2026-06-24T11:14:15.150Z
d1a678ae-0aec-48bb-9624-a1668bb4412a,user17,702d0496-83e0-461d-82e9-e335698fca9e,0,2,7,ACERTO_VENCEDOR,2026-06-24T11:14:51.120Z
98e68321-f8a1-4777-9ee8-8615d1700df6,user17,6a824c8c-e1be-4339-acc3-3279deec17ad,2,0,7,ACERTO_VENCEDOR,2026-06-24T11:14:59.746Z
789c445c-5a69-4f60-b2db-d23549e7702a,user17,52a29ff1-0db3-48b4-921f-1aa0f8940766,2,1,0,ERRO,2026-06-24T11:15:07.995Z
19ebe6c3-57a4-4313-9aca-dbf14361781c,user17,9ebfdd3b-789a-4e3a-a2b6-d7c31237e3d1,1,2,0,ERRO,2026-06-24T11:15:17.084Z
ccd56d62-4a4d-45dd-bf24-b0869d13541c,user54,f3d0c2c2-ce6a-47a7-8a8d-9268cc90bb61,1,2,0,ERRO,2026-06-24T11:37:35.567Z
ab837330-414f-44ae-8ed1-351488e23550,user54,e4d4af35-c9e0-4d1b-89b7-e72893e5642d,1,1,0,ERRO,2026-06-24T11:37:43.640Z
f0068c23-ff9b-4929-92cc-4cd36b548711,user54,702d0496-83e0-461d-82e9-e335698fca9e,2,1,0,ERRO,2026-06-24T11:37:58.128Z
d28a214d-b6b4-41ca-8cfd-ac63b3a5fd22,user54,6a824c8c-e1be-4339-acc3-3279deec17ad,1,0,5,ACERTO_VENCEDOR,2026-06-24T11:38:34.276Z
de201b8a-0df3-47fa-a645-3f2d3c36aca3,user54,52a29ff1-0db3-48b4-921f-1aa0f8940766,0,2,7,ACERTO_VENCEDOR,2026-06-24T11:38:58.178Z
59296d4d-894d-4df8-a50d-bea2af92446a,user46,d83a4eb5-112c-4d4e-895b-737f0085d5dc,2,1,0,ERRO,2026-06-24T11:39:03.743Z
124b8028-64e6-41c8-8047-c9693be9060b,user54,9ebfdd3b-789a-4e3a-a2b6-d7c31237e3d1,0,1,0,ERRO,2026-06-24T11:39:05.178Z
7ba76b6f-f22f-4275-9665-d5cda3ff079c,user46,c6a97697-806b-45f8-8deb-24669a074940,0,2,7,ACERTO_VENCEDOR,2026-06-24T11:39:32.653Z
6396b8be-0a42-4d88-8bd4-719e123b9ee9,user46,8e4c2b7f-aab6-4c6d-b181-7a637a728533,1,0,7,ACERTO_VENCEDOR,2026-06-24T11:41:06.698Z
4566ab9a-825e-418a-a725-966b827813a8,user46,276fc045-6d8a-40af-ba22-7e5c4b51e177,1,2,7,ACERTO_VENCEDOR,2026-06-24T11:42:13.354Z
0e3fec27-5a28-4c26-bae4-5e638c104371,user46,509c27bb-9832-4145-8630-c309ac6b50cb,2,0,7,ACERTO_VENCEDOR,2026-06-24T11:43:21.094Z
3f9c0d20-5fcc-4a12-ac1e-7144e9c20c62,user46,d048e70a-4271-483f-828e-5b0f3a2c32a2,1,2,0,ERRO,2026-06-24T11:44:42.420Z
cd0ca90d-b252-41f1-ac3f-ab6e3eb2376b,user46,af891675-71a4-4e36-9820-710f18ef9e27,1,1,0,ERRO,2026-06-24T11:45:54.321Z
20c4a877-e166-4578-8167-f5570e9e6230,user46,044a487b-ee61-4547-b15b-84630aae8b47,0,2,10,ACERTO_PLACAR,2026-06-24T11:46:30.652Z
f58b13bc-78cf-4a68-aa6a-b33988e216fd,user43,f3d0c2c2-ce6a-47a7-8a8d-9268cc90bb61,3,0,5,ACERTO_VENCEDOR,2026-06-24T11:51:50.828Z
4d1f5ee4-9d6e-4364-b676-3795e8d2fc3d,user43,e4d4af35-c9e0-4d1b-89b7-e72893e5642d,4,1,7,ACERTO_VENCEDOR,2026-06-24T11:51:58.085Z
35e38d00-d164-4767-8d5c-b52bf268dd34,user43,702d0496-83e0-461d-82e9-e335698fca9e,0,5,7,ACERTO_VENCEDOR,2026-06-24T11:52:06.331Z
f1fcc929-7e49-4f92-b5f7-96edded3fbb5,user43,6a824c8c-e1be-4339-acc3-3279deec17ad,4,1,7,ACERTO_VENCEDOR,2026-06-24T11:52:17.583Z
9735fe08-159e-456d-bf1f-ad4c6371aa9b,user43,52a29ff1-0db3-48b4-921f-1aa0f8940766,1,2,5,ACERTO_VENCEDOR,2026-06-24T11:52:33.627Z
bc0266d1-59ce-4d2d-a3d3-ffbebacad3f1,user43,9ebfdd3b-789a-4e3a-a2b6-d7c31237e3d1,1,3,0,ERRO,2026-06-24T11:52:41.875Z
ce2d862d-ff24-44c9-ab0f-b26eb6c82bfc,user176,9ebfdd3b-789a-4e3a-a2b6-d7c31237e3d1,0,3,0,ERRO,2026-06-24T11:53:50.838Z
89d6d2ff-b919-48a7-8879-be590d24ee4c,user176,52a29ff1-0db3-48b4-921f-1aa0f8940766,0,2,7,ACERTO_VENCEDOR,2026-06-24T11:53:52.167Z
6f15fc5c-396a-4b32-820d-df9c80b756d5,user176,6a824c8c-e1be-4339-acc3-3279deec17ad,3,1,7,ACERTO_VENCEDOR,2026-06-24T11:53:54.047Z
2655ace2-3908-49ed-911e-dda146c7de18,user176,702d0496-83e0-461d-82e9-e335698fca9e,0,4,7,ACERTO_VENCEDOR,2026-06-24T11:53:55.918Z
46f0196d-deb4-44af-91e0-ca98ad5e24d0,user176,e4d4af35-c9e0-4d1b-89b7-e72893e5642d,2,1,7,ACERTO_VENCEDOR,2026-06-24T11:53:57.790Z
fe57dc46-d0fb-424d-ba37-e5414103f97e,user176,f3d0c2c2-ce6a-47a7-8a8d-9268cc90bb61,1,2,0,ERRO,2026-06-24T11:53:59.347Z
2f68f2ec-2eef-460e-995b-ae7f752c4027,user4,f3d0c2c2-ce6a-47a7-8a8d-9268cc90bb61,1,0,7,ACERTO_VENCEDOR,2026-06-24T12:26:34.732Z
937e6ede-1459-4b43-be35-b30ac019e6dd,user4,e4d4af35-c9e0-4d1b-89b7-e72893e5642d,0,1,0,ERRO,2026-06-24T12:28:20.093Z
40b665bf-0796-427a-a088-88523318abd4,user4,702d0496-83e0-461d-82e9-e335698fca9e,1,3,7,ACERTO_VENCEDOR,2026-06-24T12:28:30.941Z
5dfe2f5a-0c61-4202-b86d-cc03425c559b,user4,6a824c8c-e1be-4339-acc3-3279deec17ad,3,0,5,ACERTO_VENCEDOR,2026-06-24T12:28:58.394Z
3a97d822-bb18-49b2-ab98-dddc9780ea03,user4,52a29ff1-0db3-48b4-921f-1aa0f8940766,1,2,5,ACERTO_VENCEDOR,2026-06-24T12:29:06.321Z
ba9cd6a7-4c9c-44f6-9892-b109b5839046,user4,9ebfdd3b-789a-4e3a-a2b6-d7c31237e3d1,1,2,0,ERRO,2026-06-24T12:29:31.811Z
875b5e34-49d2-4ba5-b2be-7babe64ed4cf,user99,f3d0c2c2-ce6a-47a7-8a8d-9268cc90bb61,1,0,7,ACERTO_VENCEDOR,2026-06-24T12:43:56.435Z
323e391f-1e4c-458d-9da5-9203e6d37cd7,user99,e4d4af35-c9e0-4d1b-89b7-e72893e5642d,0,1,0,ERRO,2026-06-24T12:44:12.465Z
fd865624-57c2-428b-8e5c-4a9677c6c0d1,user99,702d0496-83e0-461d-82e9-e335698fca9e,0,2,7,ACERTO_VENCEDOR,2026-06-24T12:44:22.403Z
f634089f-ff9f-4a6b-be2f-d55d1c22e51b,user99,6a824c8c-e1be-4339-acc3-3279deec17ad,3,0,5,ACERTO_VENCEDOR,2026-06-24T12:44:29.307Z
8f480c7a-9b12-407b-a30a-503ca3a1236f,user99,52a29ff1-0db3-48b4-921f-1aa0f8940766,1,2,5,ACERTO_VENCEDOR,2026-06-24T12:44:35.821Z
518a171c-9238-46bb-83dc-06f317cc36db,user99,9ebfdd3b-789a-4e3a-a2b6-d7c31237e3d1,0,2,0,ERRO,2026-06-24T12:44:41.044Z
0b54e452-15e0-4be9-a5ba-41b5f62fc8bb,user1,f3d0c2c2-ce6a-47a7-8a8d-9268cc90bb61,2,1,10,ACERTO_PLACAR,2026-06-24T12:47:28.508Z
e210a668-2873-4e42-aa43-54cbe16341e6,user1,e4d4af35-c9e0-4d1b-89b7-e72893e5642d,1,2,0,ERRO,2026-06-24T12:47:57.378Z
0331848f-3ed8-414c-9426-d1a4c186895c,user1,702d0496-83e0-461d-82e9-e335698fca9e,1,3,7,ACERTO_VENCEDOR,2026-06-24T12:48:05.800Z
b6bd9c99-3486-493e-b32b-40fb1e4eae4a,user1,6a824c8c-e1be-4339-acc3-3279deec17ad,2,0,7,ACERTO_VENCEDOR,2026-06-24T12:48:17.596Z
2ecbbe38-9a95-461b-9671-7c5639bad0eb,user1,52a29ff1-0db3-48b4-921f-1aa0f8940766,1,2,5,ACERTO_VENCEDOR,2026-06-24T12:48:43.394Z
e1e5dcf9-ef3a-4aaf-a685-e0eda9e2dfeb,user1,9ebfdd3b-789a-4e3a-a2b6-d7c31237e3d1,1,3,0,ERRO,2026-06-24T12:48:43.670Z
31ee8dc6-a8ff-4b2f-9758-fa07491ef8d9,user119,f3d0c2c2-ce6a-47a7-8a8d-9268cc90bb61,2,1,10,ACERTO_PLACAR,2026-06-24T13:49:51.996Z
3c01bbf4-6e0b-43c0-93c4-5159f017d11e,user119,e4d4af35-c9e0-4d1b-89b7-e72893e5642d,1,0,5,ACERTO_VENCEDOR,2026-06-24T13:49:54.135Z
eaa91c7f-ac4d-4c4b-99c4-a865490b872a,user119,702d0496-83e0-461d-82e9-e335698fca9e,2,3,7,ACERTO_VENCEDOR,2026-06-24T13:49:54.668Z
de7aabc2-bcd1-4a6c-b278-21ccbcbb406c,user119,6a824c8c-e1be-4339-acc3-3279deec17ad,4,0,7,ACERTO_VENCEDOR,2026-06-24T13:49:54.934Z
99558bfd-3bf3-4a87-afc3-af23184afc77,user119,9ebfdd3b-789a-4e3a-a2b6-d7c31237e3d1,2,0,7,ACERTO_VENCEDOR,2026-06-24T13:49:55.200Z
c1991cb2-ec37-49ca-b17d-872dfebffff2,user119,52a29ff1-0db3-48b4-921f-1aa0f8940766,1,3,7,ACERTO_VENCEDOR,2026-06-24T13:49:56.270Z
c0c8ee53-18c2-41be-a0f3-7f692d351d64,user134,702d0496-83e0-461d-82e9-e335698fca9e,0,2,7,ACERTO_VENCEDOR,2026-06-24T14:13:47.003Z
e7a81461-4da5-4495-a0fc-4fab8c103d8a,user134,6a824c8c-e1be-4339-acc3-3279deec17ad,2,0,7,ACERTO_VENCEDOR,2026-06-24T14:13:49.367Z
0cb66588-6442-4fe3-ac67-4cdf9efe5863,user134,9ebfdd3b-789a-4e3a-a2b6-d7c31237e3d1,0,1,0,ERRO,2026-06-24T14:13:49.627Z
61cedfdc-f864-4433-9e11-14cd11251210,user134,52a29ff1-0db3-48b4-921f-1aa0f8940766,0,1,7,ACERTO_VENCEDOR,2026-06-24T14:13:49.888Z
b7adba87-db30-4394-bd4f-55388f9c0ab6,user134,f3d0c2c2-ce6a-47a7-8a8d-9268cc90bb61,1,1,0,ERRO,2026-06-24T14:13:50.148Z
a447b97e-c6fe-4bce-9373-153696409fdd,user134,e4d4af35-c9e0-4d1b-89b7-e72893e5642d,2,0,7,ACERTO_VENCEDOR,2026-06-24T14:13:50.408Z
77c14fd7-347f-4ef9-8813-c53222e47cd5,user75,e4d4af35-c9e0-4d1b-89b7-e72893e5642d,2,0,7,ACERTO_VENCEDOR,2026-06-24T14:29:29.392Z
85cf3900-7bc3-42c9-b428-0ab8b16807ce,user75,f3d0c2c2-ce6a-47a7-8a8d-9268cc90bb61,2,0,7,ACERTO_VENCEDOR,2026-06-24T14:42:47.906Z
30df3af0-f911-473f-bbca-19fff08f0b97,user75,702d0496-83e0-461d-82e9-e335698fca9e,0,2,7,ACERTO_VENCEDOR,2026-06-24T14:44:00.309Z
29ce78e7-1e55-4bcb-b45a-fa62f0883d17,user160,f3d0c2c2-ce6a-47a7-8a8d-9268cc90bb61,2,0,7,ACERTO_VENCEDOR,2026-06-24T14:51:55.026Z
a451da66-a2c1-45c7-99e1-aa3b9ad535a4,user160,e4d4af35-c9e0-4d1b-89b7-e72893e5642d,2,1,7,ACERTO_VENCEDOR,2026-06-24T14:52:04.379Z
394a453f-1372-4c13-9761-63c5051a10f3,user160,702d0496-83e0-461d-82e9-e335698fca9e,0,2,7,ACERTO_VENCEDOR,2026-06-24T14:52:10.849Z
85e2fcda-606d-4207-ba2f-d55b823003be,user160,6a824c8c-e1be-4339-acc3-3279deec17ad,3,1,7,ACERTO_VENCEDOR,2026-06-24T14:52:19.391Z
f2f92549-897d-4a4f-840d-f1b97f1b3eb5,user160,52a29ff1-0db3-48b4-921f-1aa0f8940766,0,0,0,ERRO,2026-06-24T14:52:34.974Z
7cde3c77-7fcd-4a6b-8187-40a8a6d7cf84,user160,9ebfdd3b-789a-4e3a-a2b6-d7c31237e3d1,0,2,0,ERRO,2026-06-24T14:52:49.232Z
48878ff9-309d-442d-a340-e9491eaffd72,user75,6a824c8c-e1be-4339-acc3-3279deec17ad,3,0,5,ACERTO_VENCEDOR,2026-06-24T14:55:56.774Z
a425af51-faa4-4981-b681-d3990f0521a1,user136,f3d0c2c2-ce6a-47a7-8a8d-9268cc90bb61,2,1,10,ACERTO_PLACAR,2026-06-24T16:21:55.220Z
bdd298e0-6c6e-4553-bc51-9ecdd6a21fc9,user136,e4d4af35-c9e0-4d1b-89b7-e72893e5642d,0,2,0,ERRO,2026-06-24T16:22:23.977Z
b7e043ab-5f93-4664-b582-e4eeb453ef5f,user136,702d0496-83e0-461d-82e9-e335698fca9e,1,3,7,ACERTO_VENCEDOR,2026-06-24T16:22:32.904Z
11071fe5-8918-46f5-9026-dcd3313851a5,user136,6a824c8c-e1be-4339-acc3-3279deec17ad,2,0,7,ACERTO_VENCEDOR,2026-06-24T16:22:56.943Z
af3f2b4c-a7d8-421c-8d90-8cfd04c7d954,user113,52a29ff1-0db3-48b4-921f-1aa0f8940766,0,2,7,ACERTO_VENCEDOR,2026-06-24T16:23:07.721Z
d14c3924-0dc5-4d7f-aa68-8aea967e2328,user113,f3d0c2c2-ce6a-47a7-8a8d-9268cc90bb61,1,1,0,ERRO,2026-06-24T16:23:22.542Z
9c5582f9-9ec0-41d8-9ea1-f2b9022181f1,user113,e4d4af35-c9e0-4d1b-89b7-e72893e5642d,2,3,0,ERRO,2026-06-24T16:23:31.490Z
85e11114-42b6-4eb4-bec1-051bb3b4fb37,user113,702d0496-83e0-461d-82e9-e335698fca9e,0,4,7,ACERTO_VENCEDOR,2026-06-24T16:23:43.090Z
55700e76-e81f-45aa-b0bd-2b49f92f2024,user136,52a29ff1-0db3-48b4-921f-1aa0f8940766,2,0,0,ERRO,2026-06-24T16:23:45.923Z
f83a1be8-e0c5-459e-9971-f042b850c2ec,user136,9ebfdd3b-789a-4e3a-a2b6-d7c31237e3d1,0,1,0,ERRO,2026-06-24T16:23:57.198Z
01416d1f-9d09-4c7e-b9c7-df0b70818ed5,user113,6a824c8c-e1be-4339-acc3-3279deec17ad,5,1,5,ACERTO_VENCEDOR,2026-06-24T16:23:57.484Z
6ddb5fce-27d7-4f9d-890e-fca0ce123dcb,user113,9ebfdd3b-789a-4e3a-a2b6-d7c31237e3d1,1,1,0,ERRO,2026-06-24T16:24:11.261Z
364da46f-13d3-457d-b9f3-bcdcded68eb2,user177,9ebfdd3b-789a-4e3a-a2b6-d7c31237e3d1,2,2,0,ERRO,2026-06-24T16:59:28.616Z
850e73a7-b803-48f7-a310-4512eed549bb,user177,52a29ff1-0db3-48b4-921f-1aa0f8940766,1,2,5,ACERTO_VENCEDOR,2026-06-24T16:59:36.534Z
5f0696e0-1d4a-488d-a8c1-1730b5e756d0,user177,6a824c8c-e1be-4339-acc3-3279deec17ad,3,1,7,ACERTO_VENCEDOR,2026-06-24T16:59:43.440Z
4a647b75-32e8-41b8-860f-4fd59eb9553a,user177,702d0496-83e0-461d-82e9-e335698fca9e,0,2,7,ACERTO_VENCEDOR,2026-06-24T16:59:47.910Z
4cec142d-202e-46a6-998d-ce95875f0518,user177,e4d4af35-c9e0-4d1b-89b7-e72893e5642d,2,0,7,ACERTO_VENCEDOR,2026-06-24T16:59:52.954Z
1cce77c9-23e8-4daf-aa21-87314b534d2b,user177,f3d0c2c2-ce6a-47a7-8a8d-9268cc90bb61,1,1,0,ERRO,2026-06-24T16:59:59.486Z
2ca716e6-2cea-4e7f-9220-53d6821b2187,user9,6a824c8c-e1be-4339-acc3-3279deec17ad,2,0,7,ACERTO_VENCEDOR,2026-06-24T17:41:54.426Z
0a4a691e-769b-45e2-8023-80d3566d5bb0,user9,e4d4af35-c9e0-4d1b-89b7-e72893e5642d,0,1,0,ERRO,2026-06-24T17:41:55.292Z
2cd92a2e-8f86-4e20-8421-56cc0e016b06,user9,f3d0c2c2-ce6a-47a7-8a8d-9268cc90bb61,1,1,0,ERRO,2026-06-24T17:41:55.580Z
0acaa12e-8228-4bf9-8735-56fa8bc1e4cc,user9,702d0496-83e0-461d-82e9-e335698fca9e,1,2,5,ACERTO_VENCEDOR,2026-06-24T17:41:55.868Z
3d6b576f-1a0c-42c5-9927-d832e3045b88,user9,52a29ff1-0db3-48b4-921f-1aa0f8940766,1,3,7,ACERTO_VENCEDOR,2026-06-24T17:41:57.032Z
594e7a6d-27d9-4abd-bfe9-5e4fdd3f0cf8,user9,9ebfdd3b-789a-4e3a-a2b6-d7c31237e3d1,1,2,0,ERRO,2026-06-24T17:41:57.527Z
3733f836-5f61-488d-98a0-af6e10608ea2,user13,f3d0c2c2-ce6a-47a7-8a8d-9268cc90bb61,1,0,7,ACERTO_VENCEDOR,2026-06-24T18:23:15.092Z
862c154d-6f58-4e78-96cc-3a0b1c0b9d58,user13,e4d4af35-c9e0-4d1b-89b7-e72893e5642d,0,0,0,ERRO,2026-06-24T18:23:21.985Z
5f37eeb5-fca8-4423-aeea-6b161fdca0bf,user13,702d0496-83e0-461d-82e9-e335698fca9e,1,2,5,ACERTO_VENCEDOR,2026-06-24T18:23:27.362Z
3b8c8b71-64f0-43de-9449-c15fc9a63617,user13,6a824c8c-e1be-4339-acc3-3279deec17ad,3,0,5,ACERTO_VENCEDOR,2026-06-24T18:23:33.492Z
f9393314-8f18-41fd-9489-cf5b7aa24720,user13,52a29ff1-0db3-48b4-921f-1aa0f8940766,0,2,7,ACERTO_VENCEDOR,2026-06-24T18:23:42.163Z
fb7917fa-4e19-4853-95e4-c5189eebfd3f,user13,9ebfdd3b-789a-4e3a-a2b6-d7c31237e3d1,2,2,0,ERRO,2026-06-24T18:23:50.544Z
2dda1277-2bc3-49b3-8d22-e19999432897,user129,f3d0c2c2-ce6a-47a7-8a8d-9268cc90bb61,0,1,0,ERRO,2026-06-24T18:46:33.164Z
4135b78b-3d01-43bb-b52e-fb37d53b5004,user129,e4d4af35-c9e0-4d1b-89b7-e72893e5642d,2,1,7,ACERTO_VENCEDOR,2026-06-24T18:46:35.750Z
5dbac8c7-ef8a-470a-9b8f-d390dbbb8aa4,user129,702d0496-83e0-461d-82e9-e335698fca9e,1,2,5,ACERTO_VENCEDOR,2026-06-24T18:46:38.520Z
46995e0e-1fdf-4fb6-aa8d-ff9e158d595f,user129,6a824c8c-e1be-4339-acc3-3279deec17ad,4,0,7,ACERTO_VENCEDOR,2026-06-24T18:46:41.377Z
eb5cb8c5-c1db-4a34-bb08-65cac9933311,user139,52a29ff1-0db3-48b4-921f-1aa0f8940766,1,2,5,ACERTO_VENCEDOR,2026-06-24T18:46:46.471Z
38020938-111d-4d20-bf60-de35de4b025b,user139,9ebfdd3b-789a-4e3a-a2b6-d7c31237e3d1,2,0,7,ACERTO_VENCEDOR,2026-06-24T18:46:54.607Z
568e5269-0919-4d10-bc41-5f48db26989e,user129,52a29ff1-0db3-48b4-921f-1aa0f8940766,0,1,7,ACERTO_VENCEDOR,2026-06-24T18:46:58.838Z
4c8cbbb1-7d29-4ac3-9b32-af790e798239,user129,9ebfdd3b-789a-4e3a-a2b6-d7c31237e3d1,0,2,0,ERRO,2026-06-24T18:47:50.192Z
d686a6cd-907b-4d1b-8f56-4cd00348eee8,user156,52a29ff1-0db3-48b4-921f-1aa0f8940766,0,1,7,ACERTO_VENCEDOR,2026-06-24T19:06:48.939Z
3a593ae8-2fb2-48a2-b591-f41cdb10a9ad,user156,6a824c8c-e1be-4339-acc3-3279deec17ad,2,0,7,ACERTO_VENCEDOR,2026-06-24T19:06:49.200Z
fbe11f3c-17e7-4b95-97b5-1074c65f3e9a,user156,702d0496-83e0-461d-82e9-e335698fca9e,0,2,7,ACERTO_VENCEDOR,2026-06-24T19:06:49.462Z
68c783b3-c43f-40d8-a628-f18c2f7f7ade,user156,9ebfdd3b-789a-4e3a-a2b6-d7c31237e3d1,1,1,0,ERRO,2026-06-24T19:06:49.723Z
e107a24d-96b4-4b31-bc90-81cdc9d01abf,user156,e5959d04-83c8-4037-81fc-1133f95064c2,1,1,7,ACERTO_VENCEDOR,2026-06-24T19:07:23.250Z
695f1ec3-9805-44ca-a297-a1d93cc1e6de,user156,4e538c8b-876c-4009-849a-761125544175,1,2,0,ERRO,2026-06-24T19:07:23.511Z
c931acd7-d7c7-42a9-8ef5-4f4b9d24df31,user156,32e1259a-ec96-4e5b-8063-b0c1c3d87553,0,2,0,ERRO,2026-06-24T19:08:23.833Z
30979080-7792-4454-8127-82fc50da1131,user156,9bf43d45-0c13-438c-bd7a-6092b4aef4d2,0,2,10,ACERTO_PLACAR,2026-06-24T19:08:24.096Z
6ec8d850-6faf-490e-982f-140d57f883c9,user156,908bbff6-9327-41c0-995f-29581a5f84ab,0,3,7,ACERTO_VENCEDOR,2026-06-24T19:09:04.777Z
9648d5be-b046-4390-83dc-3a43c6dc4dda,user156,c7b8c1b3-52ad-4bef-81d9-1969853ba187,2,1,0,ERRO,2026-06-24T19:09:11.771Z
3770b150-9a0c-4c75-b8a7-ba3448227b8d,user156,d7a304b0-482e-46d8-b50b-d250885daf98,0,2,5,ACERTO_VENCEDOR,2026-06-24T19:09:26.863Z
0446996c-6778-4448-910f-49efe5664634,user156,360b9169-fffe-42c2-a352-481e999c5c10,2,1,0,ERRO,2026-06-24T19:09:43.299Z
cf883ce3-ad4f-432a-819b-e237ab5e5cbd,user156,d83a4eb5-112c-4d4e-895b-737f0085d5dc,1,0,0,ERRO,2026-06-24T19:10:00.862Z
5220cc3a-71b8-471c-abdd-1549c0f0d627,user156,c6a97697-806b-45f8-8deb-24669a074940,1,1,0,ERRO,2026-06-24T19:10:11.263Z
ba456fef-f150-4eb0-b7a8-ecc8466b8595,user156,8e4c2b7f-aab6-4c6d-b181-7a637a728533,2,0,7,ACERTO_VENCEDOR,2026-06-24T19:10:23.705Z
38c52e0f-8d05-4001-b2f6-0a38e5c11bde,user156,276fc045-6d8a-40af-ba22-7e5c4b51e177,1,1,0,ERRO,2026-06-24T19:10:47.807Z
bc1ea812-5553-4b19-86a2-66060aadcfc5,user156,b59a5f79-d8a9-4ad4-a99e-643e36491858,0,3,7,ACERTO_VENCEDOR,2026-06-24T19:11:18.744Z
c87b6728-b840-4eb9-ae8e-b938a8fd406d,user156,5e870695-b61c-467b-91db-d4361d873104,0,1,0,ERRO,2026-06-24T19:11:26.037Z
66114ff7-04eb-46e5-a18a-e1e5a8929b9a,user156,d048e70a-4271-483f-828e-5b0f3a2c32a2,0,0,10,ACERTO_PLACAR,2026-06-24T19:11:37.343Z
373a3a95-936a-454c-b496-df78dd7d8c8a,user156,509c27bb-9832-4145-8630-c309ac6b50cb,1,0,5,ACERTO_VENCEDOR,2026-06-24T19:11:51.471Z
89d4bcdb-f4c8-45a9-a7c7-e8f70259239b,user156,af891675-71a4-4e36-9820-710f18ef9e27,2,1,10,ACERTO_PLACAR,2026-06-24T19:12:09.009Z
e9f8b6fa-8060-42a6-8c56-885f9be440bb,user156,044a487b-ee61-4547-b15b-84630aae8b47,0,2,10,ACERTO_PLACAR,2026-06-24T19:12:16.546Z
034cd356-baf0-46da-9ba3-7b68c920564c,user91,d048e70a-4271-483f-828e-5b0f3a2c32a2,1,2,0,ERRO,2026-06-24T19:34:57.299Z
83ebf60e-496a-4f27-b6a2-c6bcda9b4932,user91,509c27bb-9832-4145-8630-c309ac6b50cb,1,0,5,ACERTO_VENCEDOR,2026-06-24T19:35:04.645Z
2b14a6a9-7253-4136-8264-99760f50d0a7,user91,af891675-71a4-4e36-9820-710f18ef9e27,2,0,7,ACERTO_VENCEDOR,2026-06-24T19:35:19.015Z
acccdcdd-7311-469d-a638-7bd791cd5429,user91,044a487b-ee61-4547-b15b-84630aae8b47,0,3,7,ACERTO_VENCEDOR,2026-06-24T19:35:26.471Z
39c54187-efe7-4128-9f7c-418f059a0d94,user145,6a824c8c-e1be-4339-acc3-3279deec17ad,4,0,7,ACERTO_VENCEDOR,2026-06-24T19:48:16.361Z
56c64433-11ea-435e-8e18-324e88544bf9,user145,702d0496-83e0-461d-82e9-e335698fca9e,0,3,10,ACERTO_PLACAR,2026-06-24T19:48:18.777Z
cc4a0027-51fc-4548-a901-1ed0f0409f74,user145,9ebfdd3b-789a-4e3a-a2b6-d7c31237e3d1,0,2,0,ERRO,2026-06-24T19:48:36.895Z
359e3c86-b976-45ba-b697-ce99de27fc6f,user145,52a29ff1-0db3-48b4-921f-1aa0f8940766,1,2,5,ACERTO_VENCEDOR,2026-06-24T19:48:38.210Z
bb0eb256-ea56-47a4-b6cc-a91a1abd7501,user139,32e1259a-ec96-4e5b-8063-b0c1c3d87553,0,4,0,ERRO,2026-06-24T21:12:21.379Z
5657c1e5-070a-44e1-a43a-589d06bbb270,user139,9bf43d45-0c13-438c-bd7a-6092b4aef4d2,1,2,7,ACERTO_VENCEDOR,2026-06-24T21:12:27.595Z
693d4bd5-8aeb-4547-8f0e-72e614b967bd,user139,c7b8c1b3-52ad-4bef-81d9-1969853ba187,1,1,10,ACERTO_PLACAR,2026-06-24T21:12:39.480Z
cc0d3681-3c25-4f74-98f7-8f3145dff969,user139,908bbff6-9327-41c0-995f-29581a5f84ab,1,3,10,ACERTO_PLACAR,2026-06-24T21:12:50.829Z
60fc0107-06ef-490d-8e3c-78934f3e52bc,user35,702d0496-83e0-461d-82e9-e335698fca9e,0,3,10,ACERTO_PLACAR,2026-06-24T21:39:34.650Z
504bf10a-f79b-4c0b-a1e0-d7faba188c7c,user35,6a824c8c-e1be-4339-acc3-3279deec17ad,3,0,5,ACERTO_VENCEDOR,2026-06-24T21:39:49.832Z
19aed550-910a-4834-bea9-4849a37f22a2,user181,702d0496-83e0-461d-82e9-e335698fca9e,1,3,7,ACERTO_VENCEDOR,2026-06-24T21:54:06.075Z
691f95f2-7f77-4a26-9d61-c519ad9644ed,user181,6a824c8c-e1be-4339-acc3-3279deec17ad,2,1,5,ACERTO_VENCEDOR,2026-06-24T21:54:28.929Z
bdaad365-a637-4de2-9124-492c4547f899,user181,52a29ff1-0db3-48b4-921f-1aa0f8940766,1,3,7,ACERTO_VENCEDOR,2026-06-24T21:54:46.742Z
7bd30c0a-14cf-4229-a833-8a7dae8d5342,user181,9ebfdd3b-789a-4e3a-a2b6-d7c31237e3d1,0,4,0,ERRO,2026-06-24T21:55:02.315Z
35c78abf-072d-48c7-bb16-71849146f1b5,user144,52a29ff1-0db3-48b4-921f-1aa0f8940766,0,2,7,ACERTO_VENCEDOR,2026-06-24T22:15:59.699Z
c3e57f7e-5e48-4e6a-a121-195a30a61293,user144,9ebfdd3b-789a-4e3a-a2b6-d7c31237e3d1,0,2,0,ERRO,2026-06-24T22:16:06.516Z
7d1d126a-142d-41f3-bcd2-0b030ff4d391,user119,9bf43d45-0c13-438c-bd7a-6092b4aef4d2,0,2,10,ACERTO_PLACAR,2026-06-25T00:05:52.325Z
f986141f-941a-4d2d-bdd7-8cf4448f1cba,user119,c7b8c1b3-52ad-4bef-81d9-1969853ba187,1,4,0,ERRO,2026-06-25T00:05:52.841Z
fcd20499-fabb-4de6-bba3-e8e1f43cf3e4,user119,b59a5f79-d8a9-4ad4-a99e-643e36491858,0,4,5,ACERTO_VENCEDOR,2026-06-25T00:05:53.099Z
c0351aa6-260b-45ff-8b43-4625bab80bae,user119,e5959d04-83c8-4037-81fc-1133f95064c2,3,2,0,ERRO,2026-06-25T00:05:53.356Z
dbe65462-da3f-4941-8613-1d0b74aa62f2,user119,4e538c8b-876c-4009-849a-761125544175,4,2,7,ACERTO_VENCEDOR,2026-06-25T00:05:54.905Z
2a5e554f-980a-4d37-a655-acb4eb87e8c2,user119,32e1259a-ec96-4e5b-8063-b0c1c3d87553,1,3,0,ERRO,2026-06-25T00:05:57.539Z
39782d73-a8e2-4df5-bbc9-6b255fe3a213,user119,908bbff6-9327-41c0-995f-29581a5f84ab,1,3,10,ACERTO_PLACAR,2026-06-25T00:05:57.797Z
8f0621ae-caa5-4794-920f-7fb6776280d8,user117,52a29ff1-0db3-48b4-921f-1aa0f8940766,0,2,7,ACERTO_VENCEDOR,2026-06-25T00:32:57.859Z
b06a9893-6019-448b-a933-a51e643bed49,user117,9ebfdd3b-789a-4e3a-a2b6-d7c31237e3d1,1,2,0,ERRO,2026-06-25T00:32:58.128Z
c8cf8ca9-0b4a-4b04-a6a5-04439318837f,user40,32e1259a-ec96-4e5b-8063-b0c1c3d87553,1,3,0,ERRO,2026-06-25T00:47:00.248Z
bce05111-8b20-499c-8d5e-f11c181865fb,user40,9bf43d45-0c13-438c-bd7a-6092b4aef4d2,0,2,10,ACERTO_PLACAR,2026-06-25T00:47:03.690Z
ba6c96ff-fb9b-4034-af28-aba3b79a1bc8,user40,908bbff6-9327-41c0-995f-29581a5f84ab,0,4,5,ACERTO_VENCEDOR,2026-06-25T00:47:09.059Z
612166dd-f0ae-48fe-882c-64510f64bf49,user40,c7b8c1b3-52ad-4bef-81d9-1969853ba187,2,1,0,ERRO,2026-06-25T00:47:12.732Z
7e393de1-d579-4945-bfee-96738e04c4a1,user40,4e538c8b-876c-4009-849a-761125544175,1,3,0,ERRO,2026-06-25T00:47:19.336Z
9a0b98d4-1e6f-4e03-b268-622127aa8a47,user40,e5959d04-83c8-4037-81fc-1133f95064c2,2,1,0,ERRO,2026-06-25T00:47:22.819Z
920159b7-1240-4040-9775-5990080d427b,user183,52a29ff1-0db3-48b4-921f-1aa0f8940766,0,0,0,ERRO,2026-06-25T00:50:27.073Z
b0aa1b5c-04cb-414a-b867-8604297d2f1d,user183,9ebfdd3b-789a-4e3a-a2b6-d7c31237e3d1,0,0,0,ERRO,2026-06-25T00:50:27.337Z
9b9bcd8b-61e2-4e4b-bc25-54ce30c4e203,user184,52a29ff1-0db3-48b4-921f-1aa0f8940766,1,3,7,ACERTO_VENCEDOR,2026-06-25T00:51:54.995Z
bcf9aadf-aa98-43c2-8c49-a8f07afc8be4,user184,9ebfdd3b-789a-4e3a-a2b6-d7c31237e3d1,1,3,0,ERRO,2026-06-25T00:52:05.391Z
c1c08a8d-9342-46f0-8fa2-94b2f7aa0d05,user1,e5959d04-83c8-4037-81fc-1133f95064c2,1,1,7,ACERTO_VENCEDOR,2026-06-25T03:05:10.650Z
6fb0a9cc-5d23-4995-a362-d3f9310ad15d,user1,4e538c8b-876c-4009-849a-761125544175,1,3,0,ERRO,2026-06-25T03:05:16.432Z
90eaf5c2-5ade-49aa-b2f0-4fde376eab11,user1,9bf43d45-0c13-438c-bd7a-6092b4aef4d2,1,2,7,ACERTO_VENCEDOR,2026-06-25T03:05:48.258Z
f0113e16-a9f4-4f78-bc39-9d23dec6d69e,user1,32e1259a-ec96-4e5b-8063-b0c1c3d87553,2,3,0,ERRO,2026-06-25T03:05:54.938Z
5e53e460-0366-4776-9d24-e4b7f01b7130,user1,908bbff6-9327-41c0-995f-29581a5f84ab,0,3,7,ACERTO_VENCEDOR,2026-06-25T03:06:16.083Z
1d59def0-15bb-4d98-b0bb-e9a3ee3ff7c9,user1,c7b8c1b3-52ad-4bef-81d9-1969853ba187,2,1,0,ERRO,2026-06-25T03:06:21.865Z
fece7133-7dbc-4b34-bb23-2d19b75a5713,user184,4e538c8b-876c-4009-849a-761125544175,1,3,0,ERRO,2026-06-25T03:13:16.619Z
f9e96a1e-4c31-4627-8eaf-1c70b809b92e,user184,e5959d04-83c8-4037-81fc-1133f95064c2,2,2,7,ACERTO_VENCEDOR,2026-06-25T03:13:35.526Z
b4e24f2e-bf98-4c9f-9abe-f5abbe0bce8a,user184,9bf43d45-0c13-438c-bd7a-6092b4aef4d2,0,4,7,ACERTO_VENCEDOR,2026-06-25T03:13:50.848Z
f1734663-a599-4419-a8c1-7712a3b0a298,user184,32e1259a-ec96-4e5b-8063-b0c1c3d87553,1,4,0,ERRO,2026-06-25T03:13:57.725Z
b84fb8a4-0cf4-449d-b1f9-ade17156acc0,user184,908bbff6-9327-41c0-995f-29581a5f84ab,1,3,10,ACERTO_PLACAR,2026-06-25T03:14:12.787Z
c0286053-b1e8-4cb9-babb-24f34d2154d9,user184,c7b8c1b3-52ad-4bef-81d9-1969853ba187,2,1,0,ERRO,2026-06-25T03:14:24.684Z
c9167825-aa49-4e0f-945f-acb1c15f6d3d,user16,9bf43d45-0c13-438c-bd7a-6092b4aef4d2,1,3,7,ACERTO_VENCEDOR,2026-06-25T06:16:55.651Z
7d9cc8c0-6927-4e2c-b206-9f030c4df316,user16,32e1259a-ec96-4e5b-8063-b0c1c3d87553,0,4,0,ERRO,2026-06-25T06:17:01.851Z
6015f45e-8858-4a0e-841d-7655d70149d0,user16,c7b8c1b3-52ad-4bef-81d9-1969853ba187,2,2,7,ACERTO_VENCEDOR,2026-06-25T06:17:09.608Z
7f689e41-c1aa-41bd-bd77-56e63febaf48,user16,908bbff6-9327-41c0-995f-29581a5f84ab,1,3,10,ACERTO_PLACAR,2026-06-25T06:17:15.337Z
af2bb381-f802-4723-8619-833817e1ad46,user16,4e538c8b-876c-4009-849a-761125544175,2,4,0,ERRO,2026-06-25T06:17:20.243Z
c6907c26-e1c1-432c-a4b8-81ca611f1905,user16,e5959d04-83c8-4037-81fc-1133f95064c2,1,1,7,ACERTO_VENCEDOR,2026-06-25T06:17:29.743Z
7591a175-5235-4d6b-b7a2-3ea3cd340b90,user113,9bf43d45-0c13-438c-bd7a-6092b4aef4d2,2,1,0,ERRO,2026-06-25T11:33:35.812Z
f42e476a-658c-487e-9369-1c21023c23b9,user113,32e1259a-ec96-4e5b-8063-b0c1c3d87553,0,6,0,ERRO,2026-06-25T11:34:08.097Z
d6144099-5a29-427e-a3ed-836e9cf30d6c,user113,c7b8c1b3-52ad-4bef-81d9-1969853ba187,3,1,0,ERRO,2026-06-25T11:34:17.483Z
a56a139e-0600-4fc3-90c9-10d06ea54669,user113,908bbff6-9327-41c0-995f-29581a5f84ab,1,2,7,ACERTO_VENCEDOR,2026-06-25T11:34:28.393Z
6c08cd0a-5a4b-49ce-8b64-e244672e918b,user113,4e538c8b-876c-4009-849a-761125544175,0,2,0,ERRO,2026-06-25T11:34:37.788Z
98a24f59-93bd-4b05-a0af-e5cb8bbbcf40,user113,e5959d04-83c8-4037-81fc-1133f95064c2,2,0,0,ERRO,2026-06-25T11:34:46.184Z
ede752be-9650-4c4f-b0dc-5f19fbc796d8,user99,9bf43d45-0c13-438c-bd7a-6092b4aef4d2,0,2,10,ACERTO_PLACAR,2026-06-25T12:00:00.198Z
a7fea2d2-dee1-4927-853f-1b0dad589c14,user99,32e1259a-ec96-4e5b-8063-b0c1c3d87553,1,3,0,ERRO,2026-06-25T12:00:01.612Z
4beef027-ce07-4923-a114-a25424eb6753,user99,c7b8c1b3-52ad-4bef-81d9-1969853ba187,2,0,0,ERRO,2026-06-25T12:00:15.562Z
2fa6eaad-a704-4ceb-ad20-eec3bf95a3c0,user99,908bbff6-9327-41c0-995f-29581a5f84ab,1,4,7,ACERTO_VENCEDOR,2026-06-25T12:00:22.112Z
626bf06a-28ae-4d38-ab20-adb9f1bdfeef,user99,4e538c8b-876c-4009-849a-761125544175,1,0,7,ACERTO_VENCEDOR,2026-06-25T12:00:30.684Z
b3d6a9f3-37c9-4a40-95b1-c0714ed7d231,user99,e5959d04-83c8-4037-81fc-1133f95064c2,0,2,0,ERRO,2026-06-25T12:00:38.554Z
432c4b17-c06b-47a9-bf95-58b303006ba6,user4,9bf43d45-0c13-438c-bd7a-6092b4aef4d2,0,2,10,ACERTO_PLACAR,2026-06-25T13:00:10.567Z
44d9eda7-f4b5-40a8-b273-4780f76e00b6,user4,32e1259a-ec96-4e5b-8063-b0c1c3d87553,1,3,0,ERRO,2026-06-25T13:00:21.182Z
5168bb82-651f-4dab-a2c9-7cfb9c87ee04,user4,c7b8c1b3-52ad-4bef-81d9-1969853ba187,2,1,0,ERRO,2026-06-25T13:00:31.597Z
6b3ef047-4f90-4b94-8a6f-9d9406aaf9fb,user4,908bbff6-9327-41c0-995f-29581a5f84ab,0,2,7,ACERTO_VENCEDOR,2026-06-25T13:00:41.499Z
43a6d2b5-d524-4d45-ab2a-93b8a94ad849,user4,4e538c8b-876c-4009-849a-761125544175,0,1,0,ERRO,2026-06-25T13:00:50.351Z
0a7a3c2b-5cad-4897-bfc3-b3b029d147b7,user4,e5959d04-83c8-4037-81fc-1133f95064c2,1,2,0,ERRO,2026-06-25T13:02:19.143Z
0b924c40-47a9-4bcf-bdee-3aee98e8a749,user75,9bf43d45-0c13-438c-bd7a-6092b4aef4d2,0,2,10,ACERTO_PLACAR,2026-06-25T13:09:41.306Z
7c6c03cb-602e-4e91-b6f9-6fed678d49b0,user75,32e1259a-ec96-4e5b-8063-b0c1c3d87553,1,3,0,ERRO,2026-06-25T13:09:51.572Z
e84ec1d3-7774-49de-a8fa-df41b6f2de85,user75,c7b8c1b3-52ad-4bef-81d9-1969853ba187,2,2,7,ACERTO_VENCEDOR,2026-06-25T13:10:10.506Z
420a70c8-c7d7-48f4-b345-c40949caf0b0,user75,908bbff6-9327-41c0-995f-29581a5f84ab,0,2,7,ACERTO_VENCEDOR,2026-06-25T13:10:18.677Z
07060c89-fcc6-430d-a4db-06a580ab77f8,user75,4e538c8b-876c-4009-849a-761125544175,0,3,0,ERRO,2026-06-25T13:10:34.634Z
4645987f-bfbd-4016-971d-61816fff2c95,user75,e5959d04-83c8-4037-81fc-1133f95064c2,2,1,0,ERRO,2026-06-25T13:10:41.547Z
abb7ca77-08e9-4c5d-bba8-6d4fc21964d4,user185,9bf43d45-0c13-438c-bd7a-6092b4aef4d2,1,3,7,ACERTO_VENCEDOR,2026-06-25T14:13:25.338Z
827b0530-aed0-4e1b-b661-97c124ac7956,user185,908bbff6-9327-41c0-995f-29581a5f84ab,0,5,5,ACERTO_VENCEDOR,2026-06-25T14:14:55.352Z
48662032-167d-452c-abc7-2c91e644210e,user185,e5959d04-83c8-4037-81fc-1133f95064c2,1,2,0,ERRO,2026-06-25T14:14:55.646Z
66a80f34-f6bb-4cbb-964c-54cfba74195c,user185,4e538c8b-876c-4009-849a-761125544175,1,3,0,ERRO,2026-06-25T14:14:55.941Z
bf56451d-c1cf-4054-b629-69cc28200ed6,user185,c7b8c1b3-52ad-4bef-81d9-1969853ba187,2,3,0,ERRO,2026-06-25T14:14:56.236Z
779c550a-8277-4537-9b36-a507cee45697,user185,32e1259a-ec96-4e5b-8063-b0c1c3d87553,0,4,0,ERRO,2026-06-25T14:14:56.530Z
d5d439fa-e81b-42e0-8e63-18c4354152f7,user17,9bf43d45-0c13-438c-bd7a-6092b4aef4d2,0,2,10,ACERTO_PLACAR,2026-06-25T14:43:45.506Z
a31fb7a3-2f78-4432-8668-96ebc1327ef3,user17,32e1259a-ec96-4e5b-8063-b0c1c3d87553,0,3,0,ERRO,2026-06-25T14:43:54.493Z
490309c3-6ff7-4dc8-8e4a-65db2ec3dc0b,user17,c7b8c1b3-52ad-4bef-81d9-1969853ba187,2,3,0,ERRO,2026-06-25T14:44:07.192Z
dc907df5-1d12-44ae-89d2-20f971a684ad,user17,908bbff6-9327-41c0-995f-29581a5f84ab,0,4,5,ACERTO_VENCEDOR,2026-06-25T14:44:14.503Z
2a6afd61-fa8d-4dae-b9d0-f15238b68191,user17,4e538c8b-876c-4009-849a-761125544175,1,3,0,ERRO,2026-06-25T14:44:22.376Z
e6a9296c-a7e1-4d5f-941b-c2646f1cfba9,user17,e5959d04-83c8-4037-81fc-1133f95064c2,0,1,0,ERRO,2026-06-25T14:44:31.631Z
f9576553-fd80-4924-9b95-53a1a96a9414,user5,9bf43d45-0c13-438c-bd7a-6092b4aef4d2,1,4,5,ACERTO_VENCEDOR,2026-06-25T15:09:19.425Z
d5d27230-3824-4d0c-b34c-2571995d120b,user5,32e1259a-ec96-4e5b-8063-b0c1c3d87553,0,2,0,ERRO,2026-06-25T15:09:25.405Z
144e70f3-d2d6-4212-9ff5-c5d7b9137191,user5,c7b8c1b3-52ad-4bef-81d9-1969853ba187,1,1,10,ACERTO_PLACAR,2026-06-25T15:09:35.437Z
5cdc257b-7a53-47b9-8115-6970285a7fc3,user5,908bbff6-9327-41c0-995f-29581a5f84ab,0,2,7,ACERTO_VENCEDOR,2026-06-25T15:09:42.072Z
14989650-92e5-41e8-a21f-6a9270c29fca,user5,4e538c8b-876c-4009-849a-761125544175,0,2,0,ERRO,2026-06-25T15:09:50.075Z
2e809a8c-8e39-4f8c-be56-d650c382dc5f,user5,e5959d04-83c8-4037-81fc-1133f95064c2,1,2,0,ERRO,2026-06-25T15:09:59.682Z
01bc8d69-f000-4267-b460-7d60fb36681c,user12,9bf43d45-0c13-438c-bd7a-6092b4aef4d2,2,2,0,ERRO,2026-06-25T15:33:30.035Z
370933e6-9a2a-4f1b-80a7-fe99e3200ac4,user12,32e1259a-ec96-4e5b-8063-b0c1c3d87553,2,3,0,ERRO,2026-06-25T15:33:41.869Z
f811e9fa-4e1f-4499-8dd1-4d3e80c0aeab,user12,c7b8c1b3-52ad-4bef-81d9-1969853ba187,2,1,0,ERRO,2026-06-25T15:34:05.277Z
da6cfd7b-a6cb-40a1-9443-37d1d34c126f,user12,908bbff6-9327-41c0-995f-29581a5f84ab,0,3,7,ACERTO_VENCEDOR,2026-06-25T15:34:18.864Z
550e9827-3ca5-45db-ad59-ebbfd3cde610,user12,4e538c8b-876c-4009-849a-761125544175,1,4,0,ERRO,2026-06-25T15:34:29.630Z
ed9f7e6d-be73-4d5e-9465-9d520c1830ec,user12,e5959d04-83c8-4037-81fc-1133f95064c2,2,1,0,ERRO,2026-06-25T15:34:40.132Z
f5520ea3-a0b0-4ce8-8154-c401125dfc63,user136,9bf43d45-0c13-438c-bd7a-6092b4aef4d2,1,2,7,ACERTO_VENCEDOR,2026-06-25T15:37:01.249Z
f9f14068-505d-4cb6-addc-a5b4ea456d63,user136,32e1259a-ec96-4e5b-8063-b0c1c3d87553,0,3,0,ERRO,2026-06-25T15:37:10.747Z
4ff73f01-173e-4da8-a2ef-304391c0c776,user136,c7b8c1b3-52ad-4bef-81d9-1969853ba187,1,2,0,ERRO,2026-06-25T15:37:24.036Z
f49a3272-98f3-481b-bc36-7c5975237a29,user136,908bbff6-9327-41c0-995f-29581a5f84ab,1,3,10,ACERTO_PLACAR,2026-06-25T15:37:33.091Z
50fee06b-891f-4d77-9a9f-276fc434d1c9,user136,4e538c8b-876c-4009-849a-761125544175,1,2,0,ERRO,2026-06-25T15:37:46.988Z
5b5490ac-0e61-451c-99f0-766fdc22abfd,user136,e5959d04-83c8-4037-81fc-1133f95064c2,2,2,7,ACERTO_VENCEDOR,2026-06-25T15:37:55.356Z
404d9f84-d625-4287-803e-a43a0b10951d,user139,4e538c8b-876c-4009-849a-761125544175,0,3,0,ERRO,2026-06-25T15:42:03.841Z
078c84da-a2c5-4bd7-bfe9-c886929e7482,user139,e5959d04-83c8-4037-81fc-1133f95064c2,3,1,0,ERRO,2026-06-25T15:42:10.028Z
ea43df08-bd02-4b09-a134-f0b43334f35f,user134,4e538c8b-876c-4009-849a-761125544175,1,1,0,ERRO,2026-06-25T16:15:43.271Z
92065615-a9d4-48f4-8fc3-5a71c98b2e86,user134,9bf43d45-0c13-438c-bd7a-6092b4aef4d2,0,3,7,ACERTO_VENCEDOR,2026-06-25T16:15:44.418Z
92e246dc-26db-45bd-8937-09a730c24e77,user134,e5959d04-83c8-4037-81fc-1133f95064c2,1,1,7,ACERTO_VENCEDOR,2026-06-25T16:15:44.762Z
dc8c07c7-6249-47a8-b0d7-d52dd409b987,user134,c7b8c1b3-52ad-4bef-81d9-1969853ba187,2,1,0,ERRO,2026-06-25T16:15:45.918Z
5ff6d874-c6b9-4340-8726-bde0274abb4b,user134,908bbff6-9327-41c0-995f-29581a5f84ab,0,3,7,ACERTO_VENCEDOR,2026-06-25T16:15:46.205Z
00a2e5eb-e89a-4b63-8c30-740328b3d1f6,user134,32e1259a-ec96-4e5b-8063-b0c1c3d87553,1,2,0,ERRO,2026-06-25T16:15:46.491Z
eded8a11-bc71-45a7-93e3-1e48eaddc45c,user35,9bf43d45-0c13-438c-bd7a-6092b4aef4d2,0,2,10,ACERTO_PLACAR,2026-06-25T16:15:51.374Z
04004b4d-178f-4b6b-bcac-195388f4ec2c,user54,9bf43d45-0c13-438c-bd7a-6092b4aef4d2,1,2,7,ACERTO_VENCEDOR,2026-06-25T16:15:53.702Z
633c3831-4e0d-47af-832d-28f2e7d3b7f0,user54,32e1259a-ec96-4e5b-8063-b0c1c3d87553,0,3,0,ERRO,2026-06-25T16:16:01.919Z
4e0dff3d-8842-4a3d-9cb3-79f38e0864d5,user54,c7b8c1b3-52ad-4bef-81d9-1969853ba187,2,0,0,ERRO,2026-06-25T16:16:10.794Z
32f7df82-e7c2-46a7-81b5-ac5116aee411,user35,32e1259a-ec96-4e5b-8063-b0c1c3d87553,0,4,0,ERRO,2026-06-25T16:16:13.478Z
7cf5657f-c6a5-4f50-b093-1f8a6b59dbc9,user54,908bbff6-9327-41c0-995f-29581a5f84ab,1,2,7,ACERTO_VENCEDOR,2026-06-25T16:16:18.531Z
4f130c2e-17d8-44e0-b906-321350a5990f,user35,c7b8c1b3-52ad-4bef-81d9-1969853ba187,2,0,0,ERRO,2026-06-25T16:16:37.195Z
e631ffe9-9271-43c9-8f7c-f3c2271d419f,user54,4e538c8b-876c-4009-849a-761125544175,1,2,0,ERRO,2026-06-25T16:16:44.188Z
d7920b5b-5958-40e7-8913-f6ab6b81da27,user54,e5959d04-83c8-4037-81fc-1133f95064c2,2,1,0,ERRO,2026-06-25T16:17:56.400Z
34c215b0-a8d4-45c9-becd-87130757f217,user35,4e538c8b-876c-4009-849a-761125544175,1,3,0,ERRO,2026-06-25T16:18:17.896Z
cc476523-d3fe-4b43-ac3d-e5b2a45954de,user183,9bf43d45-0c13-438c-bd7a-6092b4aef4d2,0,2,10,ACERTO_PLACAR,2026-06-25T16:46:25.413Z
fc3cc00e-999f-481b-8dc5-acd7f68ca317,user183,32e1259a-ec96-4e5b-8063-b0c1c3d87553,2,2,0,ERRO,2026-06-25T16:46:36.034Z
4b18c648-ff94-4bc4-8a9f-8cdb13601407,user183,c7b8c1b3-52ad-4bef-81d9-1969853ba187,3,1,0,ERRO,2026-06-25T16:46:43.532Z
abac03fb-7d98-4d92-8684-2fe1420b6956,user183,908bbff6-9327-41c0-995f-29581a5f84ab,0,4,5,ACERTO_VENCEDOR,2026-06-25T16:46:53.079Z
d687ac70-3bf6-4756-bd3d-74307edf4c59,user183,4e538c8b-876c-4009-849a-761125544175,0,3,0,ERRO,2026-06-25T16:47:01.536Z
dff3ead7-1f80-42d7-9f83-6cdc8925e3e7,user183,e5959d04-83c8-4037-81fc-1133f95064c2,2,1,0,ERRO,2026-06-25T16:50:47.165Z
f0a0f4de-4882-4196-b439-4941ddd3991f,user177,9bf43d45-0c13-438c-bd7a-6092b4aef4d2,1,3,7,ACERTO_VENCEDOR,2026-06-25T17:23:56.321Z
ade09c90-c073-41a2-a84a-18f773739b08,user177,32e1259a-ec96-4e5b-8063-b0c1c3d87553,1,4,0,ERRO,2026-06-25T17:24:33.227Z
4afc5fa5-6fe0-4949-b1cb-ce68d379bc7b,user177,c7b8c1b3-52ad-4bef-81d9-1969853ba187,2,1,0,ERRO,2026-06-25T17:24:51.149Z
3b189237-43e0-473d-a776-7531eded0440,user177,908bbff6-9327-41c0-995f-29581a5f84ab,0,2,7,ACERTO_VENCEDOR,2026-06-25T17:25:48.156Z
25701771-8014-4b77-9e6b-6661583f73d3,user177,4e538c8b-876c-4009-849a-761125544175,1,2,0,ERRO,2026-06-25T17:26:33.032Z
5e573942-ca9a-4d2a-ade8-1224ed0140c2,user177,e5959d04-83c8-4037-81fc-1133f95064c2,1,1,7,ACERTO_VENCEDOR,2026-06-25T17:27:32.354Z
d44be181-c58f-47d0-bfe0-5d2747da9ab5,user160,9bf43d45-0c13-438c-bd7a-6092b4aef4d2,1,3,7,ACERTO_VENCEDOR,2026-06-25T18:32:36.336Z
84263fb2-0004-453b-a27b-ab31764976dc,user160,32e1259a-ec96-4e5b-8063-b0c1c3d87553,0,2,0,ERRO,2026-06-25T18:32:48.347Z
b355818a-446b-4bab-ac42-5515b8e83679,user160,c7b8c1b3-52ad-4bef-81d9-1969853ba187,1,2,0,ERRO,2026-06-25T18:32:57.448Z
9ce067e9-4a5a-4c9d-8b62-8d677eccb487,user160,908bbff6-9327-41c0-995f-29581a5f84ab,0,4,5,ACERTO_VENCEDOR,2026-06-25T18:33:04.853Z
9ae86bdf-859f-4612-9037-bda70652c96f,user160,4e538c8b-876c-4009-849a-761125544175,2,2,0,ERRO,2026-06-25T18:33:17.977Z
5611cf41-ca89-4b30-a403-7eee994ac9b9,user160,e5959d04-83c8-4037-81fc-1133f95064c2,1,1,7,ACERTO_VENCEDOR,2026-06-25T18:33:39.116Z
a89eca4e-4a81-4341-bdf4-e901ac67f5d2,user129,9bf43d45-0c13-438c-bd7a-6092b4aef4d2,0,2,10,ACERTO_PLACAR,2026-06-25T19:14:19.550Z
f4931b6e-8558-4ca2-a5c6-fc9a2187ddd4,user129,32e1259a-ec96-4e5b-8063-b0c1c3d87553,1,1,0,ERRO,2026-06-25T19:14:32.688Z
de81510f-1980-4453-8fd4-d6dc7c29088e,user129,c7b8c1b3-52ad-4bef-81d9-1969853ba187,2,2,7,ACERTO_VENCEDOR,2026-06-25T19:14:46.210Z
98f774a6-cac8-45c9-b31b-9e80cc747c04,user129,908bbff6-9327-41c0-995f-29581a5f84ab,0,4,5,ACERTO_VENCEDOR,2026-06-25T19:14:57.367Z
dc9022b0-0647-476a-b84e-d8296267c86b,user129,4e538c8b-876c-4009-849a-761125544175,1,2,0,ERRO,2026-06-25T19:15:08.278Z
3130722d-31c3-406f-b36f-fa65a27d7153,user129,e5959d04-83c8-4037-81fc-1133f95064c2,1,0,0,ERRO,2026-06-25T19:15:37.876Z
449872cc-b478-4977-a74c-52b73dc3add2,user11,9bf43d45-0c13-438c-bd7a-6092b4aef4d2,0,2,10,ACERTO_PLACAR,2026-06-25T19:36:52.943Z
b42dc8e0-6187-40c3-9a47-4e2d2c9af132,user11,32e1259a-ec96-4e5b-8063-b0c1c3d87553,1,3,0,ERRO,2026-06-25T19:37:06.301Z
cd3e0fe1-14fa-495a-af77-f8c0ff7aa397,user11,c7b8c1b3-52ad-4bef-81d9-1969853ba187,1,2,0,ERRO,2026-06-25T19:38:11.924Z
858751b9-c0ff-4a5c-ae80-f19d19ca2ab6,user11,908bbff6-9327-41c0-995f-29581a5f84ab,0,3,7,ACERTO_VENCEDOR,2026-06-25T19:38:27.140Z
25b1fee4-1a31-4035-8f7c-13e1710c7f51,user11,4e538c8b-876c-4009-849a-761125544175,0,2,0,ERRO,2026-06-25T19:39:44.709Z
8827b7e7-308f-4631-a6f0-9fe156c36693,user11,e5959d04-83c8-4037-81fc-1133f95064c2,1,1,7,ACERTO_VENCEDOR,2026-06-25T19:40:02.847Z
4911713e-9f61-4d3c-a056-91f8e3349d39,user11,276fc045-6d8a-40af-ba22-7e5c4b51e177,1,2,7,ACERTO_VENCEDOR,2026-06-25T19:40:43.308Z
4db6e6a1-7390-41b7-a82f-9455de397f1d,user11,8e4c2b7f-aab6-4c6d-b181-7a637a728533,0,2,0,ERRO,2026-06-25T19:41:03.541Z
853ff21d-d861-4848-be12-b2a615950de9,user11,d83a4eb5-112c-4d4e-895b-737f0085d5dc,1,1,7,ACERTO_VENCEDOR,2026-06-25T19:46:08.612Z
bdbf296f-0e7c-4615-b082-41d7cce29b62,user11,c6a97697-806b-45f8-8deb-24669a074940,1,2,7,ACERTO_VENCEDOR,2026-06-25T19:46:38.831Z
724a5cf5-2db8-4ef9-b88f-2631f7bfc479,user11,d7a304b0-482e-46d8-b50b-d250885daf98,0,2,5,ACERTO_VENCEDOR,2026-06-25T19:46:57.894Z
5b79f0c9-b275-4fb0-9820-2f24df494c5f,user11,360b9169-fffe-42c2-a352-481e999c5c10,1,1,10,ACERTO_PLACAR,2026-06-25T19:50:25.774Z
382607d0-26b8-4987-b3aa-e500065db5cd,user11,af891675-71a4-4e36-9820-710f18ef9e27,1,1,0,ERRO,2026-06-25T19:50:37.250Z
a28bf3e6-d7ca-4762-810b-812d20300ae8,user11,044a487b-ee61-4547-b15b-84630aae8b47,0,3,7,ACERTO_VENCEDOR,2026-06-25T19:50:50.324Z
fcbaf8af-1ed4-4574-91b4-873d7fe2bb1d,user11,d048e70a-4271-483f-828e-5b0f3a2c32a2,1,2,0,ERRO,2026-06-25T19:51:02.160Z
b976b1b4-fef0-46d3-835e-9e5fc12f1635,user11,509c27bb-9832-4145-8630-c309ac6b50cb,2,1,7,ACERTO_VENCEDOR,2026-06-25T19:51:16.435Z
dc7361ff-f5ad-4c49-8b60-caeaa8eb7484,user11,b59a5f79-d8a9-4ad4-a99e-643e36491858,0,3,7,ACERTO_VENCEDOR,2026-06-25T19:51:40.580Z
cd6de949-217b-4f8b-82cf-d96372765c59,user11,5e870695-b61c-467b-91db-d4361d873104,1,2,0,ERRO,2026-06-25T19:51:55.494Z
00b560fb-91cc-430e-a50e-7ab8e70d2361,user145,e5959d04-83c8-4037-81fc-1133f95064c2,2,1,0,ERRO,2026-06-25T20:15:34.501Z
c0941f38-99d8-4377-80da-abf90b888206,user145,4e538c8b-876c-4009-849a-761125544175,1,3,0,ERRO,2026-06-25T20:15:37.242Z
dbc69870-cea6-4ba6-a550-043d7993aca9,user145,908bbff6-9327-41c0-995f-29581a5f84ab,0,4,5,ACERTO_VENCEDOR,2026-06-25T20:15:41.920Z
ebc912fa-4b96-4b1f-8852-a0d151ab2d91,user145,c7b8c1b3-52ad-4bef-81d9-1969853ba187,2,2,7,ACERTO_VENCEDOR,2026-06-25T20:16:24.199Z
843a4951-6c10-4e89-bbe2-86a0f0f03f43,user117,c7b8c1b3-52ad-4bef-81d9-1969853ba187,1,0,0,ERRO,2026-06-25T20:28:40.345Z
c5bcbfbc-b852-4cca-ad81-fa828abbd631,user117,908bbff6-9327-41c0-995f-29581a5f84ab,0,4,5,ACERTO_VENCEDOR,2026-06-25T20:28:41.078Z
764daed6-7824-4f1c-acad-175f209ab09c,user117,e5959d04-83c8-4037-81fc-1133f95064c2,1,1,7,ACERTO_VENCEDOR,2026-06-25T20:28:42.065Z
c9442690-09ef-41ac-a683-d04fdb09087f,user117,4e538c8b-876c-4009-849a-761125544175,0,3,0,ERRO,2026-06-25T20:28:42.308Z
66495b0b-d56f-4bbf-96e4-d135dfd78447,user117,8e4c2b7f-aab6-4c6d-b181-7a637a728533,3,0,7,ACERTO_VENCEDOR,2026-06-25T20:30:15.100Z
8fb0e11f-3ea5-4886-a5a2-ed53ce426b94,user117,276fc045-6d8a-40af-ba22-7e5c4b51e177,2,3,5,ACERTO_VENCEDOR,2026-06-25T20:30:15.381Z
e2be3992-1ba2-4995-8b58-fe87cb5bd574,user117,b59a5f79-d8a9-4ad4-a99e-643e36491858,0,3,7,ACERTO_VENCEDOR,2026-06-25T20:30:15.662Z
305a9aec-97bb-44e6-9f45-9b518fed9b91,user117,360b9169-fffe-42c2-a352-481e999c5c10,2,1,0,ERRO,2026-06-25T20:30:15.942Z
45dfa63b-7a2b-4527-a1bb-723a4f4da550,user117,d7a304b0-482e-46d8-b50b-d250885daf98,1,2,7,ACERTO_VENCEDOR,2026-06-25T20:30:16.222Z
e3778084-9d18-4d36-9a86-54d4d6381492,user117,af891675-71a4-4e36-9820-710f18ef9e27,1,2,0,ERRO,2026-06-25T20:30:16.504Z
5cead9d1-9e4a-4e68-85b8-c5e7ff68969d,user117,d048e70a-4271-483f-828e-5b0f3a2c32a2,1,3,0,ERRO,2026-06-25T20:30:16.785Z
a613f8ef-353c-46fc-8b09-bad108ea12de,user117,044a487b-ee61-4547-b15b-84630aae8b47,0,2,10,ACERTO_PLACAR,2026-06-25T20:30:17.065Z
fd9fdcea-6378-404f-af2f-6f3cf50c5be6,user117,d83a4eb5-112c-4d4e-895b-737f0085d5dc,1,0,0,ERRO,2026-06-25T20:30:17.346Z
bbb81ae5-8fd1-4b48-ab7e-23225ad61d10,user117,509c27bb-9832-4145-8630-c309ac6b50cb,1,1,0,ERRO,2026-06-25T20:30:17.627Z
c10b0cc1-a84a-4d7e-a165-51a141806ac7,user117,5e870695-b61c-467b-91db-d4361d873104,1,2,0,ERRO,2026-06-25T20:30:17.908Z
6a0fb4fc-b288-4a72-a3b6-e8adc160de99,user117,c6a97697-806b-45f8-8deb-24669a074940,0,3,7,ACERTO_VENCEDOR,2026-06-25T20:30:18.189Z
6ca8803d-a320-4538-ac1f-dd82b7d9ed6a,user3,908bbff6-9327-41c0-995f-29581a5f84ab,0,3,7,ACERTO_VENCEDOR,2026-06-25T20:33:39.841Z
6d26978f-5f86-4e44-b68c-667469ec8dc6,user3,4e538c8b-876c-4009-849a-761125544175,1,2,0,ERRO,2026-06-25T20:33:51.859Z
2cf68c99-3edb-48ff-bec6-870e29760d15,user3,e5959d04-83c8-4037-81fc-1133f95064c2,0,2,0,ERRO,2026-06-25T20:33:59.928Z
fb52f13f-0801-490d-acab-0127657de0a4,user106,c7b8c1b3-52ad-4bef-81d9-1969853ba187,2,1,0,ERRO,2026-06-25T22:12:13.749Z
768eb96c-da30-4c5d-9c83-c86edd3918fc,user106,908bbff6-9327-41c0-995f-29581a5f84ab,1,4,7,ACERTO_VENCEDOR,2026-06-25T22:12:24.891Z
62547614-2850-4cae-8f26-1b791cdd57bf,user106,4e538c8b-876c-4009-849a-761125544175,2,1,7,ACERTO_VENCEDOR,2026-06-25T22:12:41.040Z
3a2ddefd-b64b-436a-b8b8-d08c17a3f673,user3,c7b8c1b3-52ad-4bef-81d9-1969853ba187,2,0,0,ERRO,2026-06-25T22:12:44.432Z
977782a8-2110-480b-9c2f-2251aceacbb3,user106,e5959d04-83c8-4037-81fc-1133f95064c2,2,1,0,ERRO,2026-06-25T22:12:49.906Z
d658c528-4d6a-4a23-a637-44354a1f18b5,user9,c7b8c1b3-52ad-4bef-81d9-1969853ba187,2,1,0,ERRO,2026-06-25T22:30:36.155Z
c09f4399-c7f0-421c-958e-faa97cb4971a,user9,908bbff6-9327-41c0-995f-29581a5f84ab,0,3,7,ACERTO_VENCEDOR,2026-06-25T22:30:42.146Z
208719c8-940c-408a-8728-b2d9603ee3ce,user9,4e538c8b-876c-4009-849a-761125544175,1,2,0,ERRO,2026-06-25T22:31:02.525Z
1b6cd6ce-03ff-4071-84f9-025069bd4196,user9,e5959d04-83c8-4037-81fc-1133f95064c2,0,2,0,ERRO,2026-06-25T22:31:08.801Z
d7474ef6-e835-4558-ae7a-730ef6284fde,user139,276fc045-6d8a-40af-ba22-7e5c4b51e177,2,3,5,ACERTO_VENCEDOR,2026-06-26T01:07:04.833Z
84743c70-7070-441e-ab7e-f7df70c97d44,user139,8e4c2b7f-aab6-4c6d-b181-7a637a728533,3,1,5,ACERTO_VENCEDOR,2026-06-26T01:07:12.176Z
f173c151-b7ab-4e42-a81e-667490557174,user139,d83a4eb5-112c-4d4e-895b-737f0085d5dc,3,0,0,ERRO,2026-06-26T01:07:20.396Z
7bcf1532-7722-48a1-932b-fd6d0c15f588,user76,360b9169-fffe-42c2-a352-481e999c5c10,0,0,7,ACERTO_VENCEDOR,2026-06-26T01:13:02.045Z
758545f5-e4c4-4890-bf5a-2bcb0c178f3a,user76,b59a5f79-d8a9-4ad4-a99e-643e36491858,0,4,5,ACERTO_VENCEDOR,2026-06-26T01:13:02.862Z
cdd2bc19-8a25-4538-860e-c2327e2140f0,user76,509c27bb-9832-4145-8630-c309ac6b50cb,1,1,0,ERRO,2026-06-26T01:13:03.134Z
c295aa2c-cb60-4dbe-ac4d-f70bb1249d29,user76,d048e70a-4271-483f-828e-5b0f3a2c32a2,2,2,7,ACERTO_VENCEDOR,2026-06-26T01:13:03.407Z
040976ab-c388-4a16-a56d-7c10c5470589,user76,276fc045-6d8a-40af-ba22-7e5c4b51e177,1,1,0,ERRO,2026-06-26T01:13:03.679Z
3b5ba1a0-4309-4fa2-b2c5-1e84b32911a8,user76,e5959d04-83c8-4037-81fc-1133f95064c2,2,1,0,ERRO,2026-06-26T01:13:03.951Z
7383dc59-e7ba-4edc-b25f-2705a211e1f7,user76,4e538c8b-876c-4009-849a-761125544175,1,2,0,ERRO,2026-06-26T01:13:04.223Z
b206033c-32d0-4b38-b7ae-b3cb080026fe,user76,5e870695-b61c-467b-91db-d4361d873104,0,1,0,ERRO,2026-06-26T01:13:04.494Z
4d781814-5b57-41ac-a500-a365fb41a5e7,user76,8e4c2b7f-aab6-4c6d-b181-7a637a728533,1,1,0,ERRO,2026-06-26T01:13:05.695Z
b20e5fb7-ba20-4295-99e0-d9665f562d55,user76,af891675-71a4-4e36-9820-710f18ef9e27,2,0,7,ACERTO_VENCEDOR,2026-06-26T01:13:07.169Z
0ffbecf4-3b2d-4e25-85cf-30bfb7e577f9,user76,d83a4eb5-112c-4d4e-895b-737f0085d5dc,2,1,0,ERRO,2026-06-26T01:13:07.442Z
646d7e86-047b-4d46-a521-8f7508d13f92,user76,d7a304b0-482e-46d8-b50b-d250885daf98,0,2,5,ACERTO_VENCEDOR,2026-06-26T01:13:08.789Z
02e7de64-5ad7-4793-aa1d-a633ad662eac,user76,044a487b-ee61-4547-b15b-84630aae8b47,1,2,7,ACERTO_VENCEDOR,2026-06-26T01:13:09.060Z
1b607522-47e1-49bb-b831-8229c98d1117,user76,c6a97697-806b-45f8-8deb-24669a074940,1,2,7,ACERTO_VENCEDOR,2026-06-26T01:14:58.814Z
2eeda878-dd2e-431a-9926-2ee0bdd38a43,user83,c6a97697-806b-45f8-8deb-24669a074940,0,2,7,ACERTO_VENCEDOR,2026-06-26T02:47:34.918Z
db95cf78-ec11-4831-812e-1ea3094082ae,user83,d83a4eb5-112c-4d4e-895b-737f0085d5dc,2,0,0,ERRO,2026-06-26T02:47:35.179Z
04510eda-5663-4529-8842-aedfddaa123f,user83,b59a5f79-d8a9-4ad4-a99e-643e36491858,0,3,7,ACERTO_VENCEDOR,2026-06-26T02:48:51.258Z
13c97da1-3600-4dc3-b4f7-7b2b068a9558,user83,5e870695-b61c-467b-91db-d4361d873104,1,0,0,ERRO,2026-06-26T02:48:52.570Z
a4fcfcb4-0bb5-4139-b2b6-730fc1464cd5,user83,276fc045-6d8a-40af-ba22-7e5c4b51e177,1,2,7,ACERTO_VENCEDOR,2026-06-26T02:49:17.752Z
139b7a45-ac1b-4d1a-b5a4-7a023d09e351,user83,8e4c2b7f-aab6-4c6d-b181-7a637a728533,2,1,5,ACERTO_VENCEDOR,2026-06-26T02:49:18.013Z
2f6ed6c2-dd53-471f-a2ae-46582b2dc6fa,user83,360b9169-fffe-42c2-a352-481e999c5c10,1,0,0,ERRO,2026-06-26T02:51:28.028Z
ef576695-da60-4ba8-b68c-2d3e9c0e4012,user83,509c27bb-9832-4145-8630-c309ac6b50cb,1,0,5,ACERTO_VENCEDOR,2026-06-26T02:51:30.414Z
f226f93a-d878-432d-9c8f-2af59c6b3fcd,user83,d048e70a-4271-483f-828e-5b0f3a2c32a2,1,0,0,ERRO,2026-06-26T02:51:30.943Z
d59a2359-b88d-4d54-9038-6a82162ac6ea,user83,af891675-71a4-4e36-9820-710f18ef9e27,0,1,0,ERRO,2026-06-26T02:51:31.208Z
a898c94c-eadd-4ff7-98a0-9efc684c7d74,user83,d7a304b0-482e-46d8-b50b-d250885daf98,2,0,0,ERRO,2026-06-26T02:51:31.473Z
18a7bbe9-d210-4692-bfc8-32efc3f0ac1b,user83,044a487b-ee61-4547-b15b-84630aae8b47,1,0,0,ERRO,2026-06-26T02:51:32.536Z
f33b341e-2e33-47c1-9e29-a11dcb7edc3f,user40,276fc045-6d8a-40af-ba22-7e5c4b51e177,0,2,5,ACERTO_VENCEDOR,2026-06-26T04:31:39.977Z
cd82a205-db8d-48eb-abe5-b880991f66dc,user40,8e4c2b7f-aab6-4c6d-b181-7a637a728533,3,1,5,ACERTO_VENCEDOR,2026-06-26T04:31:48.571Z
b4d392c1-4d87-4da5-b613-7374d8c8be26,user40,d83a4eb5-112c-4d4e-895b-737f0085d5dc,3,0,0,ERRO,2026-06-26T04:31:56.488Z
3805cee0-7cd4-4b54-96cc-61d1a1182ae7,user40,c6a97697-806b-45f8-8deb-24669a074940,1,1,0,ERRO,2026-06-26T04:32:05.763Z
52ebb71c-f6e3-48b7-9cc0-90ec4fe91a3a,user40,360b9169-fffe-42c2-a352-481e999c5c10,2,0,0,ERRO,2026-06-26T04:32:19.865Z
55611b6d-0e91-475e-84cf-f0ed1eebf895,user40,d7a304b0-482e-46d8-b50b-d250885daf98,2,2,0,ERRO,2026-06-26T04:32:29.126Z
1fc04a63-6207-47aa-b809-fca720ffd924,user16,276fc045-6d8a-40af-ba22-7e5c4b51e177,2,3,5,ACERTO_VENCEDOR,2026-06-26T04:34:46.295Z
ae8764fd-1ac3-4c0c-ab0a-7350afffe521,user16,8e4c2b7f-aab6-4c6d-b181-7a637a728533,2,1,5,ACERTO_VENCEDOR,2026-06-26T04:35:03.524Z
148c3aab-bf93-4d78-bb22-1865bedac51e,user16,d83a4eb5-112c-4d4e-895b-737f0085d5dc,2,0,0,ERRO,2026-06-26T04:36:28.564Z
9564e5b4-f5fc-45dd-8ca6-9ea67d3470cd,user16,c6a97697-806b-45f8-8deb-24669a074940,2,1,0,ERRO,2026-06-26T04:36:29.895Z
3c547358-9844-42c2-90b1-ef8850caf897,user16,360b9169-fffe-42c2-a352-481e999c5c10,3,1,0,ERRO,2026-06-26T04:37:02.562Z
327ccfe2-250f-4fbd-b87e-367950b60982,user16,d7a304b0-482e-46d8-b50b-d250885daf98,1,2,7,ACERTO_VENCEDOR,2026-06-26T04:37:07.138Z
270b7a13-9a99-4f07-9a2a-647122112cdd,user183,276fc045-6d8a-40af-ba22-7e5c4b51e177,1,3,7,ACERTO_VENCEDOR,2026-06-26T04:52:22.668Z
950c4bcd-f6b7-4324-8190-737d6cbed98e,user183,8e4c2b7f-aab6-4c6d-b181-7a637a728533,3,1,5,ACERTO_VENCEDOR,2026-06-26T04:53:26.731Z
76c150e7-c906-4bec-897f-910f89500ece,user183,d83a4eb5-112c-4d4e-895b-737f0085d5dc,2,2,7,ACERTO_VENCEDOR,2026-06-26T04:53:34.407Z
b3bc1a85-7193-484f-b4c7-c1efdd581ca1,user183,c6a97697-806b-45f8-8deb-24669a074940,2,3,7,ACERTO_VENCEDOR,2026-06-26T04:54:09.959Z
cd692a15-e338-4371-8cfd-a13d276d39d8,user183,d7a304b0-482e-46d8-b50b-d250885daf98,1,4,7,ACERTO_VENCEDOR,2026-06-26T04:56:31.568Z
df3b7033-9d2c-4095-bb8a-965efef8af19,user183,360b9169-fffe-42c2-a352-481e999c5c10,3,1,0,ERRO,2026-06-26T04:56:35.677Z
b97c8b4e-180c-48fe-9ed7-c9d2d60422f2,user129,276fc045-6d8a-40af-ba22-7e5c4b51e177,1,2,7,ACERTO_VENCEDOR,2026-06-26T08:56:56.718Z
5e45d8f9-f126-4efa-9cf4-61ae058c2886,user129,8e4c2b7f-aab6-4c6d-b181-7a637a728533,2,0,7,ACERTO_VENCEDOR,2026-06-26T08:57:13.870Z
daf31a0a-5725-412c-a556-87caaada5587,user129,d83a4eb5-112c-4d4e-895b-737f0085d5dc,0,0,10,ACERTO_PLACAR,2026-06-26T08:57:41.170Z
b0c7e982-b864-4709-bed1-a9737bd8428c,user129,c6a97697-806b-45f8-8deb-24669a074940,2,2,0,ERRO,2026-06-26T08:58:14.190Z
8159f2db-0ee6-40fb-9e8e-54217c443ec7,user129,360b9169-fffe-42c2-a352-481e999c5c10,2,0,0,ERRO,2026-06-26T08:58:30.460Z
a507d525-37cb-457d-b072-680625b6ed12,user129,d7a304b0-482e-46d8-b50b-d250885daf98,0,1,5,ACERTO_VENCEDOR,2026-06-26T08:58:56.478Z
7deab2c1-0173-4fb9-8a5c-90a2d33815cc,user99,276fc045-6d8a-40af-ba22-7e5c4b51e177,3,2,0,ERRO,2026-06-26T11:21:06.283Z
644521cf-be6c-4cd6-8053-0a38917f80b0,user99,8e4c2b7f-aab6-4c6d-b181-7a637a728533,1,0,7,ACERTO_VENCEDOR,2026-06-26T11:21:14.124Z
06765d62-5615-4851-8c04-3cdf738eaa35,user99,d83a4eb5-112c-4d4e-895b-737f0085d5dc,1,0,0,ERRO,2026-06-26T11:21:24.093Z
c3238b08-9a4a-4c27-9122-947feebc1ea3,user99,c6a97697-806b-45f8-8deb-24669a074940,1,0,0,ERRO,2026-06-26T11:21:31.027Z
fa6161b6-b240-4a14-88aa-0193b78f446d,user99,360b9169-fffe-42c2-a352-481e999c5c10,1,2,0,ERRO,2026-06-26T11:21:43.618Z
9d8fa437-4376-49f5-a5e9-041d83ede02e,user99,d7a304b0-482e-46d8-b50b-d250885daf98,2,0,0,ERRO,2026-06-26T11:22:03.946Z
92a63f61-2dee-4dd3-a379-60fb3616fe02,user184,276fc045-6d8a-40af-ba22-7e5c4b51e177,2,3,5,ACERTO_VENCEDOR,2026-06-26T12:16:24.950Z
94d6c6dd-ac48-4246-84fd-348df61cf4ef,user184,8e4c2b7f-aab6-4c6d-b181-7a637a728533,2,0,7,ACERTO_VENCEDOR,2026-06-26T12:16:33.547Z
9aab33f1-a6b2-4e6f-a8d8-d2a9d64aa380,user184,d83a4eb5-112c-4d4e-895b-737f0085d5dc,2,0,0,ERRO,2026-06-26T12:16:47.109Z
90b59678-76f8-4aa1-90ba-d306a7b15c45,user184,c6a97697-806b-45f8-8deb-24669a074940,1,2,7,ACERTO_VENCEDOR,2026-06-26T12:16:59.943Z
e253ea43-d99d-4735-bed4-c0af94246ff4,user184,360b9169-fffe-42c2-a352-481e999c5c10,3,0,0,ERRO,2026-06-26T12:17:25.065Z
7c4a0ab2-6d00-421c-8846-634f62991adf,user184,d7a304b0-482e-46d8-b50b-d250885daf98,1,3,7,ACERTO_VENCEDOR,2026-06-26T12:17:38.079Z
5f69b1f9-bf04-4015-a523-f720e0a1e243,user1,276fc045-6d8a-40af-ba22-7e5c4b51e177,1,3,7,ACERTO_VENCEDOR,2026-06-26T12:42:42.296Z
0c82c7c2-2e3f-4656-8a94-6230fb6f6239,user2,276fc045-6d8a-40af-ba22-7e5c4b51e177,1,2,7,ACERTO_VENCEDOR,2026-06-26T12:42:46.866Z
223850bf-e928-418c-89da-2fad41cf9e89,user1,8e4c2b7f-aab6-4c6d-b181-7a637a728533,3,1,5,ACERTO_VENCEDOR,2026-06-26T12:42:48.647Z
0962e992-8f5c-4915-bbc6-891f62b3a64f,user1,d83a4eb5-112c-4d4e-895b-737f0085d5dc,1,0,0,ERRO,2026-06-26T12:42:53.623Z
de3a23bc-4a2b-4da6-9b89-5ffeafcec0c3,user2,8e4c2b7f-aab6-4c6d-b181-7a637a728533,2,0,7,ACERTO_VENCEDOR,2026-06-26T12:42:57.268Z
12ec7dae-8276-471e-a1c9-8173e305c12f,user1,c6a97697-806b-45f8-8deb-24669a074940,1,3,5,ACERTO_VENCEDOR,2026-06-26T12:42:59.650Z
c94cfc50-cf1f-4012-a496-0f719220374d,user1,360b9169-fffe-42c2-a352-481e999c5c10,2,0,0,ERRO,2026-06-26T12:43:06.389Z
ecec02f1-506d-48d8-8cfe-ce65f7af156c,user2,d83a4eb5-112c-4d4e-895b-737f0085d5dc,1,0,0,ERRO,2026-06-26T12:43:09.829Z
29164fc0-eb1b-4b93-9505-1c6b77dcc30b,user1,d7a304b0-482e-46d8-b50b-d250885daf98,1,2,7,ACERTO_VENCEDOR,2026-06-26T12:43:14.789Z
05df592e-91b5-4a98-949e-efa4e1763696,user2,c6a97697-806b-45f8-8deb-24669a074940,1,3,5,ACERTO_VENCEDOR,2026-06-26T12:43:20.206Z
5d0cb4d8-8051-46ab-9f57-c71de950a78a,user2,360b9169-fffe-42c2-a352-481e999c5c10,2,2,7,ACERTO_VENCEDOR,2026-06-26T12:43:34.252Z
2c83129f-ea41-4ee1-992a-d6d9977f6f36,user2,d7a304b0-482e-46d8-b50b-d250885daf98,1,1,0,ERRO,2026-06-26T12:43:47.983Z
915fca42-36dd-4d79-8a2d-a84d03c2a716,user8,d7a304b0-482e-46d8-b50b-d250885daf98,1,2,7,ACERTO_VENCEDOR,2026-06-26T13:56:25.064Z
4af05baa-a78d-4741-9476-3b77ff4ab831,user54,276fc045-6d8a-40af-ba22-7e5c4b51e177,0,2,5,ACERTO_VENCEDOR,2026-06-26T14:23:01.564Z
207ebc30-6b58-46af-afa0-ca6f3265e77f,user54,8e4c2b7f-aab6-4c6d-b181-7a637a728533,1,0,7,ACERTO_VENCEDOR,2026-06-26T14:23:07.973Z
bc042e9d-6af4-4b15-9ca5-f6794aa51242,user54,d83a4eb5-112c-4d4e-895b-737f0085d5dc,1,1,7,ACERTO_VENCEDOR,2026-06-26T14:23:17.393Z
fc8a3dcf-8361-4ee3-ade5-f593ddc7483e,user54,c6a97697-806b-45f8-8deb-24669a074940,1,2,7,ACERTO_VENCEDOR,2026-06-26T14:23:24.773Z
b95a4823-8389-4fa5-8441-0b4c4fd97c90,user54,360b9169-fffe-42c2-a352-481e999c5c10,2,1,0,ERRO,2026-06-26T14:23:32.672Z
6701164e-3794-4ddc-ad51-0ee2f25cc47f,user54,d7a304b0-482e-46d8-b50b-d250885daf98,1,1,0,ERRO,2026-06-26T14:23:40.112Z
9809a33c-4ebd-4c24-90ce-8efd0a29ac9d,user12,276fc045-6d8a-40af-ba22-7e5c4b51e177,1,2,7,ACERTO_VENCEDOR,2026-06-26T14:56:59.136Z
83db14de-fd86-4d20-b346-c314d6835434,user12,8e4c2b7f-aab6-4c6d-b181-7a637a728533,2,0,7,ACERTO_VENCEDOR,2026-06-26T14:57:09.421Z
2e5907ed-eac4-44b2-9854-60e016be65b3,user12,d83a4eb5-112c-4d4e-895b-737f0085d5dc,1,1,7,ACERTO_VENCEDOR,2026-06-26T14:57:19.300Z
92564e69-c560-44a0-9285-ef402dfe7734,user12,c6a97697-806b-45f8-8deb-24669a074940,1,3,5,ACERTO_VENCEDOR,2026-06-26T14:57:28.163Z
02ee2876-9842-41a7-9427-d44079501b94,user12,360b9169-fffe-42c2-a352-481e999c5c10,0,0,7,ACERTO_VENCEDOR,2026-06-26T14:57:37.438Z
6ff0067b-c4e8-4ca8-bd28-0ca9683110f6,user12,d7a304b0-482e-46d8-b50b-d250885daf98,1,3,7,ACERTO_VENCEDOR,2026-06-26T14:57:49.053Z
c0191598-e56a-4232-b099-3b4e5d49d769,user17,276fc045-6d8a-40af-ba22-7e5c4b51e177,0,3,7,ACERTO_VENCEDOR,2026-06-26T15:15:26.560Z
dc199cbd-7a2e-41c7-8def-b4e5069838bc,user17,8e4c2b7f-aab6-4c6d-b181-7a637a728533,2,1,5,ACERTO_VENCEDOR,2026-06-26T15:15:37.565Z
734b853a-6b1f-4cc5-b911-2471d55d1ef9,user17,d83a4eb5-112c-4d4e-895b-737f0085d5dc,2,0,0,ERRO,2026-06-26T15:15:46.100Z
2e0733d4-1177-472d-9f36-038e017f9e05,user17,c6a97697-806b-45f8-8deb-24669a074940,1,3,5,ACERTO_VENCEDOR,2026-06-26T15:16:05.972Z
6918b5f6-5e23-47b3-89b3-5e8a64276ba5,user17,360b9169-fffe-42c2-a352-481e999c5c10,2,0,0,ERRO,2026-06-26T15:16:16.052Z
781bd030-4c01-4200-b798-57188f701b35,user17,d7a304b0-482e-46d8-b50b-d250885daf98,0,2,5,ACERTO_VENCEDOR,2026-06-26T15:16:31.437Z
1a7623e4-3241-4ea9-814b-3d656419cb97,user160,276fc045-6d8a-40af-ba22-7e5c4b51e177,2,3,5,ACERTO_VENCEDOR,2026-06-26T15:29:19.642Z
c51be8df-c612-4c94-b675-b073754f977c,user160,8e4c2b7f-aab6-4c6d-b181-7a637a728533,4,1,5,ACERTO_VENCEDOR,2026-06-26T15:29:31.467Z
f78da8ff-cd19-4692-913f-85c7e44df61a,user160,d83a4eb5-112c-4d4e-895b-737f0085d5dc,1,2,0,ERRO,2026-06-26T15:29:41.383Z
ff474bad-a979-4822-9ffd-eb651aba0cfc,user160,c6a97697-806b-45f8-8deb-24669a074940,1,3,5,ACERTO_VENCEDOR,2026-06-26T15:29:51.650Z
02ef81f3-637e-4dcf-add2-a075b75d3232,user160,360b9169-fffe-42c2-a352-481e999c5c10,2,2,7,ACERTO_VENCEDOR,2026-06-26T15:30:07.249Z
1db237dc-397a-4fd5-b95f-9380ed8feaab,user160,d7a304b0-482e-46d8-b50b-d250885daf98,0,1,5,ACERTO_VENCEDOR,2026-06-26T15:30:21.626Z
0bf40567-9e21-4c3b-a143-2396c7cb4e25,user75,276fc045-6d8a-40af-ba22-7e5c4b51e177,2,3,5,ACERTO_VENCEDOR,2026-06-26T16:30:38.464Z
bc9540f6-2d99-4c30-95e8-131bb813d74e,user75,8e4c2b7f-aab6-4c6d-b181-7a637a728533,2,1,5,ACERTO_VENCEDOR,2026-06-26T16:30:39.926Z
c97a7567-ac37-4d1d-bf32-1543d0d614ce,user75,d83a4eb5-112c-4d4e-895b-737f0085d5dc,2,0,0,ERRO,2026-06-26T16:30:49.043Z
ef2087fd-3797-4ae5-903e-6d081b5c9bb3,user75,c6a97697-806b-45f8-8deb-24669a074940,1,2,7,ACERTO_VENCEDOR,2026-06-26T16:31:07.926Z
d43e987b-4ca4-40c8-8c55-32fd12a77eb5,user75,360b9169-fffe-42c2-a352-481e999c5c10,2,0,0,ERRO,2026-06-26T16:31:15.369Z
0a5679a4-f2ed-4fe6-80c7-b24c1590a686,user75,d7a304b0-482e-46d8-b50b-d250885daf98,1,2,7,ACERTO_VENCEDOR,2026-06-26T16:31:23.413Z
0c180fb2-2e59-4c77-9ad7-6a00fdc2f5a7,user35,276fc045-6d8a-40af-ba22-7e5c4b51e177,1,3,7,ACERTO_VENCEDOR,2026-06-26T16:40:45.387Z
fe0f1906-ffc9-4726-88ab-d2997cb7a661,user35,8e4c2b7f-aab6-4c6d-b181-7a637a728533,2,1,5,ACERTO_VENCEDOR,2026-06-26T16:41:04.778Z
e78428fc-f614-4db9-8722-9dd584d106ef,user35,d83a4eb5-112c-4d4e-895b-737f0085d5dc,2,0,0,ERRO,2026-06-26T16:42:23.440Z
3ade1ee3-ec3e-436d-8871-5be54824fd00,user35,c6a97697-806b-45f8-8deb-24669a074940,1,2,7,ACERTO_VENCEDOR,2026-06-26T16:42:23.731Z
d65a124d-1d4f-4f6f-97fd-a68d8088220d,user35,360b9169-fffe-42c2-a352-481e999c5c10,1,1,10,ACERTO_PLACAR,2026-06-26T16:43:31.137Z
2ad067d6-db1c-4fdd-9b7e-bd27cfb1fcb5,user126,276fc045-6d8a-40af-ba22-7e5c4b51e177,0,3,7,ACERTO_VENCEDOR,2026-06-26T17:12:18.741Z
7b00b5a6-c2d8-4fdc-92c2-13236d627da4,user126,d83a4eb5-112c-4d4e-895b-737f0085d5dc,1,1,7,ACERTO_VENCEDOR,2026-06-26T17:12:26.098Z
5b8ef02f-cc83-4ca6-8081-71b6303c6cd1,user126,c6a97697-806b-45f8-8deb-24669a074940,1,2,7,ACERTO_VENCEDOR,2026-06-26T17:12:34.721Z
cb8ed4a9-50ed-4806-9b58-e562239cd4e3,user126,360b9169-fffe-42c2-a352-481e999c5c10,2,0,0,ERRO,2026-06-26T17:12:42.524Z
b829eff2-2978-4689-aed2-cde9e740ac41,user126,d7a304b0-482e-46d8-b50b-d250885daf98,0,3,5,ACERTO_VENCEDOR,2026-06-26T17:12:50.573Z
2e355874-6d21-4f36-8f8b-203e76f8a97d,user126,044a487b-ee61-4547-b15b-84630aae8b47,0,4,7,ACERTO_VENCEDOR,2026-06-26T17:13:15.728Z
d2ef5d5f-19fd-4e6a-9a99-45a3c0627634,user126,d048e70a-4271-483f-828e-5b0f3a2c32a2,0,1,0,ERRO,2026-06-26T17:13:23.373Z
0ba973d8-e669-4cfc-b6f1-475f3b087160,user126,509c27bb-9832-4145-8630-c309ac6b50cb,2,0,7,ACERTO_VENCEDOR,2026-06-26T17:13:30.806Z
72e35275-6301-4804-9b3d-e6159f80ff99,user126,5e870695-b61c-467b-91db-d4361d873104,1,2,0,ERRO,2026-06-26T17:13:39.420Z
16a3bdea-3d40-4c99-9953-570126705287,user113,276fc045-6d8a-40af-ba22-7e5c4b51e177,2,1,0,ERRO,2026-06-26T17:31:27.926Z
373379fa-239a-4ec9-8a43-89deda3463bc,user113,8e4c2b7f-aab6-4c6d-b181-7a637a728533,2,0,7,ACERTO_VENCEDOR,2026-06-26T17:31:36.275Z
0c14b715-16b9-4f33-b0fb-19609e3fedde,user113,d83a4eb5-112c-4d4e-895b-737f0085d5dc,1,1,7,ACERTO_VENCEDOR,2026-06-26T17:31:42.778Z
8bc14b1a-b286-413d-a38b-1ea94b826ff6,user113,c6a97697-806b-45f8-8deb-24669a074940,2,3,7,ACERTO_VENCEDOR,2026-06-26T17:31:50.210Z
60d84ba2-c3f4-4af8-818f-4bcf001fa97a,user113,360b9169-fffe-42c2-a352-481e999c5c10,0,1,0,ERRO,2026-06-26T17:32:03.674Z
17d04173-27e8-479c-81ed-3f01452e5006,user113,d7a304b0-482e-46d8-b50b-d250885daf98,0,3,5,ACERTO_VENCEDOR,2026-06-26T17:32:35.815Z
97201500-88e2-4db1-a890-310230d9eed5,user134,d83a4eb5-112c-4d4e-895b-737f0085d5dc,1,1,7,ACERTO_VENCEDOR,2026-06-26T18:01:26.489Z
fd5be844-7fd4-40d7-b473-f878f3519c27,user134,8e4c2b7f-aab6-4c6d-b181-7a637a728533,2,0,7,ACERTO_VENCEDOR,2026-06-26T18:01:26.750Z
39cba3ce-40c7-4772-8fc1-5e848c8a599d,user134,d7a304b0-482e-46d8-b50b-d250885daf98,0,3,5,ACERTO_VENCEDOR,2026-06-26T18:01:27.011Z
f657513f-0da9-4120-994a-07357e515808,user134,360b9169-fffe-42c2-a352-481e999c5c10,1,1,10,ACERTO_PLACAR,2026-06-26T18:01:27.272Z
9f2eb2d3-75bb-4f9b-a8d6-21c5540ca6e9,user134,276fc045-6d8a-40af-ba22-7e5c4b51e177,1,2,7,ACERTO_VENCEDOR,2026-06-26T18:01:27.531Z
43890bf8-8058-4198-a29f-cf7061d447b9,user134,c6a97697-806b-45f8-8deb-24669a074940,0,1,10,ACERTO_PLACAR,2026-06-26T18:01:27.799Z
02648c5a-cb1d-40f3-8e18-116a9ba6b71b,user145,d7a304b0-482e-46d8-b50b-d250885daf98,1,4,7,ACERTO_VENCEDOR,2026-06-26T18:13:28.014Z
7e7efc2d-45d7-494d-8a5d-9b5b987d27f0,user145,360b9169-fffe-42c2-a352-481e999c5c10,3,1,0,ERRO,2026-06-26T18:13:29.436Z
f9527447-c8c0-4dc4-be8b-53eedcebd6b0,user145,c6a97697-806b-45f8-8deb-24669a074940,2,1,0,ERRO,2026-06-26T18:13:31.755Z
a08d4e2a-c5b1-436e-9ba3-27fbe191c04b,user145,d83a4eb5-112c-4d4e-895b-737f0085d5dc,2,1,0,ERRO,2026-06-26T18:13:32.660Z
293193c5-cd4c-4e2f-a26f-a242b79b0992,user145,8e4c2b7f-aab6-4c6d-b181-7a637a728533,3,1,5,ACERTO_VENCEDOR,2026-06-26T18:13:35.848Z
f466fbe3-239f-4580-93ca-608da9a6ff8e,user145,276fc045-6d8a-40af-ba22-7e5c4b51e177,3,2,0,ERRO,2026-06-26T18:13:36.132Z
94ae7ac7-a4ca-4d1b-b89f-58ae87b99a7b,user5,276fc045-6d8a-40af-ba22-7e5c4b51e177,0,2,5,ACERTO_VENCEDOR,2026-06-26T18:27:07.810Z
a88df775-b9b4-4056-a186-0e1686d81100,user5,8e4c2b7f-aab6-4c6d-b181-7a637a728533,3,0,7,ACERTO_VENCEDOR,2026-06-26T18:27:13.087Z
5f4f5473-570c-41ee-8091-22629428a469,user5,d83a4eb5-112c-4d4e-895b-737f0085d5dc,1,2,0,ERRO,2026-06-26T18:27:17.253Z
e944e561-b343-45f5-93a3-5cd390922b92,user5,c6a97697-806b-45f8-8deb-24669a074940,1,2,7,ACERTO_VENCEDOR,2026-06-26T18:27:25.935Z
7a71f8ad-b72b-46dc-b63d-a8a4a5670911,user4,276fc045-6d8a-40af-ba22-7e5c4b51e177,1,3,7,ACERTO_VENCEDOR,2026-06-26T18:27:38.151Z
07548b65-86b4-4919-bffc-15580e6c91d4,user4,8e4c2b7f-aab6-4c6d-b181-7a637a728533,2,0,7,ACERTO_VENCEDOR,2026-06-26T18:27:43.814Z
49ff0d06-9fe2-400a-ac28-169b0bfc44fd,user5,360b9169-fffe-42c2-a352-481e999c5c10,3,2,0,ERRO,2026-06-26T18:27:46.268Z
e191009a-bcca-413a-82eb-a8e381ced2e0,user4,d83a4eb5-112c-4d4e-895b-737f0085d5dc,1,0,0,ERRO,2026-06-26T18:27:52.973Z
7e955c51-9ce8-4a0d-87ef-69cd8bacea38,user5,d7a304b0-482e-46d8-b50b-d250885daf98,0,2,5,ACERTO_VENCEDOR,2026-06-26T18:27:53.265Z
06d0d9c4-14ef-48b4-8b60-b851f3d12bbb,user4,c6a97697-806b-45f8-8deb-24669a074940,1,2,7,ACERTO_VENCEDOR,2026-06-26T18:28:00.194Z
f1069d02-d6d0-4c85-a669-a353b2896825,user4,360b9169-fffe-42c2-a352-481e999c5c10,2,0,0,ERRO,2026-06-26T18:28:16.447Z
d648e61f-5b75-4e6a-aaff-fb1436e1b02c,user4,d7a304b0-482e-46d8-b50b-d250885daf98,1,3,7,ACERTO_VENCEDOR,2026-06-26T18:28:26.562Z
25e2249d-c49f-4a5f-b075-7ca352cbe647,user177,276fc045-6d8a-40af-ba22-7e5c4b51e177,2,3,5,ACERTO_VENCEDOR,2026-06-26T18:43:13.890Z
44df7280-8c28-4fa0-8a5c-bac041f280f1,user177,8e4c2b7f-aab6-4c6d-b181-7a637a728533,3,1,5,ACERTO_VENCEDOR,2026-06-26T18:43:18.530Z
923cd02c-073e-47d5-93dc-b2e65f32fba1,user136,276fc045-6d8a-40af-ba22-7e5c4b51e177,2,3,5,ACERTO_VENCEDOR,2026-06-26T18:46:20.064Z
432142cd-1226-4b5f-a078-ade68be8d56a,user136,8e4c2b7f-aab6-4c6d-b181-7a637a728533,2,1,5,ACERTO_VENCEDOR,2026-06-26T18:46:41.860Z
a30d3ec3-335b-448a-af82-c92139728330,user136,d83a4eb5-112c-4d4e-895b-737f0085d5dc,2,0,0,ERRO,2026-06-26T18:46:56.453Z
887e3153-b7c7-4d9e-9554-2228beb77a84,user136,c6a97697-806b-45f8-8deb-24669a074940,1,2,7,ACERTO_VENCEDOR,2026-06-26T18:47:12.288Z
3bd7545d-44b7-4413-9c1d-ee8156909a68,user136,360b9169-fffe-42c2-a352-481e999c5c10,2,0,0,ERRO,2026-06-26T18:47:21.948Z
62e09748-83eb-4848-9aa2-d984c36f83a7,user136,d7a304b0-482e-46d8-b50b-d250885daf98,1,0,0,ERRO,2026-06-26T18:47:53.043Z
3de036e3-574c-4f61-bc0d-90bb04bacea7,user3,d83a4eb5-112c-4d4e-895b-737f0085d5dc,1,0,0,ERRO,2026-06-26T19:09:36.634Z
4fb48f18-da1c-478b-9dbb-ebd34ea2e117,user3,c6a97697-806b-45f8-8deb-24669a074940,1,3,5,ACERTO_VENCEDOR,2026-06-26T19:09:42.541Z
ad40fff5-62e9-4a71-bed9-acdb1f46d8cf,user3,360b9169-fffe-42c2-a352-481e999c5c10,2,0,0,ERRO,2026-06-26T19:09:51.706Z
809ef3fa-b739-418c-b267-bc994f0d4057,user3,d7a304b0-482e-46d8-b50b-d250885daf98,0,2,5,ACERTO_VENCEDOR,2026-06-26T19:10:06.058Z
545c7b32-4e90-4315-a880-daf5b49b2f49,user119,d7a304b0-482e-46d8-b50b-d250885daf98,1,3,7,ACERTO_VENCEDOR,2026-06-26T19:39:50.671Z
f28437be-ffc0-47c0-934a-0f9bd52011b9,user119,360b9169-fffe-42c2-a352-481e999c5c10,2,0,0,ERRO,2026-06-26T19:39:50.914Z
0843788c-ce03-45f5-974c-e3ccde2001f8,user119,d83a4eb5-112c-4d4e-895b-737f0085d5dc,2,0,0,ERRO,2026-06-26T19:39:51.158Z
c3235f19-ed6e-4fc1-b626-c4ccda4153ea,user119,c6a97697-806b-45f8-8deb-24669a074940,2,3,7,ACERTO_VENCEDOR,2026-06-26T19:39:51.401Z
ec9a02cc-31a7-4a18-9b3b-afc329e93bb9,user119,509c27bb-9832-4145-8630-c309ac6b50cb,1,0,5,ACERTO_VENCEDOR,2026-06-26T19:40:24.951Z
9656d683-f3e6-42b0-b6f1-28d0a0caa47a,user119,d048e70a-4271-483f-828e-5b0f3a2c32a2,0,3,0,ERRO,2026-06-26T19:40:25.194Z
3a2190be-383e-4515-97b6-e48039d5a547,user119,af891675-71a4-4e36-9820-710f18ef9e27,2,1,10,ACERTO_PLACAR,2026-06-26T19:40:25.438Z
9a33bbde-1b6c-4140-b096-3cc37be634e8,user139,c6a97697-806b-45f8-8deb-24669a074940,1,2,7,ACERTO_VENCEDOR,2026-06-26T20:28:20.149Z
af0e7f97-e0c0-41f5-b8e8-7d3a3854f4f5,user139,d7a304b0-482e-46d8-b50b-d250885daf98,1,3,7,ACERTO_VENCEDOR,2026-06-26T20:28:36.186Z
6b0dc96f-d6a7-4681-905a-fbe54d6d69d3,user139,360b9169-fffe-42c2-a352-481e999c5c10,3,0,0,ERRO,2026-06-26T20:28:37.410Z
6b7a2381-b192-49c2-90a3-9d0e05dc7a9e,user9,d83a4eb5-112c-4d4e-895b-737f0085d5dc,2,1,0,ERRO,2026-06-26T21:36:30.522Z
eb6b67de-0ff4-48f0-9da7-ece05fa18453,user9,c6a97697-806b-45f8-8deb-24669a074940,0,3,7,ACERTO_VENCEDOR,2026-06-26T21:36:43.438Z
af0f7f65-4baa-4dfe-a5ae-c2248b253b1f,user9,360b9169-fffe-42c2-a352-481e999c5c10,1,0,0,ERRO,2026-06-26T21:36:52.602Z
0835816c-0744-4fa2-b1c2-ad462bd126b7,user9,d7a304b0-482e-46d8-b50b-d250885daf98,0,2,5,ACERTO_VENCEDOR,2026-06-26T21:37:03.183Z
00dfc6fc-7934-4f9f-bcac-c13100fe6753,user177,d83a4eb5-112c-4d4e-895b-737f0085d5dc,2,1,0,ERRO,2026-06-26T22:08:39.871Z
050d60c4-2185-47a7-96ef-a2f1a656bb1e,user177,c6a97697-806b-45f8-8deb-24669a074940,1,3,5,ACERTO_VENCEDOR,2026-06-26T22:08:48.880Z
007fc842-9c62-404d-9c9b-af971cabeb9a,user177,d7a304b0-482e-46d8-b50b-d250885daf98,0,2,5,ACERTO_VENCEDOR,2026-06-26T22:08:57.624Z
baa75de3-bc40-4a42-b683-33e3512cd3e7,user177,360b9169-fffe-42c2-a352-481e999c5c10,1,1,10,ACERTO_PLACAR,2026-06-26T22:09:20.742Z
9ea97029-4344-4acb-85e5-2bf3b778e412,user40,044a487b-ee61-4547-b15b-84630aae8b47,0,2,10,ACERTO_PLACAR,2026-06-27T02:09:12.335Z
96d0362d-d029-4d5a-b8a0-c4686922565f,user40,af891675-71a4-4e36-9820-710f18ef9e27,2,2,0,ERRO,2026-06-27T02:09:16.744Z
054f1916-49ec-4f24-966c-de99167f1e9a,user40,509c27bb-9832-4145-8630-c309ac6b50cb,2,0,7,ACERTO_VENCEDOR,2026-06-27T02:09:20.480Z
4048401e-0965-4ab4-b67c-90d81e3b5e03,user40,d048e70a-4271-483f-828e-5b0f3a2c32a2,2,1,0,ERRO,2026-06-27T02:09:25.353Z
ef258da3-7f07-448b-b17d-0885201a9417,user40,b59a5f79-d8a9-4ad4-a99e-643e36491858,1,3,10,ACERTO_PLACAR,2026-06-27T02:09:30.220Z
3205219a-cd9c-488d-a878-26fbb8976e80,user40,5e870695-b61c-467b-91db-d4361d873104,0,2,0,ERRO,2026-06-27T02:09:43.495Z
ba59cf66-9aac-4bbd-ae9e-680ff361aa06,user129,044a487b-ee61-4547-b15b-84630aae8b47,0,3,7,ACERTO_VENCEDOR,2026-06-27T02:28:10.286Z
8ce196ee-4bb2-4217-97bd-9c2ca2765ca0,user129,af891675-71a4-4e36-9820-710f18ef9e27,2,0,7,ACERTO_VENCEDOR,2026-06-27T02:28:13.029Z
ecd12f03-72c0-4eef-8cf8-0f7e144b5ef8,user129,509c27bb-9832-4145-8630-c309ac6b50cb,1,1,0,ERRO,2026-06-27T02:28:32.457Z
d134d063-f34a-4f74-8c47-62ff104db0f6,user129,d048e70a-4271-483f-828e-5b0f3a2c32a2,1,1,7,ACERTO_VENCEDOR,2026-06-27T02:29:02.999Z
2a51087e-67f5-4551-95f9-f717d2c6250c,user129,b59a5f79-d8a9-4ad4-a99e-643e36491858,0,5,5,ACERTO_VENCEDOR,2026-06-27T02:29:15.115Z
43d29280-27ca-4222-bbcf-52fc8243adcc,user129,5e870695-b61c-467b-91db-d4361d873104,1,2,0,ERRO,2026-06-27T02:29:34.789Z
14c8917e-f652-4f8f-bfbd-7c37d27cbfac,user129,ecae4b2c-7bfc-4571-91b5-a432eb75590c,0,1,15,ACERTO_PLACAR,2026-06-27T02:29:59.543Z
67a8399b-c4f8-4829-8444-3ca457580f91,user129,a21590e7-aebe-4567-86d6-9f0438253499,2,1,15,ACERTO_PLACAR,2026-06-27T02:30:43.014Z
92154377-23ac-48d6-891a-b48601a96860,user129,a97d7a61-3abf-4d9d-951f-faccaf20057a,2,2,15,ACERTO_VENCEDOR,2026-06-27T02:31:28.595Z
b098593d-fb18-40d6-a771-ab96e9df2876,user129,d93d8dec-d202-40a3-8957-a021688ac596,0,2,10,ACERTO_VENCEDOR,2026-06-27T02:31:41.286Z
f82ad550-f82b-4196-9fbb-c7cebac5cfa7,user91,a21590e7-aebe-4567-86d6-9f0438253499,3,1,10,ACERTO_VENCEDOR,2026-06-27T04:07:39.540Z
746b04be-4f44-4e7b-8826-ba9bfce3ee24,user91,ecae4b2c-7bfc-4571-91b5-a432eb75590c,1,2,10,ACERTO_VENCEDOR,2026-06-27T04:07:47.165Z
9c3d150b-3d52-44a2-9ed4-7b1edd4751ef,user91,a97d7a61-3abf-4d9d-951f-faccaf20057a,3,2,0,ERRO,2026-06-27T04:08:11.485Z
2256f53b-e7f6-4756-8a73-b8807c040386,user91,d93d8dec-d202-40a3-8957-a021688ac596,2,3,10,ACERTO_VENCEDOR,2026-06-27T04:08:38.930Z
14296730-a9a4-4602-854b-9a96f1d9152a,user3,044a487b-ee61-4547-b15b-84630aae8b47,0,3,7,ACERTO_VENCEDOR,2026-06-27T05:09:53.496Z
70f1b6f5-9d86-417b-bd75-fa21649bd13e,user3,af891675-71a4-4e36-9820-710f18ef9e27,2,1,10,ACERTO_PLACAR,2026-06-27T05:09:58.267Z
11b41a81-479e-41b1-89a9-21f3db0880a8,user3,d048e70a-4271-483f-828e-5b0f3a2c32a2,0,2,0,ERRO,2026-06-27T05:10:27.927Z
d57c78da-5638-4592-bc16-80186c6b9cea,user3,509c27bb-9832-4145-8630-c309ac6b50cb,2,0,7,ACERTO_VENCEDOR,2026-06-27T05:10:38.118Z
05a83062-763c-4d1e-abcf-b7c4da3161a3,user3,5e870695-b61c-467b-91db-d4361d873104,2,1,0,ERRO,2026-06-27T05:11:06.832Z
7f5fec94-3688-40e0-a7f4-14a25964a89e,user3,b59a5f79-d8a9-4ad4-a99e-643e36491858,0,3,7,ACERTO_VENCEDOR,2026-06-27T05:11:15.810Z
6a91f254-142f-42b4-8e77-52c09fd9a9a7,user12,044a487b-ee61-4547-b15b-84630aae8b47,0,3,7,ACERTO_VENCEDOR,2026-06-27T05:47:55.765Z
c72eb8a6-73f5-44c4-8220-78e85e8460ab,user12,af891675-71a4-4e36-9820-710f18ef9e27,1,1,0,ERRO,2026-06-27T05:48:15.143Z
ea767617-b535-4d60-9c03-fdb44464b7b0,user12,5e870695-b61c-467b-91db-d4361d873104,0,2,0,ERRO,2026-06-27T05:49:19.820Z
b13c993c-2e94-4a53-81cc-b746edb20574,user12,b59a5f79-d8a9-4ad4-a99e-643e36491858,0,4,5,ACERTO_VENCEDOR,2026-06-27T05:49:35.184Z
11de662a-d340-4d9c-9ffe-d076d31a0b79,user139,044a487b-ee61-4547-b15b-84630aae8b47,1,4,5,ACERTO_VENCEDOR,2026-06-27T06:38:20.899Z
d47d18c0-97e2-4231-91e2-9827f1c7383d,user139,af891675-71a4-4e36-9820-710f18ef9e27,1,2,0,ERRO,2026-06-27T06:38:30.683Z
00da802b-0f44-4d24-bd30-1ac2fd623a52,user139,d048e70a-4271-483f-828e-5b0f3a2c32a2,3,1,0,ERRO,2026-06-27T06:38:33.098Z
1ecd4664-b7b6-48bf-901d-b68eb5b32505,user139,509c27bb-9832-4145-8630-c309ac6b50cb,3,1,10,ACERTO_PLACAR,2026-06-27T06:38:37.234Z
83af54b3-1c2c-4d0c-afc4-029ef5eeabbd,user139,5e870695-b61c-467b-91db-d4361d873104,2,2,7,ACERTO_VENCEDOR,2026-06-27T06:38:44.313Z
3c2a9ad2-f874-4acd-9495-290562c50b09,user139,b59a5f79-d8a9-4ad4-a99e-643e36491858,0,4,5,ACERTO_VENCEDOR,2026-06-27T06:38:50.155Z
afefe806-5c11-4f9e-81ae-066adb9fbfcb,user1,5e870695-b61c-467b-91db-d4361d873104,0,2,0,ERRO,2026-06-27T09:29:21.423Z
602afcbe-63ba-448e-b5d8-bd8da666d539,user1,af891675-71a4-4e36-9820-710f18ef9e27,2,1,10,ACERTO_PLACAR,2026-06-27T09:29:21.662Z
c9c53606-8d53-4770-a58d-61ecb007dc01,user1,509c27bb-9832-4145-8630-c309ac6b50cb,1,0,5,ACERTO_VENCEDOR,2026-06-27T09:29:21.902Z
396dab11-d35b-4c63-8759-628beb308979,user1,b59a5f79-d8a9-4ad4-a99e-643e36491858,1,3,10,ACERTO_PLACAR,2026-06-27T09:29:22.142Z
eb8c362f-24fc-4fd7-87a9-49ac20630602,user1,044a487b-ee61-4547-b15b-84630aae8b47,1,3,7,ACERTO_VENCEDOR,2026-06-27T09:29:22.381Z
66fdc740-da2f-4442-9b4a-969ccfcccfa7,user1,d048e70a-4271-483f-828e-5b0f3a2c32a2,2,2,7,ACERTO_VENCEDOR,2026-06-27T09:29:22.627Z
114daf36-fbcf-48de-9007-9404471bc3f7,user75,044a487b-ee61-4547-b15b-84630aae8b47,0,3,7,ACERTO_VENCEDOR,2026-06-27T12:19:11.063Z
ef59668c-e1b5-41ed-b1f4-505c5863c8f0,user17,044a487b-ee61-4547-b15b-84630aae8b47,0,4,7,ACERTO_VENCEDOR,2026-06-27T14:55:52.445Z
c4057431-bb9b-481b-9586-1f411bcf056a,user17,af891675-71a4-4e36-9820-710f18ef9e27,2,0,7,ACERTO_VENCEDOR,2026-06-27T14:56:01.236Z
b544169a-2552-4794-9548-d34f9f6cbba2,user17,d048e70a-4271-483f-828e-5b0f3a2c32a2,1,3,0,ERRO,2026-06-27T14:56:15.176Z
79aff2e6-fff5-4753-aac2-317ab20c2517,user17,509c27bb-9832-4145-8630-c309ac6b50cb,1,2,0,ERRO,2026-06-27T14:56:24.627Z
e84615df-b730-4554-b1f8-3fffdbeb6815,user17,5e870695-b61c-467b-91db-d4361d873104,1,1,7,ACERTO_VENCEDOR,2026-06-27T14:56:35.536Z
699af121-699e-4d73-8ade-7165865688a0,user17,b59a5f79-d8a9-4ad4-a99e-643e36491858,0,4,5,ACERTO_VENCEDOR,2026-06-27T14:56:44.285Z
5691803d-bde2-4519-bc26-7e6afe5d1c03,user5,044a487b-ee61-4547-b15b-84630aae8b47,0,3,7,ACERTO_VENCEDOR,2026-06-27T15:53:47.183Z
9ea37cc2-771e-40f3-8bee-9d1f3e2d27bb,user5,5e870695-b61c-467b-91db-d4361d873104,1,1,7,ACERTO_VENCEDOR,2026-06-27T15:53:47.466Z
ca6a4612-9e90-45c5-8796-46aeecc4a7d9,user5,b59a5f79-d8a9-4ad4-a99e-643e36491858,1,3,10,ACERTO_PLACAR,2026-06-27T15:53:47.766Z
9f3cf210-e277-4db9-879a-5b2513eb69e0,user5,509c27bb-9832-4145-8630-c309ac6b50cb,2,0,7,ACERTO_VENCEDOR,2026-06-27T15:53:48.049Z
fbdd1d58-096f-49e1-99d7-3fff0aa61b1b,user5,d048e70a-4271-483f-828e-5b0f3a2c32a2,2,2,7,ACERTO_VENCEDOR,2026-06-27T15:53:48.331Z
307e684e-3735-407b-8afc-d6032ca82744,user5,af891675-71a4-4e36-9820-710f18ef9e27,2,0,7,ACERTO_VENCEDOR,2026-06-27T15:53:48.614Z
1d73e0ce-34a3-4e93-991d-4fe399c3039e,user16,044a487b-ee61-4547-b15b-84630aae8b47,0,4,7,ACERTO_VENCEDOR,2026-06-27T17:44:32.335Z
a1ea777d-cbfb-4060-bbd7-cd27c50b86d3,user16,af891675-71a4-4e36-9820-710f18ef9e27,1,2,0,ERRO,2026-06-27T17:44:38.712Z
cebdd5e5-030c-4380-9ff8-539b6ac0b1ae,user16,d048e70a-4271-483f-828e-5b0f3a2c32a2,1,3,0,ERRO,2026-06-27T17:44:46.361Z
4d5a2434-d528-4c03-95db-39ecd044445d,user16,509c27bb-9832-4145-8630-c309ac6b50cb,2,1,7,ACERTO_VENCEDOR,2026-06-27T17:44:50.982Z
a6a35111-54aa-46cf-b86d-d852982c68ac,user16,5e870695-b61c-467b-91db-d4361d873104,3,0,0,ERRO,2026-06-27T17:44:56.967Z
56461661-32c6-4d45-8bd7-d17522c0d423,user16,b59a5f79-d8a9-4ad4-a99e-643e36491858,0,3,7,ACERTO_VENCEDOR,2026-06-27T17:45:07.969Z
ca7ef832-37ea-46e3-8396-30ff52f548fb,user4,044a487b-ee61-4547-b15b-84630aae8b47,0,2,10,ACERTO_PLACAR,2026-06-27T18:05:01.949Z
76864e88-09b8-4954-ba6e-bea646ab9307,user4,af891675-71a4-4e36-9820-710f18ef9e27,1,0,7,ACERTO_VENCEDOR,2026-06-27T18:05:09.254Z
4f84e035-9019-4c79-9347-d691977f3d99,user4,d048e70a-4271-483f-828e-5b0f3a2c32a2,1,2,0,ERRO,2026-06-27T18:05:16.898Z
ba6d8228-138f-42ff-b80e-bd5bbac861f5,user4,509c27bb-9832-4145-8630-c309ac6b50cb,1,1,0,ERRO,2026-06-27T18:05:26.119Z
170d0d48-4470-4c93-96e5-f5ba16ec5f16,user4,b59a5f79-d8a9-4ad4-a99e-643e36491858,0,3,7,ACERTO_VENCEDOR,2026-06-27T18:05:38.103Z
f1ab22fe-0767-481e-bb45-577e29ef52be,user4,5e870695-b61c-467b-91db-d4361d873104,0,1,0,ERRO,2026-06-27T18:06:02.192Z
6fdd83de-e507-4fbe-8121-3211b8b41219,user156,ecae4b2c-7bfc-4571-91b5-a432eb75590c,1,2,10,ACERTO_VENCEDOR,2026-06-27T18:20:38.083Z
01c18ea5-2fdc-4e70-8f19-ea6cdff5792d,user156,a21590e7-aebe-4567-86d6-9f0438253499,2,0,10,ACERTO_VENCEDOR,2026-06-27T18:20:44.824Z
8f456a6c-5f33-4045-a65e-1f14c6a78f1e,user156,a16013d6-3762-4648-be74-335396e2ad8f,3,0,0,ERRO,2026-06-27T18:20:52.300Z
b2e02e5e-3af6-4147-8b3a-659dc7d5abc4,user156,a97d7a61-3abf-4d9d-951f-faccaf20057a,2,2,10,ACERTO_BONUS,2026-06-27T18:21:08.480Z
3f7420e1-d0b2-489f-9dd1-7c06e9a0e748,user156,d93d8dec-d202-40a3-8957-a021688ac596,1,2,15,ACERTO_PLACAR,2026-06-27T18:21:20.363Z
0d4346b7-6736-4aae-8c2a-c614e4b2a6ae,user156,9bf02b87-7757-4ccc-a30e-513516a17184,3,0,15,ACERTO_PLACAR,2026-06-27T18:21:28.088Z
8ecaf6fa-a824-47a7-b982-5af4f74bb2c0,user177,044a487b-ee61-4547-b15b-84630aae8b47,0,4,7,ACERTO_VENCEDOR,2026-06-27T18:39:09.291Z
90fd2d15-e3af-4bda-ab14-db87e2483242,user177,af891675-71a4-4e36-9820-710f18ef9e27,2,2,0,ERRO,2026-06-27T18:39:15.380Z
4fd483b8-8348-4a8f-af5f-4996d0feaf6f,user177,d048e70a-4271-483f-828e-5b0f3a2c32a2,2,2,7,ACERTO_VENCEDOR,2026-06-27T18:39:25.279Z
0509c313-d30e-41cc-8555-aad6150eb7a4,user177,509c27bb-9832-4145-8630-c309ac6b50cb,2,0,7,ACERTO_VENCEDOR,2026-06-27T18:39:35.241Z
95c39e6a-7b89-4e02-8e25-37a7f1a9f17c,user177,5e870695-b61c-467b-91db-d4361d873104,1,1,7,ACERTO_VENCEDOR,2026-06-27T18:39:40.096Z
4108815d-3103-4406-86f4-5bf6b34df4b5,user177,b59a5f79-d8a9-4ad4-a99e-643e36491858,0,5,5,ACERTO_VENCEDOR,2026-06-27T18:39:45.074Z
e6965582-f5a8-4337-a5f6-49dabcf7e4d2,user35,044a487b-ee61-4547-b15b-84630aae8b47,0,4,7,ACERTO_VENCEDOR,2026-06-27T18:42:48.762Z
31f366a4-ac0c-4eb0-860f-298bbf0da0fd,user35,af891675-71a4-4e36-9820-710f18ef9e27,2,0,7,ACERTO_VENCEDOR,2026-06-27T18:43:30.480Z
2088f410-981a-4463-8899-85792843aac9,user9,044a487b-ee61-4547-b15b-84630aae8b47,0,2,10,ACERTO_PLACAR,2026-06-27T19:43:51.376Z
591768b2-c1ec-4c5f-960f-2075531d76ce,user9,af891675-71a4-4e36-9820-710f18ef9e27,2,1,10,ACERTO_PLACAR,2026-06-27T19:43:57.706Z
3d51b957-d05d-4a1f-a108-59fac08ca15f,user9,d048e70a-4271-483f-828e-5b0f3a2c32a2,1,2,0,ERRO,2026-06-27T19:44:02.496Z
6cf18ad0-0837-4e6a-b996-029283f71441,user9,509c27bb-9832-4145-8630-c309ac6b50cb,3,1,10,ACERTO_PLACAR,2026-06-27T19:44:11.892Z
9df86d85-9859-42ed-999d-d177aff0e397,user9,5e870695-b61c-467b-91db-d4361d873104,0,1,0,ERRO,2026-06-27T19:44:24.999Z
7330fea8-585c-43fb-a5de-b243c786acd0,user9,b59a5f79-d8a9-4ad4-a99e-643e36491858,0,3,7,ACERTO_VENCEDOR,2026-06-27T19:44:28.453Z
6e904a86-9ef5-4f3f-868d-c40a2a60cb53,user160,044a487b-ee61-4547-b15b-84630aae8b47,1,5,5,ACERTO_VENCEDOR,2026-06-27T19:51:15.201Z
40253e64-be71-4aab-9573-ed8273f019ed,user160,af891675-71a4-4e36-9820-710f18ef9e27,1,1,0,ERRO,2026-06-27T19:51:30.395Z
80fe8b9c-8474-4473-b17d-d1711523380e,user160,d048e70a-4271-483f-828e-5b0f3a2c32a2,1,2,0,ERRO,2026-06-27T19:51:36.709Z
28e87080-eaf1-4ab2-84d6-d3be0609ea6d,user160,509c27bb-9832-4145-8630-c309ac6b50cb,3,0,7,ACERTO_VENCEDOR,2026-06-27T19:51:44.875Z
270e8884-d400-4925-a4ac-c4debff60bf9,user160,5e870695-b61c-467b-91db-d4361d873104,1,1,7,ACERTO_VENCEDOR,2026-06-27T19:51:58.475Z
1b0a7713-8a74-45b7-8fa7-b500adc0e43f,user160,b59a5f79-d8a9-4ad4-a99e-643e36491858,0,6,5,ACERTO_VENCEDOR,2026-06-27T19:52:08.733Z
61b43854-ab8b-4c09-8a69-d42d7279196d,user136,044a487b-ee61-4547-b15b-84630aae8b47,0,3,7,ACERTO_VENCEDOR,2026-06-27T20:34:13.416Z
40a758e1-903c-4306-9765-205d03432d25,user136,af891675-71a4-4e36-9820-710f18ef9e27,1,2,0,ERRO,2026-06-27T20:34:22.427Z
a4418224-9aed-469c-b370-7dced4d5e4f6,user136,d048e70a-4271-483f-828e-5b0f3a2c32a2,2,3,0,ERRO,2026-06-27T20:34:30.620Z
be955021-68e6-4f4d-b194-763ff778d2de,user136,509c27bb-9832-4145-8630-c309ac6b50cb,2,1,7,ACERTO_VENCEDOR,2026-06-27T20:34:40.605Z
8ac095b8-ac24-43b0-9800-27bc855aa67b,user136,5e870695-b61c-467b-91db-d4361d873104,2,1,0,ERRO,2026-06-27T20:34:48.567Z
dd20be0c-345d-4d26-a0a2-feb508714a46,user136,b59a5f79-d8a9-4ad4-a99e-643e36491858,1,3,10,ACERTO_PLACAR,2026-06-27T20:34:55.014Z
a9facf38-9dcb-4e8c-be83-73753a83a036,user145,b59a5f79-d8a9-4ad4-a99e-643e36491858,0,4,5,ACERTO_VENCEDOR,2026-06-27T20:42:09.826Z
7dab2259-5a66-4341-84ec-5621d73d309e,user145,5e870695-b61c-467b-91db-d4361d873104,1,2,0,ERRO,2026-06-27T20:42:11.427Z
9f0ac291-684a-46da-9192-759f74d3de73,user145,509c27bb-9832-4145-8630-c309ac6b50cb,2,1,7,ACERTO_VENCEDOR,2026-06-27T20:42:11.693Z
0ed47998-cbe8-45cd-8a5c-0f16c86dc630,user145,d048e70a-4271-483f-828e-5b0f3a2c32a2,1,2,0,ERRO,2026-06-27T20:42:15.541Z
f03b3de5-9980-4742-9fb9-9649e199766c,user145,af891675-71a4-4e36-9820-710f18ef9e27,3,1,7,ACERTO_VENCEDOR,2026-06-27T20:42:16.395Z
66438e44-eba1-49e8-a26c-41d400b0b19b,user145,044a487b-ee61-4547-b15b-84630aae8b47,0,4,7,ACERTO_VENCEDOR,2026-06-27T20:42:16.660Z
29059b45-1a71-44c3-a1cc-70d5e4c20a45,user75,af891675-71a4-4e36-9820-710f18ef9e27,2,1,10,ACERTO_PLACAR,2026-06-27T20:55:37.247Z
e6637bd7-ee4b-46b1-b096-ec8bc1580ea8,user184,d048e70a-4271-483f-828e-5b0f3a2c32a2,3,3,7,ACERTO_VENCEDOR,2026-06-27T22:03:49.527Z
0e4d60bf-81ef-4629-afbc-cdf14cce94be,user184,509c27bb-9832-4145-8630-c309ac6b50cb,2,1,7,ACERTO_VENCEDOR,2026-06-27T22:04:50.064Z
d229d8f6-f218-47c3-9094-064022fcfe46,user184,5e870695-b61c-467b-91db-d4361d873104,1,3,0,ERRO,2026-06-27T22:06:56.983Z
ef2d6853-836c-4762-bc5e-175354957e85,user184,b59a5f79-d8a9-4ad4-a99e-643e36491858,0,4,5,ACERTO_VENCEDOR,2026-06-27T22:07:05.618Z
0b3f0da3-3f92-4829-8b04-382b75dde002,user134,5e870695-b61c-467b-91db-d4361d873104,1,1,7,ACERTO_VENCEDOR,2026-06-27T22:14:49.112Z
0f6608f5-5de9-43f8-a3a1-55591fd00b1e,user134,b59a5f79-d8a9-4ad4-a99e-643e36491858,0,3,7,ACERTO_VENCEDOR,2026-06-27T22:14:49.407Z
c6d7b367-37e9-45fe-ac71-416a3c5b4c8b,user134,509c27bb-9832-4145-8630-c309ac6b50cb,1,0,5,ACERTO_VENCEDOR,2026-06-27T22:14:49.707Z
882aae31-745a-4907-8398-eff5d1fd52ee,user134,d048e70a-4271-483f-828e-5b0f3a2c32a2,1,1,7,ACERTO_VENCEDOR,2026-06-27T22:14:50.004Z
fb401ab9-50da-4ff8-85f4-715ea357a495,user75,d048e70a-4271-483f-828e-5b0f3a2c32a2,1,2,0,ERRO,2026-06-27T23:03:48.110Z
3fd12126-46e8-4a14-8eb3-c75afaba7d32,user113,d048e70a-4271-483f-828e-5b0f3a2c32a2,0,2,0,ERRO,2026-06-27T23:04:09.470Z
e60eba2c-c18b-4674-937d-811175125898,user75,509c27bb-9832-4145-8630-c309ac6b50cb,2,1,7,ACERTO_VENCEDOR,2026-06-27T23:04:35.016Z
6f74092e-cfe7-4e98-965d-f6ef05a0789f,user113,509c27bb-9832-4145-8630-c309ac6b50cb,1,0,5,ACERTO_VENCEDOR,2026-06-27T23:04:42.496Z
bfb1ed57-9d36-4859-87dc-522d3ecbb157,user113,5e870695-b61c-467b-91db-d4361d873104,0,1,0,ERRO,2026-06-27T23:04:53.695Z
9f10f3e3-ec25-4529-90c4-242953c06401,user113,b59a5f79-d8a9-4ad4-a99e-643e36491858,0,7,5,ACERTO_VENCEDOR,2026-06-27T23:05:00.610Z
72ad310c-05a8-45d7-ab4b-923a4aaf3253,user14,5e870695-b61c-467b-91db-d4361d873104,1,2,0,ERRO,2026-06-27T23:41:58.563Z
ea88f06c-5cc8-4389-b9af-d2fb247437c2,user35,5e870695-b61c-467b-91db-d4361d873104,1,2,0,ERRO,2026-06-27T23:50:16.356Z
0e6ba005-bc47-4cfb-8bfd-48545bb4cb36,user35,b59a5f79-d8a9-4ad4-a99e-643e36491858,0,4,5,ACERTO_VENCEDOR,2026-06-27T23:50:31.603Z
a3b94f49-d061-41ac-bf92-297e90ca3ce6,user75,5e870695-b61c-467b-91db-d4361d873104,0,1,0,ERRO,2026-06-28T00:05:27.189Z
a449f579-70d2-4446-80c6-b48ff136bdf1,user75,b59a5f79-d8a9-4ad4-a99e-643e36491858,0,4,5,ACERTO_VENCEDOR,2026-06-28T00:07:10.908Z
f609ad49-e6fc-4a47-ae84-5f7791dbeb66,user183,5e870695-b61c-467b-91db-d4361d873104,1,2,0,ERRO,2026-06-28T01:21:13.412Z
822de29c-1344-4982-b1f9-7f8d4c11fabf,user183,b59a5f79-d8a9-4ad4-a99e-643e36491858,0,3,7,ACERTO_VENCEDOR,2026-06-28T01:21:20.224Z
a37fcd0a-0c42-4ec3-a4d3-4d00da72f5b7,user43,5e870695-b61c-467b-91db-d4361d873104,0,2,0,ERRO,2026-06-28T01:33:08.731Z
b57129ce-22e3-429e-a407-de2577078748,user43,b59a5f79-d8a9-4ad4-a99e-643e36491858,0,6,5,ACERTO_VENCEDOR,2026-06-28T01:33:15.217Z
2ad49139-5e3a-47ad-9ae0-275e3b11367c,user176,5e870695-b61c-467b-91db-d4361d873104,2,3,0,ERRO,2026-06-28T01:41:01.289Z
77c6a078-3bfb-4c08-bd2e-61144d21b8e9,user176,b59a5f79-d8a9-4ad4-a99e-643e36491858,1,4,7,ACERTO_VENCEDOR,2026-06-28T01:41:06.532Z
f003ecf7-885c-4e73-9883-c262603ab733,user160,ecae4b2c-7bfc-4571-91b5-a432eb75590c,1,2,10,ACERTO_VENCEDOR,2026-06-28T01:55:08.434Z
087a3dc0-d5a4-4890-9b5e-54264a933273,user46,ecae4b2c-7bfc-4571-91b5-a432eb75590c,0,1,15,ACERTO_PLACAR,2026-06-28T02:13:30.322Z
5ebe6cff-f13b-4919-9b76-19c5b42e87e9,user28,ecae4b2c-7bfc-4571-91b5-a432eb75590c,1,0,0,ERRO,2026-06-28T02:33:36.893Z
7fdcaa7f-08d2-4ae5-aa77-7c4ea1bdde49,user28,500361c0-756d-4f97-96a5-820633059c0b,0,1,0,ERRO,2026-06-28T02:33:37.746Z
39c8340f-b8ad-4566-afeb-47376b409fc9,user28,f6f03838-c355-4ea7-8a55-ecaf2b16e2f4,1,4,0,ERRO,2026-06-28T02:33:38.029Z
6003d9c4-6e48-419f-9022-a0aee1d40a76,user28,5c1cd95e-7228-4c95-bc04-b3b1e91aa43e,1,0,10,ACERTO_VENCEDOR,2026-06-28T02:33:38.312Z
4192f8ca-66ba-4394-920e-b5d64172c0f5,user28,a97d7a61-3abf-4d9d-951f-faccaf20057a,0,2,0,ERRO,2026-06-28T02:33:38.596Z
db68f845-bec6-4448-8048-6d536b96243c,user28,a21590e7-aebe-4567-86d6-9f0438253499,2,1,15,ACERTO_PLACAR,2026-06-28T02:33:38.881Z
9db190ab-133e-4bf8-ad0d-a7bd410329f0,user28,ed804ac5-a1cb-4eaf-8852-9c06790effe3,0,1,0,ERRO,2026-06-28T02:33:39.165Z
55a4daac-6e58-48c3-ad28-13bd2a9de0ee,user28,a5f5f8bf-7c23-479e-b4c3-2d4868bdd66e,1,1,15,ACERTO_PLACAR,2026-06-28T02:33:39.449Z
76f072c9-6c47-4802-b0a1-6e671425f905,user28,a16013d6-3762-4648-be74-335396e2ad8f,3,2,0,ERRO,2026-06-28T02:33:39.734Z
0df9b1a4-98d6-4d5f-a7e5-f99807218b28,user28,5d64a052-648a-4757-b9d7-fb43a3ecf0fb,2,0,7,ACERTO_VENCEDOR,2026-06-28T02:33:40.017Z
c6d9ece9-2754-4e3b-88f2-abe98a861ae0,user28,a34486b0-e0d6-4c3e-807e-187e4b9c7e76,1,1,0,ERRO,2026-06-28T02:33:40.311Z
941b7a4f-8154-4cf9-a445-17ffeb972627,user28,1240cd20-a0b3-4e27-854f-2219824b7fa0,0,1,0,ERRO,2026-06-28T02:33:41.732Z
364d853d-8670-4e4d-9ecb-89f119c5628d,user28,d93d8dec-d202-40a3-8957-a021688ac596,0,1,10,ACERTO_VENCEDOR,2026-06-28T02:33:42.017Z
ac85bc77-c2ea-44e9-878c-397341a4cf94,user40,ecae4b2c-7bfc-4571-91b5-a432eb75590c,2,1,0,ERRO,2026-06-28T04:07:42.845Z
952fcb16-df93-422a-a422-f2e0f5518c38,user148,ecae4b2c-7bfc-4571-91b5-a432eb75590c,1,2,10,ACERTO_VENCEDOR,2026-06-28T04:07:55.692Z
a8f4205f-d6bb-4029-b39b-c9be1ee1affd,user184,ecae4b2c-7bfc-4571-91b5-a432eb75590c,2,1,0,ERRO,2026-06-28T04:17:50.465Z
0263743f-80e8-4c9a-948b-f48346e99bd9,user91,a34486b0-e0d6-4c3e-807e-187e4b9c7e76,2,1,10,ACERTO_VENCEDOR,2026-06-28T04:34:24.640Z
0341adfc-5436-4476-a315-2bac1cbd7df7,user91,f6f03838-c355-4ea7-8a55-ecaf2b16e2f4,3,0,10,ACERTO_VENCEDOR,2026-06-28T04:34:30.131Z
f3801c68-ea26-4142-b856-bd1062466d93,user91,a5f5f8bf-7c23-479e-b4c3-2d4868bdd66e,1,2,0,ERRO,2026-06-28T04:34:35.518Z
bce20a1c-c9c8-43b0-93a2-e32cfa181d60,user91,500361c0-756d-4f97-96a5-820633059c0b,1,2,0,ERRO,2026-06-28T04:34:43.887Z
877a6301-0b38-45fa-b451-63dcbd646b4a,user91,1240cd20-a0b3-4e27-854f-2219824b7fa0,1,0,10,ACERTO_VENCEDOR,2026-06-28T04:34:50.128Z
f829091b-1786-44de-9276-50e5a676ddc8,user91,5d64a052-648a-4757-b9d7-fb43a3ecf0fb,1,2,0,ERRO,2026-06-28T04:34:54.771Z
9e434e02-7b82-467b-b7f4-30c8717def73,user91,5c1cd95e-7228-4c95-bc04-b3b1e91aa43e,3,1,10,ACERTO_VENCEDOR,2026-06-28T04:35:01.016Z
5563c5fb-584a-4547-9059-374762ac7f21,user91,ed804ac5-a1cb-4eaf-8852-9c06790effe3,2,1,10,ACERTO_VENCEDOR,2026-06-28T04:35:18.455Z
22217414-eb9f-4c8c-a798-ca1be13fc302,user91,9bf02b87-7757-4ccc-a30e-513516a17184,4,1,10,ACERTO_VENCEDOR,2026-06-28T04:35:22.640Z
39c8396a-4917-4736-af66-f1f98db0e2e5,user91,a16013d6-3762-4648-be74-335396e2ad8f,3,1,0,ERRO,2026-06-28T04:35:34.680Z
33e460cd-c33e-4281-8e7b-cc34324e8919,user8,ecae4b2c-7bfc-4571-91b5-a432eb75590c,1,3,7,ACERTO_VENCEDOR,2026-06-28T05:43:30.478Z
0b4747bf-1315-4513-910c-58ef16edb8fe,user8,a21590e7-aebe-4567-86d6-9f0438253499,3,1,10,ACERTO_VENCEDOR,2026-06-28T05:56:44.375Z
8a76b8e1-dab8-43db-9802-0f1e3736b332,user8,a16013d6-3762-4648-be74-335396e2ad8f,3,0,0,ERRO,2026-06-28T05:57:09.667Z
2ce9ec62-5538-49c6-8e86-b72e8d8b93ac,user8,a97d7a61-3abf-4d9d-951f-faccaf20057a,2,1,0,ERRO,2026-06-28T05:57:33.169Z
c1654233-4ff0-40de-9ddb-ce0ca2c6d468,user8,d93d8dec-d202-40a3-8957-a021688ac596,0,2,10,ACERTO_VENCEDOR,2026-06-28T05:57:51.255Z
5699f53a-d7a5-4fb2-b915-e5d9ee0f0298,user8,9bf02b87-7757-4ccc-a30e-513516a17184,3,0,15,ACERTO_PLACAR,2026-06-28T05:58:06.573Z
596fd0c0-5ab6-431c-a708-e3390aeddf3b,user8,ed804ac5-a1cb-4eaf-8852-9c06790effe3,2,0,15,ACERTO_PLACAR,2026-06-28T05:58:23.339Z
f63113b8-d0f4-47f5-9403-b751f3cd6c9b,user8,5c1cd95e-7228-4c95-bc04-b3b1e91aa43e,2,0,10,ACERTO_VENCEDOR,2026-06-28T05:58:39.111Z
31f614cf-4624-4b41-b7a9-a39fea832b53,user8,5d64a052-648a-4757-b9d7-fb43a3ecf0fb,2,2,0,ERRO,2026-06-28T05:59:03.215Z
6cbd5d09-042c-4a18-8157-e96d2db746ed,user8,1240cd20-a0b3-4e27-854f-2219824b7fa0,2,0,15,ACERTO_PLACAR,2026-06-28T05:59:18.002Z
b8281e5a-5cde-4c0d-9af8-232e001790c2,user8,500361c0-756d-4f97-96a5-820633059c0b,1,0,10,ACERTO_VENCEDOR,2026-06-28T05:59:32.964Z
8193bb71-43f7-49c7-8cfc-23efd97431ed,user8,a5f5f8bf-7c23-479e-b4c3-2d4868bdd66e,1,2,0,ERRO,2026-06-28T05:59:53.020Z
db3bea28-cf2f-401d-a0d7-fd1ffd3f7353,user8,f6f03838-c355-4ea7-8a55-ecaf2b16e2f4,3,1,10,ACERTO_VENCEDOR,2026-06-28T06:00:15.384Z
2257139f-af7f-4861-8311-915449a481f6,user8,a34486b0-e0d6-4c3e-807e-187e4b9c7e76,2,2,0,ERRO,2026-06-28T06:00:40.213Z
077b27f0-6cb3-4241-9ef8-5abeea9c1fa1,user129,a16013d6-3762-4648-be74-335396e2ad8f,2,0,0,ERRO,2026-06-28T10:27:55.664Z
bd68d4b9-271a-4bcc-9a0b-6e21176885cb,user129,9bf02b87-7757-4ccc-a30e-513516a17184,3,1,10,ACERTO_VENCEDOR,2026-06-28T10:28:35.423Z
c38dfc89-c18e-458b-85fc-5b04f6417362,user129,5c1cd95e-7228-4c95-bc04-b3b1e91aa43e,1,0,10,ACERTO_VENCEDOR,2026-06-28T10:29:31.285Z
044e968a-6229-46e1-91ba-0c6c13fead46,user129,5d64a052-648a-4757-b9d7-fb43a3ecf0fb,2,1,10,ACERTO_VENCEDOR,2026-06-28T10:29:42.756Z
ba20b994-8b5c-44bb-b552-226e94bd2247,user129,1240cd20-a0b3-4e27-854f-2219824b7fa0,2,1,10,ACERTO_VENCEDOR,2026-06-28T10:30:02.501Z
8957e1a2-e7b2-42cd-8937-2fb2a8d9ae4a,user129,873d7302-6f61-4fa4-8859-9a0e603a7cee,1,0,10,ACERTO_VENCEDOR,2026-06-28T10:30:15.285Z
09c05a9d-2003-4551-b485-aa5a1ce42ff1,user129,500361c0-756d-4f97-96a5-820633059c0b,0,2,0,ERRO,2026-06-28T10:30:30.187Z
4906f105-d2bf-4320-ab9c-627daf175e20,user129,6730aac2-38fd-4988-b570-bd0af1758b20,1,0,10,ACERTO_VENCEDOR,2026-06-28T10:30:48.411Z
7292ef80-20c1-4b65-8f8b-3628f4f4770b,user129,a5f5f8bf-7c23-479e-b4c3-2d4868bdd66e,1,1,15,ACERTO_PLACAR,2026-06-28T10:31:39.828Z
537e761d-0a8b-4b16-9283-4b58c0f78cef,user129,f6f03838-c355-4ea7-8a55-ecaf2b16e2f4,3,0,10,ACERTO_VENCEDOR,2026-06-28T10:32:24.067Z
44f4cbea-45ff-4681-be0e-25a36d5a3b3b,user129,a34486b0-e0d6-4c3e-807e-187e4b9c7e76,2,1,10,ACERTO_VENCEDOR,2026-06-28T10:32:38.037Z
205f17b8-d274-4a47-b2dc-69fd83e12d9f,user129,ed804ac5-a1cb-4eaf-8852-9c06790effe3,1,1,0,ERRO,2026-06-28T10:32:51.941Z
295effab-5ce7-477b-9dc7-2e6862b3297c,user11,ecae4b2c-7bfc-4571-91b5-a432eb75590c,1,3,7,ACERTO_VENCEDOR,2026-06-28T12:47:09.287Z
d2841cc9-9397-4399-94bf-2661ca970611,user11,a21590e7-aebe-4567-86d6-9f0438253499,3,1,10,ACERTO_VENCEDOR,2026-06-28T12:49:35.059Z
648d11b7-203f-4075-b021-b32ceefc1154,user11,d93d8dec-d202-40a3-8957-a021688ac596,1,2,15,ACERTO_PLACAR,2026-06-28T12:54:36.406Z
1e4b12aa-606a-4d2f-b9fe-e894909d70e2,user11,9bf02b87-7757-4ccc-a30e-513516a17184,2,1,7,ACERTO_VENCEDOR,2026-06-28T12:54:58.710Z
430474e0-cd46-44f1-8ece-06c31cfa3cb6,user11,ed804ac5-a1cb-4eaf-8852-9c06790effe3,1,1,0,ERRO,2026-06-28T12:55:57.652Z
0dbfe757-7444-451d-b04f-09b0fb6dc0f3,user91,6730aac2-38fd-4988-b570-bd0af1758b20,2,0,15,ACERTO_PLACAR,2026-06-28T13:29:22.429Z
de05f607-bfae-462f-9e21-1002a3660419,user91,873d7302-6f61-4fa4-8859-9a0e603a7cee,2,1,7,ACERTO_VENCEDOR,2026-06-28T13:29:30.055Z
a434d93f-4843-4367-8db6-c89ee22e20bd,user4,ecae4b2c-7bfc-4571-91b5-a432eb75590c,1,2,10,ACERTO_VENCEDOR,2026-06-28T13:56:04.410Z
51552257-3ca6-4ff8-93c4-ede0e4b48702,user4,a21590e7-aebe-4567-86d6-9f0438253499,3,2,10,ACERTO_VENCEDOR,2026-06-28T13:56:18.897Z
435e897a-6751-409b-9608-b33bd4b0e0cc,user4,a16013d6-3762-4648-be74-335396e2ad8f,3,0,0,ERRO,2026-06-28T13:56:28.220Z
c5eb6a4e-850e-4cb8-a394-c34a78c8a48f,user6,ecae4b2c-7bfc-4571-91b5-a432eb75590c,1,2,10,ACERTO_VENCEDOR,2026-06-28T14:50:50.664Z
c13ef58a-007c-4d14-b609-32fc11b6ba1b,user75,ecae4b2c-7bfc-4571-91b5-a432eb75590c,0,2,10,ACERTO_VENCEDOR,2026-06-28T15:08:12.831Z
31efdbc4-28e1-4c7f-bb6e-8b903aab953a,user162,ecae4b2c-7bfc-4571-91b5-a432eb75590c,2,1,0,ERRO,2026-06-28T15:20:58.178Z
e2be0a76-4a24-49d7-b8fc-9e0ed85d6d3c,user61,ecae4b2c-7bfc-4571-91b5-a432eb75590c,2,1,0,ERRO,2026-06-28T15:31:53.934Z
a6bd26b9-c756-4ea4-8914-603421bf947b,user77,ecae4b2c-7bfc-4571-91b5-a432eb75590c,1,2,10,ACERTO_VENCEDOR,2026-06-28T15:32:24.184Z
7a09d83f-6fbd-4397-8fb2-634f62f89297,user61,a97d7a61-3abf-4d9d-951f-faccaf20057a,0,1,0,ERRO,2026-06-28T15:33:41.420Z
a5caa186-e5cb-43d0-a94e-b1cdc2f9db63,user61,873d7302-6f61-4fa4-8859-9a0e603a7cee,4,1,10,ACERTO_VENCEDOR,2026-06-28T15:33:42.871Z
cfdf942f-dbb1-4627-98fb-1d5c750833ac,user61,1240cd20-a0b3-4e27-854f-2219824b7fa0,3,1,10,ACERTO_VENCEDOR,2026-06-28T15:33:43.163Z
3666d0c7-5705-40b5-88b2-37bc6d49236a,user61,ed804ac5-a1cb-4eaf-8852-9c06790effe3,0,2,0,ERRO,2026-06-28T15:33:43.453Z
4f39dc3b-3b3d-4a72-a431-c48aedcd86f3,user61,5c1cd95e-7228-4c95-bc04-b3b1e91aa43e,2,0,10,ACERTO_VENCEDOR,2026-06-28T15:33:43.744Z
83cce6e7-13d3-4782-9d3a-9ec9a95773eb,user61,a5f5f8bf-7c23-479e-b4c3-2d4868bdd66e,1,0,0,ERRO,2026-06-28T15:33:44.035Z
ff8997b0-f508-4c44-85ed-debf1bd201b6,user61,a16013d6-3762-4648-be74-335396e2ad8f,3,1,0,ERRO,2026-06-28T15:33:44.326Z
a79506d5-4e27-4cf0-83f9-6b1f66c2e8a7,user61,5d64a052-648a-4757-b9d7-fb43a3ecf0fb,1,2,0,ERRO,2026-06-28T15:33:44.615Z
bff9cd9a-536b-438c-b234-8a910be89c02,user61,9bf02b87-7757-4ccc-a30e-513516a17184,5,2,10,ACERTO_VENCEDOR,2026-06-28T15:33:44.906Z
c4b3b50f-df84-4c3d-9d47-bca335de8b44,user61,a21590e7-aebe-4567-86d6-9f0438253499,3,2,10,ACERTO_VENCEDOR,2026-06-28T15:33:45.197Z
8b5d8ac4-c0fe-4979-99ee-c4257f2308ec,user61,f6f03838-c355-4ea7-8a55-ecaf2b16e2f4,5,0,7,ACERTO_VENCEDOR,2026-06-28T15:33:45.487Z
4785a620-f1ca-4e2b-b9fa-fe6a0b533f8a,user61,a34486b0-e0d6-4c3e-807e-187e4b9c7e76,2,0,10,ACERTO_VENCEDOR,2026-06-28T15:33:46.653Z
db6884b5-8278-4455-9690-5f00f68add48,user61,6730aac2-38fd-4988-b570-bd0af1758b20,3,1,10,ACERTO_VENCEDOR,2026-06-28T15:33:47.237Z
112aa9be-695e-4921-beeb-66bed72ba33e,user77,5d64a052-648a-4757-b9d7-fb43a3ecf0fb,0,1,0,ERRO,2026-06-28T15:35:22.203Z
be5c0567-41d4-4d56-b211-33006f3742fa,user77,a16013d6-3762-4648-be74-335396e2ad8f,4,0,0,ERRO,2026-06-28T15:35:25.684Z
311fb039-4ce9-490f-89fd-3ce06d04d622,user77,f6f03838-c355-4ea7-8a55-ecaf2b16e2f4,2,0,7,ACERTO_VENCEDOR,2026-06-28T15:35:25.974Z
2f6f9a02-9e0c-4643-837a-f13d3dbac00c,user77,500361c0-756d-4f97-96a5-820633059c0b,1,2,0,ERRO,2026-06-28T15:35:26.264Z
0b3b9dc9-cab9-43c9-b547-959bb1a82864,user77,873d7302-6f61-4fa4-8859-9a0e603a7cee,3,1,10,ACERTO_VENCEDOR,2026-06-28T15:35:27.492Z
544bf538-f358-4c9d-b08b-7bb548926402,user77,ed804ac5-a1cb-4eaf-8852-9c06790effe3,1,1,0,ERRO,2026-06-28T15:35:27.783Z
62d1d2dd-9efe-479a-b093-eab60202714f,user77,1240cd20-a0b3-4e27-854f-2219824b7fa0,2,0,15,ACERTO_PLACAR,2026-06-28T15:35:28.074Z
411fd868-16df-4d72-aedb-acd7c61e57c2,user77,d93d8dec-d202-40a3-8957-a021688ac596,1,2,15,ACERTO_PLACAR,2026-06-28T15:35:28.364Z
2ce1f26b-b128-456a-bde6-6e1b21b03406,user77,a21590e7-aebe-4567-86d6-9f0438253499,3,1,10,ACERTO_VENCEDOR,2026-06-28T15:35:28.655Z
9cec60a7-8ad8-4db5-8ffc-93af217696f7,user77,9bf02b87-7757-4ccc-a30e-513516a17184,3,0,15,ACERTO_PLACAR,2026-06-28T15:35:28.945Z
4a235be0-6bab-47e2-b115-0798015867c4,user77,a97d7a61-3abf-4d9d-951f-faccaf20057a,2,2,10,ACERTO_BONUS,2026-06-28T15:35:29.236Z
97bcbe17-3fa0-4067-9201-5d486cf22091,user77,5c1cd95e-7228-4c95-bc04-b3b1e91aa43e,2,0,10,ACERTO_VENCEDOR,2026-06-28T15:35:29.526Z
760ac2e9-fcad-4a28-8873-531c4c619e55,user77,a5f5f8bf-7c23-479e-b4c3-2d4868bdd66e,2,2,10,ACERTO_BONUS,2026-06-28T15:35:30.107Z
772828c5-6617-4ea6-8d24-1ea7ee25b9fd,user157,ecae4b2c-7bfc-4571-91b5-a432eb75590c,1,2,10,ACERTO_VENCEDOR,2026-06-28T15:42:09.944Z
ec7aa157-333e-4e14-957c-249291d76336,user157,a21590e7-aebe-4567-86d6-9f0438253499,3,1,10,ACERTO_VENCEDOR,2026-06-28T15:42:39.520Z
02717685-3bd3-43d3-bbd0-b81f9266b5f2,user157,a16013d6-3762-4648-be74-335396e2ad8f,2,0,0,ERRO,2026-06-28T15:42:57.784Z
f5db21ab-0b6f-48ae-837d-71a47c704a8e,user157,9bf02b87-7757-4ccc-a30e-513516a17184,3,0,15,ACERTO_PLACAR,2026-06-28T15:44:48.193Z
7463e6b3-38fa-47b8-a0ed-2cf325b07481,user157,ed804ac5-a1cb-4eaf-8852-9c06790effe3,1,1,0,ERRO,2026-06-28T15:45:16.867Z
3a349e0a-02ec-4807-a73d-b93f037c4637,user157,d93d8dec-d202-40a3-8957-a021688ac596,1,2,15,ACERTO_PLACAR,2026-06-28T15:45:19.750Z
222a5c1d-efe8-46de-865e-eb6a91fdb559,user157,a97d7a61-3abf-4d9d-951f-faccaf20057a,1,1,20,ACERTO_PLACAR,2026-06-28T15:45:21.850Z
729ae67c-fd34-4e53-a1d2-9627a1a6f4f4,user157,5c1cd95e-7228-4c95-bc04-b3b1e91aa43e,2,0,10,ACERTO_VENCEDOR,2026-06-28T15:45:34.015Z
4c38ef1a-ee2f-46e1-b0f2-8ebe58aaae44,user157,5d64a052-648a-4757-b9d7-fb43a3ecf0fb,1,1,0,ERRO,2026-06-28T15:46:12.051Z
d8244991-a3ed-4c25-8e25-c3118aa5daab,user157,1240cd20-a0b3-4e27-854f-2219824b7fa0,2,1,10,ACERTO_VENCEDOR,2026-06-28T15:46:20.075Z
baca34d6-1088-44e6-94e2-723f3681984b,user157,873d7302-6f61-4fa4-8859-9a0e603a7cee,2,0,10,ACERTO_VENCEDOR,2026-06-28T15:46:29.223Z
785cd69b-5499-44fb-a338-66b7e536e8e4,user157,500361c0-756d-4f97-96a5-820633059c0b,2,2,0,ERRO,2026-06-28T15:46:58.466Z
221a21f7-638b-4869-b956-61a06b6a2795,user157,6730aac2-38fd-4988-b570-bd0af1758b20,2,1,10,ACERTO_VENCEDOR,2026-06-28T15:47:12.812Z
c5ee8085-4e04-4037-9912-c834489ff5b7,user157,a5f5f8bf-7c23-479e-b4c3-2d4868bdd66e,1,1,20,ACERTO_PLACAR,2026-06-28T15:47:29.925Z
746a0cc3-5e96-4267-9c70-0589f865a76f,user157,f6f03838-c355-4ea7-8a55-ecaf2b16e2f4,2,0,7,ACERTO_VENCEDOR,2026-06-28T15:47:38.490Z
05efb448-895c-4c41-98ad-07a2d90d6ba6,user157,a34486b0-e0d6-4c3e-807e-187e4b9c7e76,2,2,0,ERRO,2026-06-28T15:47:52.347Z
54e77f81-6368-4dd0-83c5-c31424da3092,user186,ecae4b2c-7bfc-4571-91b5-a432eb75590c,1,2,10,ACERTO_VENCEDOR,2026-06-28T15:54:18.337Z
81823f18-00e4-4fee-8e3c-b6e43b44349a,user46,a21590e7-aebe-4567-86d6-9f0438253499,2,0,10,ACERTO_VENCEDOR,2026-06-28T16:01:13.988Z
05376947-ce8a-468d-bd17-89d6f24341d1,user46,a16013d6-3762-4648-be74-335396e2ad8f,2,0,0,ERRO,2026-06-28T16:01:46.694Z
41a1bad0-9921-4b0a-b626-55dd84a57fe6,user46,a97d7a61-3abf-4d9d-951f-faccaf20057a,1,1,15,ACERTO_PLACAR,2026-06-28T16:02:47.514Z
1bdbb566-9088-4766-bd65-a1c2504dd66f,user46,d93d8dec-d202-40a3-8957-a021688ac596,1,2,15,ACERTO_PLACAR,2026-06-28T16:04:41.432Z
57319ea6-4b77-4c66-b34d-92fa664a3851,user46,9bf02b87-7757-4ccc-a30e-513516a17184,2,0,10,ACERTO_VENCEDOR,2026-06-28T16:05:39.425Z
7ea28d0d-28ad-4b1f-95fe-4704468da4b1,user46,ed804ac5-a1cb-4eaf-8852-9c06790effe3,0,1,0,ERRO,2026-06-28T16:06:02.220Z
ea7b2583-a702-43f9-b05a-161e7ed5049b,user46,5c1cd95e-7228-4c95-bc04-b3b1e91aa43e,2,1,15,ACERTO_PLACAR,2026-06-28T16:06:20.759Z
e7a41461-4756-4767-86d2-976e1f11e01a,user46,5d64a052-648a-4757-b9d7-fb43a3ecf0fb,1,1,0,ERRO,2026-06-28T16:06:44.336Z
b326f3a0-640e-4536-aefd-0e68ec16da9e,user46,873d7302-6f61-4fa4-8859-9a0e603a7cee,2,1,7,ACERTO_VENCEDOR,2026-06-28T16:07:12.067Z
3ef669aa-bd75-4754-bf98-a5beddb09286,user46,500361c0-756d-4f97-96a5-820633059c0b,0,1,0,ERRO,2026-06-28T16:07:29.715Z
838cc754-f2c4-4ba6-b53e-e0bb1158f560,user46,6730aac2-38fd-4988-b570-bd0af1758b20,2,1,10,ACERTO_VENCEDOR,2026-06-28T16:07:42.016Z
8c87d0c8-579e-4292-b4fb-0db2643cf813,user46,a5f5f8bf-7c23-479e-b4c3-2d4868bdd66e,0,2,0,ERRO,2026-06-28T16:07:56.406Z
50137023-1825-4072-9d5d-e832202cbcf4,user46,f6f03838-c355-4ea7-8a55-ecaf2b16e2f4,1,0,10,ACERTO_VENCEDOR,2026-06-28T16:08:13.482Z
262262f2-4876-4c4b-92f5-e993ce3f63d5,user46,a34486b0-e0d6-4c3e-807e-187e4b9c7e76,2,1,10,ACERTO_VENCEDOR,2026-06-28T16:08:39.508Z
192cf8e0-f5a1-437c-9ef6-d8d1acded3c6,user46,1240cd20-a0b3-4e27-854f-2219824b7fa0,1,1,0,ERRO,2026-06-28T16:10:13.729Z
7c9145df-a9f2-4fbf-bcbe-102f9e3d5111,user177,ecae4b2c-7bfc-4571-91b5-a432eb75590c,2,3,10,ACERTO_VENCEDOR,2026-06-28T16:24:31.542Z
6b1c05f0-3154-448b-92a8-33f30437c88e,user43,ecae4b2c-7bfc-4571-91b5-a432eb75590c,0,2,10,ACERTO_VENCEDOR,2026-06-28T16:48:17.483Z
69519734-9549-40af-a5bd-0e091bcb126a,user54,ecae4b2c-7bfc-4571-91b5-a432eb75590c,1,2,10,ACERTO_VENCEDOR,2026-06-28T17:01:52.229Z
58f82a39-0b4c-475e-ad0d-386d0c428b94,user35,ecae4b2c-7bfc-4571-91b5-a432eb75590c,1,2,10,ACERTO_VENCEDOR,2026-06-28T17:04:42.331Z
c456a0e6-c380-44b5-bcc8-866f6480a1f2,user188,ecae4b2c-7bfc-4571-91b5-a432eb75590c,1,3,7,ACERTO_VENCEDOR,2026-06-28T17:05:46.862Z
b30e90d3-67aa-45f1-b71b-a569a0b40313,user188,a21590e7-aebe-4567-86d6-9f0438253499,3,0,7,ACERTO_VENCEDOR,2026-06-28T17:06:01.404Z
0244eecb-5296-44c6-8d0c-e7ab841cb97b,user6,a21590e7-aebe-4567-86d6-9f0438253499,3,1,10,ACERTO_VENCEDOR,2026-06-28T17:14:31.525Z
156c58c9-22d3-4976-97f8-f6e0769db950,user6,a16013d6-3762-4648-be74-335396e2ad8f,3,0,0,ERRO,2026-06-28T17:14:48.354Z
fb56dff5-d790-4556-a80e-1e99dd91f7bd,user6,a97d7a61-3abf-4d9d-951f-faccaf20057a,2,1,0,ERRO,2026-06-28T17:15:16.422Z
fdcad74d-919a-4808-b8b1-e85be8fc2122,user6,d93d8dec-d202-40a3-8957-a021688ac596,0,1,10,ACERTO_VENCEDOR,2026-06-28T17:16:06.993Z
c2f3cb6f-5f8c-4bbc-aec4-b9b09698b485,user6,9bf02b87-7757-4ccc-a30e-513516a17184,3,1,10,ACERTO_VENCEDOR,2026-06-28T17:16:18.411Z
03198b3f-d6e0-4fa4-8dce-85abb0d38c8f,user6,ed804ac5-a1cb-4eaf-8852-9c06790effe3,1,0,10,ACERTO_VENCEDOR,2026-06-28T17:16:28.912Z
9b475d27-a3f3-47c2-81db-9a95e3eb2a4e,user9,ecae4b2c-7bfc-4571-91b5-a432eb75590c,1,2,10,ACERTO_VENCEDOR,2026-06-28T17:18:44.317Z
7a351bde-e385-4075-badb-ca6cb0601a19,user184,a21590e7-aebe-4567-86d6-9f0438253499,2,1,15,ACERTO_PLACAR,2026-06-28T17:19:15.059Z
8bdf2e4b-d86e-444e-8446-443e5e39efc4,user184,a16013d6-3762-4648-be74-335396e2ad8f,4,0,0,ERRO,2026-06-28T17:19:29.425Z
8109ed0f-3dcd-4efa-b4e4-027978cc42b6,user184,a97d7a61-3abf-4d9d-951f-faccaf20057a,3,2,0,ERRO,2026-06-28T17:19:39.205Z
8128eb59-4d0f-46d3-bc82-744e465cf89b,user6,5c1cd95e-7228-4c95-bc04-b3b1e91aa43e,2,0,10,ACERTO_VENCEDOR,2026-06-28T17:27:30.301Z
b8926561-7c81-4033-8258-e2bc5ac325ba,user6,5d64a052-648a-4757-b9d7-fb43a3ecf0fb,1,0,10,ACERTO_VENCEDOR,2026-06-28T17:28:14.090Z
4515cf36-6a7c-44f3-91bd-09b4e0e7fb98,user6,1240cd20-a0b3-4e27-854f-2219824b7fa0,2,0,15,ACERTO_PLACAR,2026-06-28T17:28:34.469Z
166a60eb-5ee5-473c-acad-939e1e82ed76,user6,873d7302-6f61-4fa4-8859-9a0e603a7cee,3,1,10,ACERTO_VENCEDOR,2026-06-28T17:28:43.280Z
c7a68b65-03bd-4cda-8042-e67c2b6430cb,user6,500361c0-756d-4f97-96a5-820633059c0b,3,2,10,ACERTO_VENCEDOR,2026-06-28T17:28:57.736Z
17c69409-565f-4332-a889-566decd9fa0c,user6,6730aac2-38fd-4988-b570-bd0af1758b20,1,1,0,ERRO,2026-06-28T17:30:42.375Z
ab8d4878-69b2-45eb-a9e8-2a8da09c3512,user6,a5f5f8bf-7c23-479e-b4c3-2d4868bdd66e,0,1,0,ERRO,2026-06-28T17:31:04.635Z
17d304dd-81ac-498e-a82d-47ca3e4fadc2,user6,f6f03838-c355-4ea7-8a55-ecaf2b16e2f4,2,0,7,ACERTO_VENCEDOR,2026-06-28T17:31:19.498Z
8bb3324b-1d80-4e35-8d98-fe9f52bee4a8,user6,a34486b0-e0d6-4c3e-807e-187e4b9c7e76,1,0,15,ACERTO_PLACAR,2026-06-28T17:32:09.107Z
e6fb8e1e-2071-43c9-80f9-7686421b0fff,user136,ecae4b2c-7bfc-4571-91b5-a432eb75590c,3,2,0,ERRO,2026-06-28T17:33:25.696Z
4606d9c6-d1d2-40fa-9a62-566301457ed2,user52,ecae4b2c-7bfc-4571-91b5-a432eb75590c,1,3,7,ACERTO_VENCEDOR,2026-06-28T18:09:49.909Z
36b135b0-51d2-4977-b131-e4031a60a857,user5,ecae4b2c-7bfc-4571-91b5-a432eb75590c,1,2,10,ACERTO_VENCEDOR,2026-06-28T18:31:09.236Z
cb74a553-8ac5-43e6-8434-f006a3bf5611,user112,a16013d6-3762-4648-be74-335396e2ad8f,6,0,0,ERRO,2026-06-28T18:35:56.695Z
2565944d-81d1-492f-9a34-d5ad09460b18,user112,5c1cd95e-7228-4c95-bc04-b3b1e91aa43e,6,0,7,ACERTO_VENCEDOR,2026-06-28T18:35:57.576Z
b92159cf-058b-484a-94cf-de80b9d7cbcf,user112,f6f03838-c355-4ea7-8a55-ecaf2b16e2f4,2,0,7,ACERTO_VENCEDOR,2026-06-28T18:35:57.870Z
ca5ed688-651c-406f-8a18-14d9292a4973,user112,a97d7a61-3abf-4d9d-951f-faccaf20057a,1,1,15,ACERTO_PLACAR,2026-06-28T18:35:58.163Z
9872b2bc-781c-4b39-a97f-fce7f304ef68,user112,a21590e7-aebe-4567-86d6-9f0438253499,2,1,15,ACERTO_PLACAR,2026-06-28T18:35:58.458Z
d2ca8c3c-e1c4-41f6-955b-3698b3218f5a,user112,873d7302-6f61-4fa4-8859-9a0e603a7cee,1,0,10,ACERTO_VENCEDOR,2026-06-28T18:35:58.751Z
cc7fcbe9-2557-4961-b3a5-d0fec60f30c9,user112,ed804ac5-a1cb-4eaf-8852-9c06790effe3,2,0,15,ACERTO_PLACAR,2026-06-28T18:35:59.044Z
3ac8cdf6-5f04-436a-998a-a4ddd838cbc7,user112,500361c0-756d-4f97-96a5-820633059c0b,2,1,15,ACERTO_PLACAR,2026-06-28T18:35:59.337Z
457b4826-fbd1-40c8-8e9f-f39d4187f919,user112,9bf02b87-7757-4ccc-a30e-513516a17184,3,1,10,ACERTO_VENCEDOR,2026-06-28T18:35:59.631Z
1fa7e94c-72e3-4d84-b1ca-8697c8c57240,user112,6730aac2-38fd-4988-b570-bd0af1758b20,1,1,0,ERRO,2026-06-28T18:35:59.924Z
999bbdc1-0e6b-475c-adc3-b5122f365680,user112,d93d8dec-d202-40a3-8957-a021688ac596,1,2,15,ACERTO_PLACAR,2026-06-28T18:36:00.807Z
7c7a69c0-01f0-4bb1-bda2-12002499006d,user112,ecae4b2c-7bfc-4571-91b5-a432eb75590c,1,2,10,ACERTO_VENCEDOR,2026-06-28T18:36:02.283Z
d532c318-cdf2-4116-a630-967c28eb6749,user112,1240cd20-a0b3-4e27-854f-2219824b7fa0,3,0,10,ACERTO_VENCEDOR,2026-06-28T18:36:02.576Z
c88c02e7-841f-40f1-86ce-09d113965e33,user112,5d64a052-648a-4757-b9d7-fb43a3ecf0fb,1,0,10,ACERTO_VENCEDOR,2026-06-28T18:36:30.532Z
a1fd7c73-5907-49a3-aa38-53b16bc474cf,user112,a5f5f8bf-7c23-479e-b4c3-2d4868bdd66e,2,1,0,ERRO,2026-06-28T18:36:39.386Z
2670b5b0-7557-468e-aa35-dc3bdb66c049,user112,a34486b0-e0d6-4c3e-807e-187e4b9c7e76,2,1,10,ACERTO_VENCEDOR,2026-06-28T18:36:46.719Z
0a22d0ec-e4d5-4afd-b350-4c250530e45e,user117,ecae4b2c-7bfc-4571-91b5-a432eb75590c,0,2,10,ACERTO_VENCEDOR,2026-06-28T18:58:35.966Z
ed818854-1ddf-4600-b0eb-1ed6651798bb,user117,a21590e7-aebe-4567-86d6-9f0438253499,2,1,15,ACERTO_PLACAR,2026-06-28T18:58:57.774Z
54e28427-87cb-4729-ac00-8163a208a3cd,user117,a16013d6-3762-4648-be74-335396e2ad8f,3,0,0,ERRO,2026-06-28T18:59:05.431Z
0c7ae933-2fb4-45b7-ab68-e959bfb76d08,user117,a97d7a61-3abf-4d9d-951f-faccaf20057a,2,0,0,ERRO,2026-06-28T18:59:17.016Z
b7c38ceb-16bf-49fb-8d0d-49fa01721184,user28,873d7302-6f61-4fa4-8859-9a0e603a7cee,1,2,0,ERRO,2026-06-28T19:31:27.156Z
5644497d-077f-42e0-b188-89c843cf7f02,user155,d93d8dec-d202-40a3-8957-a021688ac596,2,3,10,ACERTO_VENCEDOR,2026-06-28T19:42:07.334Z
d979959f-54f5-46db-92a2-eb7601984f64,user155,f6f03838-c355-4ea7-8a55-ecaf2b16e2f4,4,0,7,ACERTO_VENCEDOR,2026-06-28T19:42:09.237Z
ea055378-c9d3-446f-8504-b0b56829da80,user155,1240cd20-a0b3-4e27-854f-2219824b7fa0,3,1,10,ACERTO_VENCEDOR,2026-06-28T19:42:09.952Z
c3e992ad-286a-4bff-b507-a49f741937a8,user155,ed804ac5-a1cb-4eaf-8852-9c06790effe3,1,1,0,ERRO,2026-06-28T19:42:10.191Z
12ac90dd-8057-4940-99ce-63df90ea96b8,user155,5d64a052-648a-4757-b9d7-fb43a3ecf0fb,1,2,0,ERRO,2026-06-28T19:42:10.429Z
3481b26f-e829-4eb9-bc91-18e071925b29,user155,500361c0-756d-4f97-96a5-820633059c0b,2,1,15,ACERTO_PLACAR,2026-06-28T19:42:10.667Z
4d1b0eb3-c333-47fd-ae30-1b4003df61db,user155,a97d7a61-3abf-4d9d-951f-faccaf20057a,4,1,0,ERRO,2026-06-28T19:42:11.629Z
e8b3a6b3-bffd-4432-8ca7-835d86e7a6f0,user155,a16013d6-3762-4648-be74-335396e2ad8f,4,0,0,ERRO,2026-06-28T19:42:11.867Z
a220b6ba-18f5-4ac3-b4e8-88dbe8210ff5,user155,873d7302-6f61-4fa4-8859-9a0e603a7cee,2,1,7,ACERTO_VENCEDOR,2026-06-28T19:42:12.105Z
e983cc12-e663-4c24-9c3f-20b7cd66921f,user155,a21590e7-aebe-4567-86d6-9f0438253499,3,1,10,ACERTO_VENCEDOR,2026-06-28T19:42:12.342Z
5800df21-057d-4311-9a74-dda2baeb2ca5,user155,6730aac2-38fd-4988-b570-bd0af1758b20,1,1,0,ERRO,2026-06-28T19:42:12.580Z
6fa3dea7-7aaf-4115-baf2-13d7fa46faf9,user155,5c1cd95e-7228-4c95-bc04-b3b1e91aa43e,2,1,15,ACERTO_PLACAR,2026-06-28T19:42:12.818Z
35ac7a38-09ad-4f87-b9b5-4a308e7f6a39,user155,a34486b0-e0d6-4c3e-807e-187e4b9c7e76,2,0,10,ACERTO_VENCEDOR,2026-06-28T19:42:13.056Z
4e13d8ce-7708-4b2c-b2d9-d3e84ce01678,user155,9bf02b87-7757-4ccc-a30e-513516a17184,4,1,10,ACERTO_VENCEDOR,2026-06-28T19:42:14.011Z
80ba9ec1-22a9-42de-9899-697e8105b269,user155,a5f5f8bf-7c23-479e-b4c3-2d4868bdd66e,1,2,0,ERRO,2026-06-28T19:42:14.248Z
e1608bb8-88dc-4665-9c10-dc10e6c97113,user126,ed804ac5-a1cb-4eaf-8852-9c06790effe3,1,0,10,ACERTO_VENCEDOR,2026-06-28T20:04:03.271Z
6a977a1f-1185-43c9-a52c-1e403df073dc,user126,a16013d6-3762-4648-be74-335396e2ad8f,2,0,0,ERRO,2026-06-28T20:04:04.151Z
5125eb70-c01f-4d9d-8d35-4c5d9bee07c4,user126,a97d7a61-3abf-4d9d-951f-faccaf20057a,2,1,0,ERRO,2026-06-28T20:04:04.445Z
73b966d9-e243-457a-b643-eeb631b04099,user126,1240cd20-a0b3-4e27-854f-2219824b7fa0,3,0,10,ACERTO_VENCEDOR,2026-06-28T20:04:04.738Z
d315deb2-df1f-469f-8f49-3145b0c61c0b,user126,f6f03838-c355-4ea7-8a55-ecaf2b16e2f4,4,0,7,ACERTO_VENCEDOR,2026-06-28T20:04:05.031Z
f22218ee-19f3-4874-a5ff-e1f2efebb69f,user126,d93d8dec-d202-40a3-8957-a021688ac596,1,3,10,ACERTO_VENCEDOR,2026-06-28T20:04:05.324Z
55a9477c-e68d-403f-b5a6-6a6df61dc1ab,user126,a5f5f8bf-7c23-479e-b4c3-2d4868bdd66e,0,2,0,ERRO,2026-06-28T20:04:05.617Z
ae984041-0137-42f4-9c52-91a0191caf16,user126,9bf02b87-7757-4ccc-a30e-513516a17184,4,0,10,ACERTO_VENCEDOR,2026-06-28T20:04:05.911Z
f8e9c879-009e-462e-a481-1a91d776ba76,user126,6730aac2-38fd-4988-b570-bd0af1758b20,2,1,10,ACERTO_VENCEDOR,2026-06-28T20:04:06.205Z
4d378dab-bb02-45a4-95f5-84f9798f3850,user126,a34486b0-e0d6-4c3e-807e-187e4b9c7e76,1,0,15,ACERTO_PLACAR,2026-06-28T20:04:06.498Z
b325d97e-e65a-4feb-9b28-15eb20270742,user126,5d64a052-648a-4757-b9d7-fb43a3ecf0fb,1,1,0,ERRO,2026-06-28T20:04:07.086Z
1e34ac95-9a54-4392-8adf-138af2377389,user126,873d7302-6f61-4fa4-8859-9a0e603a7cee,2,0,10,ACERTO_VENCEDOR,2026-06-28T20:04:08.559Z
7ce7da15-2eeb-4386-853b-ea78b61c4c4c,user126,500361c0-756d-4f97-96a5-820633059c0b,2,1,15,ACERTO_PLACAR,2026-06-28T20:04:08.852Z
181244b4-b832-4115-abdc-f9d790d115f6,user139,a21590e7-aebe-4567-86d6-9f0438253499,2,1,15,ACERTO_PLACAR,2026-06-28T21:00:00.714Z
da153930-fd46-4458-9788-e81bd3a18429,user139,a16013d6-3762-4648-be74-335396e2ad8f,2,0,0,ERRO,2026-06-28T21:00:08.626Z
f4bf359c-5c5e-42fa-ba33-2836fb32c5d5,user139,a97d7a61-3abf-4d9d-951f-faccaf20057a,2,0,0,ERRO,2026-06-28T21:00:22.846Z
e61c80b7-0448-4810-b730-49ed5e17bae1,user1,ecae4b2c-7bfc-4571-91b5-a432eb75590c,1,2,10,ACERTO_VENCEDOR,2026-06-28T21:03:26.971Z
3b2d6f99-75f9-49df-bcaa-b6c9a86d0d28,user43,a21590e7-aebe-4567-86d6-9f0438253499,3,0,7,ACERTO_VENCEDOR,2026-06-28T21:36:09.359Z
91c2fed2-0ca5-4dea-a587-52514bae518b,user43,a16013d6-3762-4648-be74-335396e2ad8f,2,1,0,ERRO,2026-06-28T21:36:17.271Z
a7b99062-48c7-4cf1-9412-67f25f100012,user43,a97d7a61-3abf-4d9d-951f-faccaf20057a,2,2,15,ACERTO_VENCEDOR,2026-06-28T21:36:23.847Z
70fc48e0-5ee0-4334-9f63-260061380d69,user43,d93d8dec-d202-40a3-8957-a021688ac596,2,4,7,ACERTO_VENCEDOR,2026-06-28T21:36:29.270Z
cd3d83b3-1291-42d2-b984-37a2ec9bd579,user43,9bf02b87-7757-4ccc-a30e-513516a17184,3,1,10,ACERTO_VENCEDOR,2026-06-28T21:36:35.004Z
d0cd4fd0-c3a8-41af-b245-01e3bf81d957,user43,ed804ac5-a1cb-4eaf-8852-9c06790effe3,2,1,10,ACERTO_VENCEDOR,2026-06-28T21:36:38.841Z
459fac1e-d395-45c6-925d-3ed31eb7089b,user43,5c1cd95e-7228-4c95-bc04-b3b1e91aa43e,2,0,10,ACERTO_VENCEDOR,2026-06-28T21:36:44.630Z
f307c51c-45c0-4a34-8f61-b4235f3ab343,user43,5d64a052-648a-4757-b9d7-fb43a3ecf0fb,1,2,0,ERRO,2026-06-28T21:36:49.242Z
6453dc5b-7c87-4868-9442-604be51322b5,user43,1240cd20-a0b3-4e27-854f-2219824b7fa0,3,2,7,ACERTO_VENCEDOR,2026-06-28T21:36:55.535Z
3f82a193-5574-4a39-af0d-c192c0f9cec9,user43,873d7302-6f61-4fa4-8859-9a0e603a7cee,2,0,10,ACERTO_VENCEDOR,2026-06-28T21:37:01.333Z
424aff43-37ff-4ce1-8c02-581a7072aec9,user43,500361c0-756d-4f97-96a5-820633059c0b,1,1,0,ERRO,2026-06-28T21:37:05.586Z
f101944a-2dc9-4660-97c1-5180f67e1dd4,user43,6730aac2-38fd-4988-b570-bd0af1758b20,1,0,10,ACERTO_VENCEDOR,2026-06-28T21:37:14.572Z
3aa7f41b-f767-488a-8276-dceffb8035e1,user43,a5f5f8bf-7c23-479e-b4c3-2d4868bdd66e,0,2,0,ERRO,2026-06-28T21:37:18.726Z
276f1daf-2a41-4fb3-88e9-a9a059d26b3f,user43,f6f03838-c355-4ea7-8a55-ecaf2b16e2f4,1,1,0,ERRO,2026-06-28T21:37:29.592Z
bae24f00-dd27-4244-8c24-5395739a4a14,user43,a34486b0-e0d6-4c3e-807e-187e4b9c7e76,1,0,15,ACERTO_PLACAR,2026-06-28T21:37:34.341Z
bf9a05f9-a51a-4d13-96a2-5a14803710a8,user12,a21590e7-aebe-4567-86d6-9f0438253499,3,1,10,ACERTO_VENCEDOR,2026-06-28T21:49:58.390Z
184cdf7c-7ed1-4e58-b6dc-d04713367d99,user12,a16013d6-3762-4648-be74-335396e2ad8f,4,0,0,ERRO,2026-06-28T21:50:05.095Z
81273297-c41f-4ed1-b415-65bc49e937af,user12,a97d7a61-3abf-4d9d-951f-faccaf20057a,1,2,0,ERRO,2026-06-28T21:50:11.035Z
d04feb6f-e6d5-42cd-96cb-a7f536577805,user12,d93d8dec-d202-40a3-8957-a021688ac596,1,2,15,ACERTO_PLACAR,2026-06-28T21:50:35.656Z
d9523541-868e-44fa-a064-c643e8572396,user12,9bf02b87-7757-4ccc-a30e-513516a17184,2,0,10,ACERTO_VENCEDOR,2026-06-28T21:50:56.270Z
6d3c9556-7b9e-4f8e-a018-f811ba751484,user125,a21590e7-aebe-4567-86d6-9f0438253499,2,0,10,ACERTO_VENCEDOR,2026-06-29T00:44:01.135Z
64ba6fe5-85e3-4308-b46b-5d9e3ad30d38,user125,a16013d6-3762-4648-be74-335396e2ad8f,3,0,0,ERRO,2026-06-29T00:44:04.369Z
0a843b15-a390-4f46-8c9a-ffc0bf9c547c,user125,a97d7a61-3abf-4d9d-951f-faccaf20057a,1,0,0,ERRO,2026-06-29T00:44:18.064Z
e02269be-2f30-4cb1-9818-f39496ce7044,user125,d93d8dec-d202-40a3-8957-a021688ac596,0,4,7,ACERTO_VENCEDOR,2026-06-29T00:44:35.645Z
66f00758-edaf-4abc-a492-d5dd70dd51f1,user125,9bf02b87-7757-4ccc-a30e-513516a17184,2,1,7,ACERTO_VENCEDOR,2026-06-29T00:44:46.544Z
97730dd8-fbbe-44fc-8f89-5929fb4416d2,user125,ed804ac5-a1cb-4eaf-8852-9c06790effe3,2,1,10,ACERTO_VENCEDOR,2026-06-29T00:44:56.645Z
a282d030-734d-4018-978f-2e7cb036acf8,user125,5c1cd95e-7228-4c95-bc04-b3b1e91aa43e,2,0,10,ACERTO_VENCEDOR,2026-06-29T00:45:08.378Z
c2a54ec3-c4e4-4e6c-8ce0-71d7989eaad0,user125,1240cd20-a0b3-4e27-854f-2219824b7fa0,2,0,15,ACERTO_PLACAR,2026-06-29T00:45:38.336Z
a26aee6f-08e5-444c-b14a-2064d8648f76,user125,5d64a052-648a-4757-b9d7-fb43a3ecf0fb,1,1,0,ERRO,2026-06-29T00:45:56.454Z
6394d1aa-e7d5-40e7-b2c2-c55ee0c484d5,user125,873d7302-6f61-4fa4-8859-9a0e603a7cee,0,0,0,ERRO,2026-06-29T00:46:13.353Z
31028d17-e9ae-4270-af69-73dacd3f24b9,user125,500361c0-756d-4f97-96a5-820633059c0b,2,1,15,ACERTO_PLACAR,2026-06-29T00:46:26.503Z
ec70f8d4-48f9-4b1b-81d3-9f1d45f5d614,user125,6730aac2-38fd-4988-b570-bd0af1758b20,1,2,0,ERRO,2026-06-29T00:46:37.610Z
586a5921-9504-4bc8-97e0-11fded3a730f,user125,a5f5f8bf-7c23-479e-b4c3-2d4868bdd66e,1,0,0,ERRO,2026-06-29T00:46:50.358Z
2e6c5e5a-f3b5-4594-8747-a4b12c7a7b86,user125,f6f03838-c355-4ea7-8a55-ecaf2b16e2f4,3,0,10,ACERTO_VENCEDOR,2026-06-29T00:46:59.523Z
37e77d1c-5c90-44b2-82aa-e1f23c9c1aee,user125,a34486b0-e0d6-4c3e-807e-187e4b9c7e76,2,0,10,ACERTO_VENCEDOR,2026-06-29T00:47:10.113Z
af11d296-b9c7-488e-b489-1423e54731d1,user75,a21590e7-aebe-4567-86d6-9f0438253499,3,1,10,ACERTO_VENCEDOR,2026-06-29T01:23:19.624Z
c199d238-358e-4b40-b9dd-2efd378f0982,user75,a16013d6-3762-4648-be74-335396e2ad8f,3,1,0,ERRO,2026-06-29T01:23:51.176Z
c7bd7288-34f0-4e2c-83bc-c7f9481079f1,user75,a97d7a61-3abf-4d9d-951f-faccaf20057a,1,0,0,ERRO,2026-06-29T01:24:10.725Z
6429a94e-b7f2-4d2c-b11c-a7697fcf8205,user121,a21590e7-aebe-4567-86d6-9f0438253499,3,1,10,ACERTO_VENCEDOR,2026-06-29T03:27:40.174Z
a12ff866-3596-4e84-b497-f0711f40d3ca,user121,a16013d6-3762-4648-be74-335396e2ad8f,3,0,0,ERRO,2026-06-29T03:27:47.318Z
fc950c0f-c813-4691-a3e1-7bef226108ac,user121,a97d7a61-3abf-4d9d-951f-faccaf20057a,2,1,0,ERRO,2026-06-29T03:28:00.888Z
69719032-f732-4a48-b274-3f070f2f06a4,user121,d93d8dec-d202-40a3-8957-a021688ac596,2,1,0,ERRO,2026-06-29T03:28:54.346Z
a9f5bfc5-19c3-4f07-901c-91677e57cc71,user121,9bf02b87-7757-4ccc-a30e-513516a17184,3,1,10,ACERTO_VENCEDOR,2026-06-29T03:28:58.821Z
54cf54d5-bcb2-4aea-b8a4-67dcd64b6088,user121,ed804ac5-a1cb-4eaf-8852-9c06790effe3,1,2,0,ERRO,2026-06-29T03:29:06.882Z
0729907a-f504-457e-be33-ab6ef2255982,user121,5c1cd95e-7228-4c95-bc04-b3b1e91aa43e,1,2,0,ERRO,2026-06-29T03:29:12.678Z
e5f052c7-8bd4-4476-8f27-8a01b810a0e0,user121,5d64a052-648a-4757-b9d7-fb43a3ecf0fb,1,3,0,ERRO,2026-06-29T03:29:19.479Z
a2e80b5d-5028-415c-a4e0-34baa6bc30e6,user121,1240cd20-a0b3-4e27-854f-2219824b7fa0,0,2,0,ERRO,2026-06-29T03:29:25.634Z
94555990-69b9-497e-82dc-a7b17b907f4e,user121,873d7302-6f61-4fa4-8859-9a0e603a7cee,2,0,10,ACERTO_VENCEDOR,2026-06-29T03:29:35.904Z
af4c9a60-3d92-4bd2-b5ea-a38edb6c4d2b,user121,500361c0-756d-4f97-96a5-820633059c0b,2,1,15,ACERTO_PLACAR,2026-06-29T03:29:47.639Z
b986929b-dea9-48ca-a6c2-488021741654,user121,6730aac2-38fd-4988-b570-bd0af1758b20,2,0,15,ACERTO_PLACAR,2026-06-29T03:29:55.782Z
e292870f-1dd1-4ca7-b059-46a0b89878ae,user121,a5f5f8bf-7c23-479e-b4c3-2d4868bdd66e,2,0,0,ERRO,2026-06-29T03:30:08.845Z
2c120cd4-86a9-4828-b0e7-5275016b2cb9,user121,f6f03838-c355-4ea7-8a55-ecaf2b16e2f4,2,1,10,ACERTO_VENCEDOR,2026-06-29T03:30:25.324Z
6390697d-6d8d-48b4-bf3e-36ca45dd3df4,user121,a34486b0-e0d6-4c3e-807e-187e4b9c7e76,2,0,10,ACERTO_VENCEDOR,2026-06-29T03:30:37.718Z
cd5e75c8-45d2-4b6f-a13c-e0037c958fb2,user17,a21590e7-aebe-4567-86d6-9f0438253499,2,0,10,ACERTO_VENCEDOR,2026-06-29T04:20:31.243Z
d04cf87f-3cb1-43d6-a7c0-dd4f0096905c,user17,a16013d6-3762-4648-be74-335396e2ad8f,2,0,0,ERRO,2026-06-29T04:20:40.789Z
7d049b0d-701e-4519-952d-6c22fd8c008a,user17,a97d7a61-3abf-4d9d-951f-faccaf20057a,2,1,0,ERRO,2026-06-29T04:20:59.486Z
429af3e4-4d7f-4994-aca7-ecc33d388b96,user26,a21590e7-aebe-4567-86d6-9f0438253499,4,1,10,ACERTO_VENCEDOR,2026-06-29T04:27:11.861Z
e34a1e65-4fdd-4fd0-bdac-934ae10dff5d,user26,a16013d6-3762-4648-be74-335396e2ad8f,2,0,0,ERRO,2026-06-29T04:27:23.795Z
466c1c5f-9510-413d-9441-c0603170d7f6,user26,a97d7a61-3abf-4d9d-951f-faccaf20057a,2,3,0,ERRO,2026-06-29T04:27:46.679Z
ccdeb6f5-d0e8-4ab6-bc45-0adcc86c6f53,user26,f6f03838-c355-4ea7-8a55-ecaf2b16e2f4,2,0,7,ACERTO_VENCEDOR,2026-06-29T04:28:26.419Z
d63c51c0-be3b-441c-b8fb-99c6c60b6219,user26,a34486b0-e0d6-4c3e-807e-187e4b9c7e76,1,0,15,ACERTO_PLACAR,2026-06-29T04:28:38.543Z
4ab3b5b3-87f4-467e-a590-db3688b6765a,user26,a5f5f8bf-7c23-479e-b4c3-2d4868bdd66e,1,2,0,ERRO,2026-06-29T04:28:47.605Z
cdf8fa1b-2b7c-4c0c-9240-3cc38c73aadf,user26,6730aac2-38fd-4988-b570-bd0af1758b20,2,1,10,ACERTO_VENCEDOR,2026-06-29T04:29:01.790Z
fbcf5e5d-61bd-479e-a82c-780b4a167814,user26,500361c0-756d-4f97-96a5-820633059c0b,2,1,15,ACERTO_PLACAR,2026-06-29T04:29:19.556Z
d378a1bf-080a-4261-9375-bb6c23337c15,user26,873d7302-6f61-4fa4-8859-9a0e603a7cee,3,0,15,ACERTO_PLACAR,2026-06-29T04:29:26.569Z
8e181917-cc02-4b3f-b516-ef1040c5e570,user26,1240cd20-a0b3-4e27-854f-2219824b7fa0,4,1,7,ACERTO_VENCEDOR,2026-06-29T04:29:33.922Z
c33d2025-fe56-44b8-b2fe-8bdd70b6a77c,user26,5d64a052-648a-4757-b9d7-fb43a3ecf0fb,0,2,0,ERRO,2026-06-29T04:29:40.899Z
c64bc2b4-ca14-44f6-a369-f43ed489c5ea,user26,5c1cd95e-7228-4c95-bc04-b3b1e91aa43e,2,1,15,ACERTO_PLACAR,2026-06-29T04:29:48.989Z
7240ff30-8658-4863-8b76-b353d5a1ec25,user26,ed804ac5-a1cb-4eaf-8852-9c06790effe3,2,0,15,ACERTO_PLACAR,2026-06-29T04:29:55.677Z
6ff3649c-69d9-4f39-a84b-2f8c60828a2d,user26,9bf02b87-7757-4ccc-a30e-513516a17184,3,1,10,ACERTO_VENCEDOR,2026-06-29T04:30:01.399Z
2257f14f-c741-4391-8de6-85e74805487e,user26,d93d8dec-d202-40a3-8957-a021688ac596,1,3,10,ACERTO_VENCEDOR,2026-06-29T04:30:08.762Z
5d737517-ded0-4492-87bf-2660e074f78d,user99,a21590e7-aebe-4567-86d6-9f0438253499,3,0,7,ACERTO_VENCEDOR,2026-06-29T11:12:44.835Z
3486117c-3111-428f-8f89-d9c7eb698db9,user99,a16013d6-3762-4648-be74-335396e2ad8f,1,2,0,ERRO,2026-06-29T11:12:53.084Z
4f4fb00f-447d-45c2-ab4b-4276abc9ef4c,user99,a97d7a61-3abf-4d9d-951f-faccaf20057a,2,3,0,ERRO,2026-06-29T11:12:59.640Z
02c17a5a-b522-4b3b-89c1-741a6a4b6262,user177,a21590e7-aebe-4567-86d6-9f0438253499,2,0,10,ACERTO_VENCEDOR,2026-06-29T12:31:45.876Z
982690fb-9f7b-4d08-9861-841cc57669b6,user177,a16013d6-3762-4648-be74-335396e2ad8f,3,1,0,ERRO,2026-06-29T12:31:50.452Z
d3315ecb-6ffc-42b4-943b-1670ffc9e934,user177,a97d7a61-3abf-4d9d-951f-faccaf20057a,1,1,20,ACERTO_PLACAR,2026-06-29T12:31:59.805Z
ccb43420-c411-4a0b-85ba-f8d271ea6982,user148,a16013d6-3762-4648-be74-335396e2ad8f,4,0,0,ERRO,2026-06-29T12:33:48.176Z
dfa4041e-3226-4efc-8eaf-d2ab1d332e67,user148,a97d7a61-3abf-4d9d-951f-faccaf20057a,3,1,0,ERRO,2026-06-29T12:33:58.771Z
41651987-93b7-49b4-af93-84975c7c08a1,user148,a21590e7-aebe-4567-86d6-9f0438253499,2,1,15,ACERTO_PLACAR,2026-06-29T12:34:05.925Z
b2c681b7-e0ea-4682-8fce-042134db97f4,user54,a21590e7-aebe-4567-86d6-9f0438253499,2,1,15,ACERTO_PLACAR,2026-06-29T12:34:37.577Z
98aa4f17-f3e8-4163-ba77-9253040c8356,user54,a16013d6-3762-4648-be74-335396e2ad8f,3,1,0,ERRO,2026-06-29T12:34:45.317Z
1f0903a8-5018-46d9-b477-53195d62a4ec,user54,a97d7a61-3abf-4d9d-951f-faccaf20057a,2,1,0,ERRO,2026-06-29T12:34:53.986Z
5380ccec-3930-4f64-a556-e4c3b1fea7b9,user10,a21590e7-aebe-4567-86d6-9f0438253499,3,0,7,ACERTO_VENCEDOR,2026-06-29T14:01:35.787Z
44bbf4d5-8c9c-45e3-a541-c2d8a4b3105e,user10,a16013d6-3762-4648-be74-335396e2ad8f,4,2,0,ERRO,2026-06-29T14:01:48.506Z
0ee93f36-de63-4fd0-87a1-d2ae8607eaa9,user10,a97d7a61-3abf-4d9d-951f-faccaf20057a,1,2,0,ERRO,2026-06-29T14:02:14.288Z
4d0d0501-09d4-4834-aac1-2a90a8a55f9e,user134,a16013d6-3762-4648-be74-335396e2ad8f,2,0,0,ERRO,2026-06-29T14:31:23.092Z
282cc41f-775a-4f1f-acc0-b4355f3dd78c,user134,a21590e7-aebe-4567-86d6-9f0438253499,1,0,10,ACERTO_VENCEDOR,2026-06-29T14:31:23.618Z
c4da3caa-ec10-4951-a1a3-5f1505e553f7,user134,a97d7a61-3abf-4d9d-951f-faccaf20057a,1,1,15,ACERTO_PLACAR,2026-06-29T14:31:24.674Z
b468397d-48d2-4319-8119-4e01c7aee7f3,user151,a21590e7-aebe-4567-86d6-9f0438253499,3,1,10,ACERTO_VENCEDOR,2026-06-29T14:52:56.485Z
91f5842b-b420-43fd-ac93-fad8859421fc,user151,a16013d6-3762-4648-be74-335396e2ad8f,1,2,0,ERRO,2026-06-29T14:53:21.244Z
cd93cd6c-3d82-469a-bb95-0e68f710e3a1,user151,a97d7a61-3abf-4d9d-951f-faccaf20057a,3,2,0,ERRO,2026-06-29T14:53:38.393Z
c5b2b80d-231f-4df2-b2c2-d3976aa3c368,user119,a16013d6-3762-4648-be74-335396e2ad8f,4,1,0,ERRO,2026-06-29T15:05:17.450Z
b9cae8bb-75e3-46a9-b24a-c33b3248ab82,user119,a21590e7-aebe-4567-86d6-9f0438253499,2,1,15,ACERTO_PLACAR,2026-06-29T15:05:17.729Z
920fe246-5933-4942-9be2-a8d397e12c5d,user119,a97d7a61-3abf-4d9d-951f-faccaf20057a,3,2,0,ERRO,2026-06-29T15:05:18.008Z
00a968b4-e01a-493c-98a0-ac9ddada4be9,user113,a21590e7-aebe-4567-86d6-9f0438253499,5,0,7,ACERTO_VENCEDOR,2026-06-29T15:24:03.567Z
1fc6fca3-cb4b-4e20-813f-a096e248d094,user113,a16013d6-3762-4648-be74-335396e2ad8f,2,1,0,ERRO,2026-06-29T15:24:14.678Z
db9c9287-bb9d-484f-9c1b-d2d11bca1962,user113,a97d7a61-3abf-4d9d-951f-faccaf20057a,2,2,15,ACERTO_VENCEDOR,2026-06-29T15:24:28.045Z
7fa05b62-96e5-4f20-bc49-f58017d85f1b,user5,a21590e7-aebe-4567-86d6-9f0438253499,2,1,15,ACERTO_PLACAR,2026-06-29T15:50:13.040Z
79ea7bae-5bc6-4e7f-a3ca-0ce2668598fa,user5,a16013d6-3762-4648-be74-335396e2ad8f,2,0,0,ERRO,2026-06-29T15:50:47.457Z
b08836b2-8d10-44e3-99b0-ac6b4aafe282,user5,a97d7a61-3abf-4d9d-951f-faccaf20057a,1,1,15,ACERTO_PLACAR,2026-06-29T15:50:57.035Z
3e3cb0fd-0175-44ff-89a7-61d893b7a808,user136,a21590e7-aebe-4567-86d6-9f0438253499,3,1,10,ACERTO_VENCEDOR,2026-06-29T15:54:35.499Z
617d17c4-4e59-44cb-946f-1576df3cc315,user136,a16013d6-3762-4648-be74-335396e2ad8f,0,2,0,ERRO,2026-06-29T15:54:51.170Z
c806aeed-2136-4907-893e-c612fb4317a5,user136,a97d7a61-3abf-4d9d-951f-faccaf20057a,2,3,0,ERRO,2026-06-29T15:55:16.647Z
b3df493f-bcca-4282-b995-8810145ca561,user35,a21590e7-aebe-4567-86d6-9f0438253499,2,1,15,ACERTO_PLACAR,2026-06-29T16:08:33.951Z
8f6d389c-4af8-41f0-9003-c169d5cfc6c3,user9,a21590e7-aebe-4567-86d6-9f0438253499,2,1,15,ACERTO_PLACAR,2026-06-29T16:11:12.646Z
d236d3d0-9d5b-43f5-bcd1-4f3c1399033c,user9,a16013d6-3762-4648-be74-335396e2ad8f,3,0,0,ERRO,2026-06-29T16:11:19.181Z
dd06e142-e15f-4509-8388-0aaad6b43910,user9,a97d7a61-3abf-4d9d-951f-faccaf20057a,1,1,20,ACERTO_PLACAR,2026-06-29T16:11:38.176Z
ae017b85-8d78-48f9-b1d7-46b4e87ecce1,user14,a21590e7-aebe-4567-86d6-9f0438253499,3,1,10,ACERTO_VENCEDOR,2026-06-29T16:12:53.788Z
ac9cfded-94d7-4b78-aa05-a36c327662a3,user14,a16013d6-3762-4648-be74-335396e2ad8f,4,0,0,ERRO,2026-06-29T16:12:54.063Z
c6cd8fe3-e1f5-470f-b91e-5cbbfc03efa1,user14,a97d7a61-3abf-4d9d-951f-faccaf20057a,2,2,15,ACERTO_VENCEDOR,2026-06-29T16:12:56.878Z
3fdc38e6-869d-4cd6-93e8-d7daac064b2c,user16,a21590e7-aebe-4567-86d6-9f0438253499,3,1,10,ACERTO_VENCEDOR,2026-06-29T16:16:16.055Z
ee9409ad-48b9-4ab1-a2c7-1c906a882316,user16,a16013d6-3762-4648-be74-335396e2ad8f,2,1,0,ERRO,2026-06-29T16:16:24.492Z
617808b4-f04a-42c6-bb0a-c3e2e132c659,user16,a97d7a61-3abf-4d9d-951f-faccaf20057a,1,1,20,ACERTO_PLACAR,2026-06-29T16:16:35.959Z
c8e3681d-a6f7-40fc-a96f-f591a218bfd3,user160,a21590e7-aebe-4567-86d6-9f0438253499,2,1,15,ACERTO_PLACAR,2026-06-29T16:18:22.704Z
83c61f36-4790-4d34-bf61-2e2e62606249,user160,a16013d6-3762-4648-be74-335396e2ad8f,3,1,0,ERRO,2026-06-29T16:18:27.617Z
bd48b152-f7c4-43d6-b076-da9326732fd9,user160,a97d7a61-3abf-4d9d-951f-faccaf20057a,3,1,0,ERRO,2026-06-29T16:18:40.212Z
37912c85-7a13-4b96-a324-623a6437f4e3,user64,a97d7a61-3abf-4d9d-951f-faccaf20057a,1,2,0,ERRO,2026-06-29T16:31:40.807Z
5091bd53-9c48-4b10-bae5-fbc9d008f1a0,user64,a16013d6-3762-4648-be74-335396e2ad8f,3,1,0,ERRO,2026-06-29T16:31:41.093Z
f1a23819-577e-4e2a-a3f9-dbdacb66324d,user64,a21590e7-aebe-4567-86d6-9f0438253499,1,2,0,ERRO,2026-06-29T16:31:41.378Z
71e5f317-7120-4eac-ac08-213fd7bdb6b3,user183,a21590e7-aebe-4567-86d6-9f0438253499,3,1,10,ACERTO_VENCEDOR,2026-06-29T16:41:56.362Z
1ff50378-0f2b-4c43-a87b-97f6666eb9be,user183,a16013d6-3762-4648-be74-335396e2ad8f,3,0,0,ERRO,2026-06-29T16:42:06.207Z
49e25f9a-20ed-4964-93d8-fed21b2fa622,user183,a97d7a61-3abf-4d9d-951f-faccaf20057a,2,3,0,ERRO,2026-06-29T16:43:02.250Z
4013991b-897e-4e9f-b073-cda2e0df425c,user76,a97d7a61-3abf-4d9d-951f-faccaf20057a,1,2,0,ERRO,2026-06-29T17:05:21.026Z
25d87650-c54b-4641-8c32-2d3642d594bb,user76,a16013d6-3762-4648-be74-335396e2ad8f,2,1,0,ERRO,2026-06-29T17:05:22.353Z
458bc7f1-a5e5-4f0e-86a2-450f3aacf108,user76,d93d8dec-d202-40a3-8957-a021688ac596,2,3,10,ACERTO_VENCEDOR,2026-06-29T17:05:45.859Z
9de49530-b9b6-4456-b06b-f0300c79ed52,user76,9bf02b87-7757-4ccc-a30e-513516a17184,4,2,7,ACERTO_VENCEDOR,2026-06-29T17:06:02.944Z
662ab5cc-0c77-4e19-837e-bfbeedae839a,user145,a16013d6-3762-4648-be74-335396e2ad8f,4,0,0,ERRO,2026-06-29T17:50:53.616Z
1cb1e8ec-399a-401d-8dbe-66d3b461926d,user145,a97d7a61-3abf-4d9d-951f-faccaf20057a,2,1,0,ERRO,2026-06-29T17:51:02.790Z
70e4a844-ea9f-4fac-aee1-46b11858daa7,user165,a16013d6-3762-4648-be74-335396e2ad8f,2,0,0,ERRO,2026-06-29T19:06:32.955Z
b58a7e85-3a46-46ed-8fe1-94ee3f2aaba4,user165,a97d7a61-3abf-4d9d-951f-faccaf20057a,1,1,15,ACERTO_PLACAR,2026-06-29T19:07:02.572Z
9529fdbd-4ea7-4539-b8f3-1dee500b79c0,user165,d93d8dec-d202-40a3-8957-a021688ac596,0,2,10,ACERTO_VENCEDOR,2026-06-29T19:07:18.871Z
3c388591-0054-4e86-b261-1c24ab668e3f,user165,9bf02b87-7757-4ccc-a30e-513516a17184,3,1,10,ACERTO_VENCEDOR,2026-06-29T19:07:27.699Z
5d6632ae-b2f5-4571-b234-4da43ad1cbdd,user165,ed804ac5-a1cb-4eaf-8852-9c06790effe3,1,1,0,ERRO,2026-06-29T19:07:40.533Z
a6f8cefd-7cf0-44da-9b3c-922a164b11a1,user165,5c1cd95e-7228-4c95-bc04-b3b1e91aa43e,3,0,7,ACERTO_VENCEDOR,2026-06-29T19:07:49.436Z
916ff610-09f1-4c1b-827d-b11da8f5e101,user165,5d64a052-648a-4757-b9d7-fb43a3ecf0fb,1,0,10,ACERTO_VENCEDOR,2026-06-29T19:07:56.540Z
94081cea-efd6-448e-bdad-78549f38c7fc,user165,1240cd20-a0b3-4e27-854f-2219824b7fa0,2,0,15,ACERTO_PLACAR,2026-06-29T19:08:04.794Z
79e52e2a-8857-4c16-af64-58fdea15476a,user165,873d7302-6f61-4fa4-8859-9a0e603a7cee,2,0,10,ACERTO_VENCEDOR,2026-06-29T19:08:12.842Z
23e8faba-89b4-4a9b-8e9a-3e040e5d1706,user165,500361c0-756d-4f97-96a5-820633059c0b,2,2,0,ERRO,2026-06-29T19:08:26.637Z
4e7beb14-de47-4221-a7f9-0947ca2d39aa,user165,6730aac2-38fd-4988-b570-bd0af1758b20,1,0,10,ACERTO_VENCEDOR,2026-06-29T19:08:43.426Z
361ca8bf-f111-45e4-8fd9-b9f479f5b5de,user165,a5f5f8bf-7c23-479e-b4c3-2d4868bdd66e,0,2,0,ERRO,2026-06-29T19:08:45.581Z
ddbf2871-903c-4127-9984-6f6914a69b19,user165,f6f03838-c355-4ea7-8a55-ecaf2b16e2f4,2,0,7,ACERTO_VENCEDOR,2026-06-29T19:08:51.921Z
1547658e-6bfa-47cb-85a2-9219666231b3,user165,a34486b0-e0d6-4c3e-807e-187e4b9c7e76,1,0,15,ACERTO_PLACAR,2026-06-29T19:09:00.727Z
9632cf37-3e18-4d18-8604-7a8b78f6344f,user36,a97d7a61-3abf-4d9d-951f-faccaf20057a,2,1,0,ERRO,2026-06-29T19:11:25.174Z
60a3721c-07df-4127-9e8c-c25150897592,user36,a16013d6-3762-4648-be74-335396e2ad8f,3,1,0,ERRO,2026-06-29T19:11:26.635Z
eeb946b6-8800-4067-b455-69f011ac4dfc,user83,a16013d6-3762-4648-be74-335396e2ad8f,1,0,0,ERRO,2026-06-29T19:13:08.078Z
36ea8a0b-6a13-4887-acd7-53fcfa49262c,user83,a97d7a61-3abf-4d9d-951f-faccaf20057a,0,2,0,ERRO,2026-06-29T19:13:14.991Z
1b6c2602-72e6-45bc-9834-03bd91b13253,user36,ed804ac5-a1cb-4eaf-8852-9c06790effe3,2,1,10,ACERTO_VENCEDOR,2026-06-29T19:15:38.751Z
64ddddf7-9333-4606-a6af-2bef8d2c32d0,user36,500361c0-756d-4f97-96a5-820633059c0b,2,1,15,ACERTO_PLACAR,2026-06-29T19:15:39.723Z
a265682e-7e1a-4eb8-9de4-22eae0385adf,user36,9bf02b87-7757-4ccc-a30e-513516a17184,3,1,10,ACERTO_VENCEDOR,2026-06-29T19:15:39.967Z
8b658b0d-e4d6-4cbc-b92a-1cc38b62f660,user36,a34486b0-e0d6-4c3e-807e-187e4b9c7e76,2,1,10,ACERTO_VENCEDOR,2026-06-29T19:15:40.455Z
5452014a-26fa-42ee-ac74-dd412830ae61,user36,a5f5f8bf-7c23-479e-b4c3-2d4868bdd66e,1,2,0,ERRO,2026-06-29T19:15:40.703Z
36c8f36d-8458-43bf-8228-815706da3627,user36,d93d8dec-d202-40a3-8957-a021688ac596,1,2,15,ACERTO_PLACAR,2026-06-29T19:15:40.946Z
8442ccf1-c628-4172-a261-6b990b8f65fb,user36,5c1cd95e-7228-4c95-bc04-b3b1e91aa43e,2,0,10,ACERTO_VENCEDOR,2026-06-29T19:15:41.440Z
794db4fe-96a8-4d39-846f-0c6f57a83090,user36,873d7302-6f61-4fa4-8859-9a0e603a7cee,3,0,15,ACERTO_PLACAR,2026-06-29T19:15:41.687Z
a5e90a6c-d36a-483a-b54e-903d6e64b585,user36,5d64a052-648a-4757-b9d7-fb43a3ecf0fb,2,1,10,ACERTO_VENCEDOR,2026-06-29T19:15:41.932Z
3e768c36-fa51-41fc-9e0a-856015527b67,user36,f6f03838-c355-4ea7-8a55-ecaf2b16e2f4,3,0,10,ACERTO_VENCEDOR,2026-06-29T19:15:42.912Z
12d62603-0d7c-434c-8251-35e77210defb,user36,6730aac2-38fd-4988-b570-bd0af1758b20,2,1,10,ACERTO_VENCEDOR,2026-06-29T19:15:44.527Z
8d227a96-0e66-4ae2-a55f-d99e0637b14c,user1,a21590e7-aebe-4567-86d6-9f0438253499,3,1,10,ACERTO_VENCEDOR,2026-06-29T19:55:19.266Z
f5c9e260-6f9d-426d-a49a-27dfc4c2cca8,user1,a16013d6-3762-4648-be74-335396e2ad8f,2,1,0,ERRO,2026-06-29T20:02:21.073Z
5ede66e6-07e0-479a-b1f0-58f2bbdb209d,user1,a97d7a61-3abf-4d9d-951f-faccaf20057a,1,1,20,ACERTO_PLACAR,2026-06-29T20:02:29.904Z
72af9133-b694-4347-b6b2-27bfaa041b8f,user40,a97d7a61-3abf-4d9d-951f-faccaf20057a,3,1,0,ERRO,2026-06-29T21:12:48.354Z
865c0033-7af3-4778-9a92-0e4c702e242a,user40,d93d8dec-d202-40a3-8957-a021688ac596,2,0,0,ERRO,2026-06-29T21:13:07.427Z
01e894de-40cd-4fa4-a634-b81c56212847,user40,9bf02b87-7757-4ccc-a30e-513516a17184,3,0,15,ACERTO_PLACAR,2026-06-29T21:13:43.244Z
1a32e825-9a2f-4280-abf5-f0258d43d658,user40,ed804ac5-a1cb-4eaf-8852-9c06790effe3,2,1,10,ACERTO_VENCEDOR,2026-06-29T21:13:44.901Z
f55953ed-dda5-4b99-a975-7f5df5699281,user40,5c1cd95e-7228-4c95-bc04-b3b1e91aa43e,1,1,0,ERRO,2026-06-29T21:13:56.373Z
f12abf11-c031-4811-a6de-15e90da30de8,user40,5d64a052-648a-4757-b9d7-fb43a3ecf0fb,2,2,0,ERRO,2026-06-29T21:14:02.285Z
271aa6de-f941-4b39-bf2b-6e61650e3d9d,user40,1240cd20-a0b3-4e27-854f-2219824b7fa0,0,2,0,ERRO,2026-06-29T21:14:15.542Z
4c318d31-69e8-43ab-a978-3b4a1af7166b,user40,873d7302-6f61-4fa4-8859-9a0e603a7cee,4,0,10,ACERTO_VENCEDOR,2026-06-29T21:14:19.249Z
8ac6d146-0be9-4582-9380-0edcdc449098,user40,500361c0-756d-4f97-96a5-820633059c0b,1,0,10,ACERTO_VENCEDOR,2026-06-29T21:14:23.434Z
d76b1e4e-98de-43f6-9bd6-e9e2b1fe57df,user40,6730aac2-38fd-4988-b570-bd0af1758b20,1,2,0,ERRO,2026-06-29T21:14:30.153Z
6b81f849-8750-438a-b11a-ece5a0836385,user40,a5f5f8bf-7c23-479e-b4c3-2d4868bdd66e,0,2,0,ERRO,2026-06-29T21:14:34.192Z
b47e298a-f518-4839-9d49-ce1da7a10fb0,user40,f6f03838-c355-4ea7-8a55-ecaf2b16e2f4,1,1,0,ERRO,2026-06-29T21:14:41.189Z
ad6da9f6-0aed-4ab0-89ca-d47407daa2b8,user40,a34486b0-e0d6-4c3e-807e-187e4b9c7e76,2,2,0,ERRO,2026-06-29T21:14:50.951Z
50178cc4-fab5-47f1-a873-b4d6447734a1,user90,a97d7a61-3abf-4d9d-951f-faccaf20057a,1,2,0,ERRO,2026-06-30T00:22:22.837Z
1ee615a9-9bca-459f-94b8-362d04b49b54,user90,d93d8dec-d202-40a3-8957-a021688ac596,2,2,0,ERRO,2026-06-30T00:22:45.545Z
1615e896-5665-4f14-a23e-fc25e8adae34,user90,9bf02b87-7757-4ccc-a30e-513516a17184,3,1,10,ACERTO_VENCEDOR,2026-06-30T00:22:52.777Z
d3d36f7a-5d83-423f-ada4-57776b3306f6,user90,ed804ac5-a1cb-4eaf-8852-9c06790effe3,1,0,10,ACERTO_VENCEDOR,2026-06-30T00:23:01.914Z
08628021-48bf-498e-893c-e13324c53b0a,user90,5c1cd95e-7228-4c95-bc04-b3b1e91aa43e,2,1,15,ACERTO_PLACAR,2026-06-30T00:23:06.704Z
c1839a40-0c34-40ba-b000-5a26e15de503,user135,5c1cd95e-7228-4c95-bc04-b3b1e91aa43e,3,0,7,ACERTO_VENCEDOR,2026-06-30T02:12:39.681Z
4e792651-48f4-4cc4-9fa1-017ee12eb057,user135,1240cd20-a0b3-4e27-854f-2219824b7fa0,2,1,10,ACERTO_VENCEDOR,2026-06-30T02:12:41.955Z
89d4eb98-3a74-4065-a6ea-34855a1a54e7,user135,500361c0-756d-4f97-96a5-820633059c0b,2,2,0,ERRO,2026-06-30T02:12:42.238Z
48f58bd9-11cc-488c-ad81-40cf08d86d28,user135,d93d8dec-d202-40a3-8957-a021688ac596,1,1,0,ERRO,2026-06-30T02:12:42.522Z
8ab061c1-59a7-43cf-a6dd-06e523267f7d,user135,9bf02b87-7757-4ccc-a30e-513516a17184,4,2,7,ACERTO_VENCEDOR,2026-06-30T02:12:42.806Z
8ca99179-198a-493d-a886-a946393dde2c,user135,5d64a052-648a-4757-b9d7-fb43a3ecf0fb,4,2,10,ACERTO_VENCEDOR,2026-06-30T02:12:43.964Z
38dca72b-f8b5-4df1-85ab-afdde08f09ee,user135,6730aac2-38fd-4988-b570-bd0af1758b20,2,1,10,ACERTO_VENCEDOR,2026-06-30T02:12:44.248Z
aaab053c-0827-4f1b-a28b-110429a54c79,user135,f6f03838-c355-4ea7-8a55-ecaf2b16e2f4,4,0,7,ACERTO_VENCEDOR,2026-06-30T02:12:44.533Z
ad0dfe59-ed52-470d-9749-ac4affd3b53b,user135,a5f5f8bf-7c23-479e-b4c3-2d4868bdd66e,1,2,0,ERRO,2026-06-30T02:12:44.817Z
a85e3570-be51-4d83-9dbd-c93cb22d5506,user135,873d7302-6f61-4fa4-8859-9a0e603a7cee,3,2,10,ACERTO_VENCEDOR,2026-06-30T02:12:45.101Z
3f743f9d-7714-4495-87c5-bfd96193c4df,user135,ed804ac5-a1cb-4eaf-8852-9c06790effe3,3,1,10,ACERTO_VENCEDOR,2026-06-30T02:12:45.386Z
3f8d5b66-2187-4786-aa14-7b59480e1946,user135,a34486b0-e0d6-4c3e-807e-187e4b9c7e76,3,1,7,ACERTO_VENCEDOR,2026-06-30T02:12:45.670Z
506fd1b6-d10c-4d55-82da-d0acc8f31382,user75,d93d8dec-d202-40a3-8957-a021688ac596,1,2,15,ACERTO_PLACAR,2026-06-30T02:50:36.371Z
62d80907-6ff9-420c-b033-2fc6f68a247e,user75,9bf02b87-7757-4ccc-a30e-513516a17184,3,1,10,ACERTO_VENCEDOR,2026-06-30T02:52:17.980Z
9a6cccc4-119c-4402-bcda-acd67d5af458,user75,ed804ac5-a1cb-4eaf-8852-9c06790effe3,2,1,10,ACERTO_VENCEDOR,2026-06-30T02:53:06.654Z
d6c895a5-2fd2-4cf5-91d8-3d07bc9b1afe,user16,d93d8dec-d202-40a3-8957-a021688ac596,0,1,10,ACERTO_VENCEDOR,2026-06-30T04:04:25.609Z
7f618c5a-8b5f-4558-a0d2-ef956018fe2b,user16,9bf02b87-7757-4ccc-a30e-513516a17184,3,1,10,ACERTO_VENCEDOR,2026-06-30T04:04:32.219Z
f2e53108-8110-4049-b632-7d0f4eabc1d8,user16,ed804ac5-a1cb-4eaf-8852-9c06790effe3,3,1,10,ACERTO_VENCEDOR,2026-06-30T04:04:35.125Z
7f9d1269-cadb-401d-8c5a-531b2b882946,user139,d93d8dec-d202-40a3-8957-a021688ac596,1,2,15,ACERTO_PLACAR,2026-06-30T05:20:27.457Z
869e8403-2728-442b-8c8e-dc59216d5b8c,user139,9bf02b87-7757-4ccc-a30e-513516a17184,3,0,15,ACERTO_PLACAR,2026-06-30T05:20:37.614Z
4c83d808-4e17-491c-a40b-706a3a88f082,user139,ed804ac5-a1cb-4eaf-8852-9c06790effe3,2,1,10,ACERTO_VENCEDOR,2026-06-30T05:20:42.013Z
fb79f978-b5ef-4146-9682-e38ae183959c,user12,ed804ac5-a1cb-4eaf-8852-9c06790effe3,1,0,10,ACERTO_VENCEDOR,2026-06-30T11:43:19.370Z
23548269-bdc0-4663-bc5b-bc6abc566529,user3,d93d8dec-d202-40a3-8957-a021688ac596,1,2,15,ACERTO_PLACAR,2026-06-30T12:08:20.592Z
543dc9d9-0215-4aa3-8b4e-6a1d268eac9f,user3,9bf02b87-7757-4ccc-a30e-513516a17184,3,1,10,ACERTO_VENCEDOR,2026-06-30T12:08:30.826Z
04208d47-3c04-4f02-a24b-070b9fbe4960,user3,ed804ac5-a1cb-4eaf-8852-9c06790effe3,1,2,0,ERRO,2026-06-30T12:08:39.572Z
4d6773bb-9aa2-453d-9306-2afa8dce8f38,user3,5c1cd95e-7228-4c95-bc04-b3b1e91aa43e,2,0,10,ACERTO_VENCEDOR,2026-06-30T12:08:58.388Z
a57fa29f-4c0e-4901-8768-77b4497d2d3f,user3,5d64a052-648a-4757-b9d7-fb43a3ecf0fb,2,1,10,ACERTO_VENCEDOR,2026-06-30T12:09:15.898Z
fc18a0b7-0497-40be-b2f3-7431b4e30009,user3,1240cd20-a0b3-4e27-854f-2219824b7fa0,2,0,15,ACERTO_PLACAR,2026-06-30T12:09:25.873Z
1d1ff27f-3046-4606-b99b-9522c6f8ea90,user3,873d7302-6f61-4fa4-8859-9a0e603a7cee,2,0,10,ACERTO_VENCEDOR,2026-06-30T12:09:34.215Z
483d372c-0906-4db5-bef0-88dd6d100a8e,user3,500361c0-756d-4f97-96a5-820633059c0b,1,1,0,ERRO,2026-06-30T12:09:50.181Z
3e9c594f-1221-4e90-8875-597726e4345b,user3,6730aac2-38fd-4988-b570-bd0af1758b20,0,2,0,ERRO,2026-06-30T12:10:02.828Z
fa3153c5-56c5-4ae3-9d9d-f8b3cf4f1d65,user3,a5f5f8bf-7c23-479e-b4c3-2d4868bdd66e,1,2,0,ERRO,2026-06-30T12:10:11.797Z
4a5dbb83-9aed-4eb5-8d3a-c47279c9c3f3,user3,f6f03838-c355-4ea7-8a55-ecaf2b16e2f4,2,0,7,ACERTO_VENCEDOR,2026-06-30T12:10:19.821Z
aee2a5fd-2a53-4b5c-8a96-60bc4e0867a0,user3,a34486b0-e0d6-4c3e-807e-187e4b9c7e76,2,0,10,ACERTO_VENCEDOR,2026-06-30T12:10:27.361Z
24be25b9-9507-4cb6-bd67-291469b8d95a,user145,d93d8dec-d202-40a3-8957-a021688ac596,1,2,15,ACERTO_PLACAR,2026-06-30T12:14:47.675Z
ca1df55c-25e2-43d0-b842-5d0b659adb68,user145,ed804ac5-a1cb-4eaf-8852-9c06790effe3,2,0,15,ACERTO_PLACAR,2026-06-30T12:15:09.389Z
e1b687da-7d19-49ff-ae7c-ec540bd23897,user145,9bf02b87-7757-4ccc-a30e-513516a17184,2,2,0,ERRO,2026-06-30T12:16:09.338Z
386b99dc-b347-4f0b-907b-a9ee8c2265f4,user160,d93d8dec-d202-40a3-8957-a021688ac596,1,2,15,ACERTO_PLACAR,2026-06-30T12:27:13.940Z
cf1f1b78-3894-4ab4-bfa0-2cf5fb0529bc,user160,9bf02b87-7757-4ccc-a30e-513516a17184,4,2,7,ACERTO_VENCEDOR,2026-06-30T12:27:28.146Z
71f51b34-c7b2-42b4-8cce-90d16186590d,user160,ed804ac5-a1cb-4eaf-8852-9c06790effe3,2,1,10,ACERTO_VENCEDOR,2026-06-30T12:27:47.323Z
fa98d585-0fa8-4ec3-affd-7661f4645160,user99,d93d8dec-d202-40a3-8957-a021688ac596,3,2,0,ERRO,2026-06-30T13:02:32.114Z
b0a11e2f-89c6-4079-9551-985de376aa1c,user99,9bf02b87-7757-4ccc-a30e-513516a17184,0,1,0,ERRO,2026-06-30T13:02:38.854Z
e71eb7b9-ec61-4b64-8df5-867da26b756d,user99,ed804ac5-a1cb-4eaf-8852-9c06790effe3,1,2,0,ERRO,2026-06-30T13:02:49.776Z
fb0bf51e-3f55-4c18-9c75-db457443fac8,user111,d93d8dec-d202-40a3-8957-a021688ac596,1,2,15,ACERTO_PLACAR,2026-06-30T13:12:39.561Z
127f9332-cd4b-451e-a545-20fd1bf40da7,user111,9bf02b87-7757-4ccc-a30e-513516a17184,2,0,10,ACERTO_VENCEDOR,2026-06-30T13:12:46.167Z
9b4be5f8-a2df-437e-afec-9b2be5ba7168,user111,ed804ac5-a1cb-4eaf-8852-9c06790effe3,1,0,10,ACERTO_VENCEDOR,2026-06-30T13:13:04.359Z
7f1dcb5f-70d5-448c-bf34-2f120cec87a4,user35,d93d8dec-d202-40a3-8957-a021688ac596,1,2,15,ACERTO_PLACAR,2026-06-30T13:13:10.107Z
12f9af43-e05b-4aec-a6ff-fe56e2a31721,user54,d93d8dec-d202-40a3-8957-a021688ac596,1,2,15,ACERTO_PLACAR,2026-06-30T13:13:12.592Z
d1f9a313-0fbe-451a-a0ef-430e3a0352c4,user54,9bf02b87-7757-4ccc-a30e-513516a17184,3,0,15,ACERTO_PLACAR,2026-06-30T13:13:30.927Z
d7de184f-38da-4f58-adbc-ec3c55b71f22,user35,9bf02b87-7757-4ccc-a30e-513516a17184,3,0,15,ACERTO_PLACAR,2026-06-30T13:13:31.189Z
399ac813-129d-4e1b-9bae-248fa72241a6,user54,ed804ac5-a1cb-4eaf-8852-9c06790effe3,1,1,0,ERRO,2026-06-30T13:13:46.788Z
25bfb904-a3b8-4aaf-9bc3-c3ff3e0ae140,user35,ed804ac5-a1cb-4eaf-8852-9c06790effe3,1,1,0,ERRO,2026-06-30T13:13:48.099Z
03c22e67-4990-4486-928a-dbd4f883f5ce,user64,9bf02b87-7757-4ccc-a30e-513516a17184,2,1,7,ACERTO_VENCEDOR,2026-06-30T13:13:59.017Z
8474b3be-c3bf-4b8c-9280-05345a9352b9,user64,ed804ac5-a1cb-4eaf-8852-9c06790effe3,2,1,10,ACERTO_VENCEDOR,2026-06-30T13:13:59.279Z
4f7e0935-9491-46cf-8c63-780b61d52c64,user64,d93d8dec-d202-40a3-8957-a021688ac596,1,2,15,ACERTO_PLACAR,2026-06-30T13:13:59.540Z
ed4e1596-89c7-43a4-882e-338b44b7c027,user156,ed804ac5-a1cb-4eaf-8852-9c06790effe3,1,0,10,ACERTO_VENCEDOR,2026-06-30T13:42:01.246Z
51dfc621-2bbd-4caa-bef8-aa9f481369d5,user113,d93d8dec-d202-40a3-8957-a021688ac596,2,2,0,ERRO,2026-06-30T14:08:46.834Z
93974b47-49d5-4a45-b869-f2941292f162,user113,9bf02b87-7757-4ccc-a30e-513516a17184,3,1,10,ACERTO_VENCEDOR,2026-06-30T14:09:35.698Z
78b3acb0-eafa-4f3b-ac12-6245e2b83610,user113,ed804ac5-a1cb-4eaf-8852-9c06790effe3,1,2,0,ERRO,2026-06-30T14:10:02.353Z
28106510-4227-4ded-94a8-63196f342d30,user177,d93d8dec-d202-40a3-8957-a021688ac596,2,3,10,ACERTO_VENCEDOR,2026-06-30T14:33:29.559Z
3b6ed178-9153-407b-88c7-708f19acebed,user5,d93d8dec-d202-40a3-8957-a021688ac596,2,1,0,ERRO,2026-06-30T14:47:03.248Z
e4b6478a-04d2-48d3-8c85-3af24f0a27e7,user5,9bf02b87-7757-4ccc-a30e-513516a17184,3,0,15,ACERTO_PLACAR,2026-06-30T14:47:03.534Z
5c552b84-540c-4f15-aa92-3383a0fadc88,user5,ed804ac5-a1cb-4eaf-8852-9c06790effe3,2,1,10,ACERTO_VENCEDOR,2026-06-30T14:47:03.819Z
b7702e45-12e6-4bac-bdae-a68f1403f83b,user2,d93d8dec-d202-40a3-8957-a021688ac596,1,2,15,ACERTO_PLACAR,2026-06-30T15:45:47.426Z
4163132a-caf6-45d8-9b81-f35b216a300a,user2,ed804ac5-a1cb-4eaf-8852-9c06790effe3,1,1,0,ERRO,2026-06-30T15:46:15.111Z
f353dd90-4ef7-4732-a874-a1bfa03d1ae8,user177,9bf02b87-7757-4ccc-a30e-513516a17184,3,1,10,ACERTO_VENCEDOR,2026-06-30T16:06:47.940Z
5f411d07-3aae-4bb2-b0b7-0df6387187bb,user177,ed804ac5-a1cb-4eaf-8852-9c06790effe3,2,1,10,ACERTO_VENCEDOR,2026-06-30T16:06:51.592Z
0c67c409-a3ec-4545-b96d-eab91c74a029,user119,9bf02b87-7757-4ccc-a30e-513516a17184,2,0,10,ACERTO_VENCEDOR,2026-06-30T16:24:37.620Z
778e4e9a-b6d1-475c-bea0-06bcca98e9bf,user119,ed804ac5-a1cb-4eaf-8852-9c06790effe3,1,2,0,ERRO,2026-06-30T16:24:37.914Z
0e40bde2-9ea6-47f3-8abc-6be2fb85b35a,user119,d93d8dec-d202-40a3-8957-a021688ac596,1,2,15,ACERTO_PLACAR,2026-06-30T16:24:38.208Z
d14d49bf-d419-4635-9800-d5cc73e2beb6,user148,d93d8dec-d202-40a3-8957-a021688ac596,1,3,10,ACERTO_VENCEDOR,2026-06-30T16:44:42.049Z
d34711a7-15cd-4666-869e-e7705917b5c6,user148,ed804ac5-a1cb-4eaf-8852-9c06790effe3,1,0,10,ACERTO_VENCEDOR,2026-06-30T16:45:47.742Z
cba888a6-2707-410d-9752-4ce6047b1235,user148,9bf02b87-7757-4ccc-a30e-513516a17184,4,1,10,ACERTO_VENCEDOR,2026-06-30T16:46:13.363Z
5e0cc11d-9b7d-42a7-8de1-5353c1248f23,user176,ed804ac5-a1cb-4eaf-8852-9c06790effe3,1,1,0,ERRO,2026-06-30T16:56:32.306Z
7529b951-4e1c-4c83-9a17-29f43598a269,user176,9bf02b87-7757-4ccc-a30e-513516a17184,4,2,7,ACERTO_VENCEDOR,2026-06-30T16:56:33.746Z
faa83a8e-09da-496c-b8aa-62b9b58eca4a,user176,d93d8dec-d202-40a3-8957-a021688ac596,1,3,10,ACERTO_VENCEDOR,2026-06-30T16:56:36.447Z
3982dddb-ab73-4a55-9e9f-981cd9464736,user136,d93d8dec-d202-40a3-8957-a021688ac596,1,2,15,ACERTO_PLACAR,2026-06-30T16:57:08.276Z
c0b8a762-96ea-4607-b68a-bd5301587bbb,user136,9bf02b87-7757-4ccc-a30e-513516a17184,2,1,7,ACERTO_VENCEDOR,2026-06-30T16:57:18.449Z
6dd9493c-b806-4096-90c6-663bb1f394ae,user136,ed804ac5-a1cb-4eaf-8852-9c06790effe3,1,1,0,ERRO,2026-06-30T16:57:38.166Z
56b1d653-79e1-4767-8994-43417ea8406e,user183,9bf02b87-7757-4ccc-a30e-513516a17184,2,1,7,ACERTO_VENCEDOR,2026-06-30T17:57:34.618Z
b2dd8aba-d980-4b41-92eb-f5b89bc3c31c,user183,ed804ac5-a1cb-4eaf-8852-9c06790effe3,1,1,0,ERRO,2026-06-30T17:57:48.999Z
282a55da-eac8-4816-a5e0-31439886e7e3,user183,5c1cd95e-7228-4c95-bc04-b3b1e91aa43e,3,0,7,ACERTO_VENCEDOR,2026-06-30T17:58:20.494Z
7d688354-1ef8-4790-976c-f53faa1ee81a,user183,5d64a052-648a-4757-b9d7-fb43a3ecf0fb,1,2,0,ERRO,2026-06-30T17:58:31.705Z
3edf8473-bb8a-49f3-94d5-6cbe9c66be3f,user183,1240cd20-a0b3-4e27-854f-2219824b7fa0,3,1,10,ACERTO_VENCEDOR,2026-06-30T17:58:37.918Z
1df37926-d792-4172-8ca8-e91289657348,user183,873d7302-6f61-4fa4-8859-9a0e603a7cee,3,1,10,ACERTO_VENCEDOR,2026-06-30T17:58:46.142Z
e7271745-e11f-43df-bc66-fd448dc1b695,user183,500361c0-756d-4f97-96a5-820633059c0b,1,2,0,ERRO,2026-06-30T17:58:58.387Z
934965ab-7350-44e3-9c47-f833846a01ea,user138,9bf02b87-7757-4ccc-a30e-513516a17184,3,1,10,ACERTO_VENCEDOR,2026-06-30T18:35:03.327Z
9ef99b6d-30b5-444c-bcf1-f0cf99059212,user138,ed804ac5-a1cb-4eaf-8852-9c06790effe3,1,2,0,ERRO,2026-06-30T18:35:03.612Z
f844587b-f1fe-4963-a669-244e4e76eba2,user138,5c1cd95e-7228-4c95-bc04-b3b1e91aa43e,2,1,15,ACERTO_PLACAR,2026-06-30T18:36:05.655Z
b0207445-2c2f-4499-a33a-ae87cb6df1b9,user138,a5f5f8bf-7c23-479e-b4c3-2d4868bdd66e,2,0,0,ERRO,2026-06-30T18:36:05.940Z
9d88ec41-df74-4b41-aac8-6d91da1e2d03,user138,f6f03838-c355-4ea7-8a55-ecaf2b16e2f4,3,1,10,ACERTO_VENCEDOR,2026-06-30T18:36:06.225Z
c21c7d14-c3e0-44e0-bbf8-b65f1e5b6d02,user138,5d64a052-648a-4757-b9d7-fb43a3ecf0fb,0,1,0,ERRO,2026-06-30T18:36:06.511Z
71aa3ba4-c399-4f26-a6bc-2c62b3e7820a,user138,6730aac2-38fd-4988-b570-bd0af1758b20,1,0,10,ACERTO_VENCEDOR,2026-06-30T18:36:06.796Z
5dbb23f4-5d9c-46b2-ac3e-80805edfd3af,user138,500361c0-756d-4f97-96a5-820633059c0b,2,2,0,ERRO,2026-06-30T18:36:07.081Z
08badfb4-2d85-4c35-b4dc-468370e94c93,user138,a34486b0-e0d6-4c3e-807e-187e4b9c7e76,2,1,10,ACERTO_VENCEDOR,2026-06-30T18:36:07.367Z
19ac517c-b60a-45c4-ad61-180424f7d623,user138,873d7302-6f61-4fa4-8859-9a0e603a7cee,3,0,15,ACERTO_PLACAR,2026-06-30T18:36:07.652Z
c9c8ab8a-5568-41c5-9701-0be3de3318c3,user138,1240cd20-a0b3-4e27-854f-2219824b7fa0,3,1,10,ACERTO_VENCEDOR,2026-06-30T18:36:08.302Z
2c2abd46-e4a1-4e52-bd16-6d4115cf84d0,user1,d93d8dec-d202-40a3-8957-a021688ac596,1,2,15,ACERTO_PLACAR,2026-06-30T18:40:28.980Z
045f4196-941b-40d9-9588-93f7b4b9ef19,user9,9bf02b87-7757-4ccc-a30e-513516a17184,3,1,10,ACERTO_VENCEDOR,2026-06-30T18:41:11.150Z
74bc959f-2d48-4ed8-9188-b09f17555cdc,user9,ed804ac5-a1cb-4eaf-8852-9c06790effe3,2,1,10,ACERTO_VENCEDOR,2026-06-30T18:42:07.786Z
8dadbcbb-70ef-4d73-9d31-51d74d3ed9c6,user9,d93d8dec-d202-40a3-8957-a021688ac596,1,3,10,ACERTO_VENCEDOR,2026-06-30T18:46:22.255Z
3c25fdd1-23f6-4b29-b6ff-c6d008c37bc3,user1,9bf02b87-7757-4ccc-a30e-513516a17184,3,1,10,ACERTO_VENCEDOR,2026-06-30T18:47:52.247Z
d6281706-6d09-462a-b2f9-f8839e688feb,user1,ed804ac5-a1cb-4eaf-8852-9c06790effe3,2,1,10,ACERTO_VENCEDOR,2026-06-30T18:47:55.374Z
81df60a3-ae2f-4add-9f62-f6c91d229eed,user144,9bf02b87-7757-4ccc-a30e-513516a17184,3,0,15,ACERTO_PLACAR,2026-06-30T19:09:24.281Z
234ecebc-9140-4f43-870c-f2eb70d38797,user144,ed804ac5-a1cb-4eaf-8852-9c06790effe3,1,1,0,ERRO,2026-06-30T19:09:45.622Z
1bd2e68a-ab0f-4503-ae64-fe97ffd7ed59,user4,9bf02b87-7757-4ccc-a30e-513516a17184,3,0,15,ACERTO_PLACAR,2026-06-30T19:16:40.554Z
73d73946-6877-416c-b912-d2f655028f70,user4,ed804ac5-a1cb-4eaf-8852-9c06790effe3,2,1,10,ACERTO_VENCEDOR,2026-06-30T19:16:46.916Z
7a35cde8-f3e5-4cf3-b2f1-610b48584344,user134,9bf02b87-7757-4ccc-a30e-513516a17184,2,0,10,ACERTO_VENCEDOR,2026-06-30T19:54:09.243Z
bd806c0b-c4f1-4b48-9f62-adfd8f48e2ea,user117,9bf02b87-7757-4ccc-a30e-513516a17184,3,0,15,ACERTO_PLACAR,2026-06-30T20:20:27.227Z
37ffd511-e5e1-4859-9b9f-5ebe8eb6f4c3,user117,ed804ac5-a1cb-4eaf-8852-9c06790effe3,1,1,0,ERRO,2026-06-30T20:20:34.676Z
22e1e17a-3b15-4a86-886a-016c13c24fc1,user134,ed804ac5-a1cb-4eaf-8852-9c06790effe3,1,1,0,ERRO,2026-06-30T20:24:17.423Z
734adac9-857d-4c2b-8624-21c6bad4ffa1,user17,ed804ac5-a1cb-4eaf-8852-9c06790effe3,1,2,0,ERRO,2026-06-30T21:03:31.275Z
8177209b-5a8a-447f-b867-95e203a68430,user17,5c1cd95e-7228-4c95-bc04-b3b1e91aa43e,3,0,7,ACERTO_VENCEDOR,2026-06-30T21:03:44.453Z
3a0313a3-ea75-4187-83bd-c71fe18f9f2b,user17,5d64a052-648a-4757-b9d7-fb43a3ecf0fb,1,2,0,ERRO,2026-06-30T21:03:51.170Z
b7468513-8054-4a27-a96c-13f189de49df,user17,1240cd20-a0b3-4e27-854f-2219824b7fa0,3,2,7,ACERTO_VENCEDOR,2026-06-30T21:04:04.968Z
34518eb3-6f45-42fa-9ffb-940b2207bfdd,user17,873d7302-6f61-4fa4-8859-9a0e603a7cee,2,0,10,ACERTO_VENCEDOR,2026-06-30T21:04:10.593Z
d0fb17e3-3f9d-46b2-9409-a70c35d05a81,user17,500361c0-756d-4f97-96a5-820633059c0b,2,2,0,ERRO,2026-06-30T21:04:22.980Z
9e609ed2-34ed-4f36-a8af-a94682d6755e,user83,ed804ac5-a1cb-4eaf-8852-9c06790effe3,1,0,10,ACERTO_VENCEDOR,2026-06-30T22:39:54.524Z
efa8e2df-174b-4e57-a89f-2eb365571697,user83,5c1cd95e-7228-4c95-bc04-b3b1e91aa43e,0,1,0,ERRO,2026-06-30T22:40:00.900Z
66944f8f-4a48-439e-975b-968628322576,user83,f6f03838-c355-4ea7-8a55-ecaf2b16e2f4,1,1,0,ERRO,2026-06-30T22:40:37.509Z
baa3c0ab-5e5b-49b5-b627-d82de62a54c7,user83,5d64a052-648a-4757-b9d7-fb43a3ecf0fb,0,2,0,ERRO,2026-06-30T22:40:55.438Z
456df18b-864a-4759-8a80-029856b73758,user83,1240cd20-a0b3-4e27-854f-2219824b7fa0,0,1,0,ERRO,2026-06-30T22:40:59.811Z
ffea8035-c3e3-4057-9bed-0681c7654bc6,user83,873d7302-6f61-4fa4-8859-9a0e603a7cee,2,1,7,ACERTO_VENCEDOR,2026-06-30T22:41:03.668Z
24903f27-091c-405b-b86a-6ab7416255be,user83,500361c0-756d-4f97-96a5-820633059c0b,0,1,0,ERRO,2026-06-30T22:41:12.566Z
7a9137d8-d896-4d1e-a5df-ed64b32b7ab3,user83,6730aac2-38fd-4988-b570-bd0af1758b20,0,1,0,ERRO,2026-06-30T22:41:18.309Z
e2a6eb0f-2b52-4691-9847-13e5e4fda311,user83,a5f5f8bf-7c23-479e-b4c3-2d4868bdd66e,1,2,0,ERRO,2026-06-30T22:41:21.451Z
cdb5d739-5ba1-4872-9ffe-acdc58abf8c9,user83,a34486b0-e0d6-4c3e-807e-187e4b9c7e76,2,1,10,ACERTO_VENCEDOR,2026-06-30T22:41:26.698Z
345b4ab8-0171-456b-93f6-883f114ab37d,user136,5c1cd95e-7228-4c95-bc04-b3b1e91aa43e,1,0,10,ACERTO_VENCEDOR,2026-06-30T23:40:30.261Z
7153007d-b686-4aef-8ee4-4ed39ec854e8,user136,5d64a052-648a-4757-b9d7-fb43a3ecf0fb,1,2,0,ERRO,2026-06-30T23:40:38.341Z
d38b4dcc-b95a-4006-a230-4c7490bcb9a7,user136,1240cd20-a0b3-4e27-854f-2219824b7fa0,0,0,0,ERRO,2026-06-30T23:40:54.518Z
a535ece7-22f4-492b-9a6d-2b01b23c8b3b,user113,1240cd20-a0b3-4e27-854f-2219824b7fa0,3,1,10,ACERTO_VENCEDOR,2026-07-01T00:17:02.302Z
4d89a78a-628a-4818-8d3f-0b861562155f,user113,5d64a052-648a-4757-b9d7-fb43a3ecf0fb,1,1,0,ERRO,2026-07-01T00:17:02.600Z
0a6fc4dc-0562-4007-9f03-922c0caaf1c6,user113,873d7302-6f61-4fa4-8859-9a0e603a7cee,3,1,10,ACERTO_VENCEDOR,2026-07-01T00:17:02.897Z
4d45b00e-6032-433b-8a59-283d72f7843c,user113,f6f03838-c355-4ea7-8a55-ecaf2b16e2f4,1,1,0,ERRO,2026-07-01T00:17:03.195Z
d1ae545b-45fa-429b-b810-df403382847b,user113,500361c0-756d-4f97-96a5-820633059c0b,1,1,0,ERRO,2026-07-01T00:17:03.492Z
aca594cc-436c-4393-9a41-0e2685d4163f,user113,5c1cd95e-7228-4c95-bc04-b3b1e91aa43e,2,1,15,ACERTO_PLACAR,2026-07-01T00:17:03.790Z
4cad0e53-672e-40eb-823f-48bb0cedfb3f,user113,a5f5f8bf-7c23-479e-b4c3-2d4868bdd66e,0,0,10,ACERTO_BONUS,2026-07-01T00:17:04.088Z
7a887b39-9b76-48a7-b0f6-9e22823a1443,user113,6730aac2-38fd-4988-b570-bd0af1758b20,2,1,10,ACERTO_VENCEDOR,2026-07-01T00:17:04.385Z
483fc8d4-846d-4501-8a29-7c6504ba7c9f,user113,a34486b0-e0d6-4c3e-807e-187e4b9c7e76,3,2,10,ACERTO_VENCEDOR,2026-07-01T00:17:04.682Z
c569af67-72f0-4b46-bae6-8bed1c3eae05,user184,5c1cd95e-7228-4c95-bc04-b3b1e91aa43e,4,0,7,ACERTO_VENCEDOR,2026-07-01T03:45:10.129Z
94b3ce59-5472-4361-b196-24c81afab086,user184,5d64a052-648a-4757-b9d7-fb43a3ecf0fb,1,2,0,ERRO,2026-07-01T03:45:18.669Z
e1705306-51d9-45bb-81cd-c443253e0d12,user184,1240cd20-a0b3-4e27-854f-2219824b7fa0,3,1,10,ACERTO_VENCEDOR,2026-07-01T03:45:31.035Z
12644258-c3e6-4fde-b7ad-4e09ca5a1148,user16,5c1cd95e-7228-4c95-bc04-b3b1e91aa43e,3,0,7,ACERTO_VENCEDOR,2026-07-01T08:28:09.550Z
66af960d-8369-4b96-893c-d52e619b27ab,user16,5d64a052-648a-4757-b9d7-fb43a3ecf0fb,2,1,10,ACERTO_VENCEDOR,2026-07-01T08:28:16.867Z
d4bc0f16-130a-450d-b963-3113f4fb6f83,user16,1240cd20-a0b3-4e27-854f-2219824b7fa0,2,0,15,ACERTO_PLACAR,2026-07-01T08:28:24.069Z
babd90b9-0176-45ad-b949-191db4e81178,user139,5c1cd95e-7228-4c95-bc04-b3b1e91aa43e,3,1,10,ACERTO_VENCEDOR,2026-07-01T09:03:18.257Z
570e7368-1bdc-4ae6-b613-dc644cf84abb,user139,5d64a052-648a-4757-b9d7-fb43a3ecf0fb,2,1,10,ACERTO_VENCEDOR,2026-07-01T09:03:33.120Z
56df5b12-c743-4a79-b8dd-5f25047ba915,user139,1240cd20-a0b3-4e27-854f-2219824b7fa0,2,0,15,ACERTO_PLACAR,2026-07-01T09:03:42.436Z
a1fbff9c-3922-42e3-9248-9676d9c5e0ba,user99,1240cd20-a0b3-4e27-854f-2219824b7fa0,2,0,15,ACERTO_PLACAR,2026-07-01T11:48:47.467Z
b3e11dcc-ea46-4cc4-963d-b3a50573c726,user99,5d64a052-648a-4757-b9d7-fb43a3ecf0fb,1,1,0,ERRO,2026-07-01T11:48:48.940Z
2ea8b0c4-7fc0-4d3e-ab33-bee543482549,user99,5c1cd95e-7228-4c95-bc04-b3b1e91aa43e,1,1,0,ERRO,2026-07-01T11:48:51.699Z
c7480ada-0390-4a7f-8ea6-e9a470f093df,user156,5c1cd95e-7228-4c95-bc04-b3b1e91aa43e,2,0,10,ACERTO_VENCEDOR,2026-07-01T12:20:17.122Z
aafaa239-129f-488f-83eb-d62d424566af,user156,1240cd20-a0b3-4e27-854f-2219824b7fa0,2,0,15,ACERTO_PLACAR,2026-07-01T12:20:34.880Z
48094b5d-d8de-4259-ad2f-d7631397defa,user156,5d64a052-648a-4757-b9d7-fb43a3ecf0fb,1,1,0,ERRO,2026-07-01T12:20:46.483Z
c0d801f2-de9a-4331-b4b3-7cdad138f9c1,user156,873d7302-6f61-4fa4-8859-9a0e603a7cee,3,1,10,ACERTO_VENCEDOR,2026-07-01T12:21:18.990Z
c2a2ce87-3468-423a-b12d-70827df68f01,user156,500361c0-756d-4f97-96a5-820633059c0b,1,1,0,ERRO,2026-07-01T12:21:29.787Z
377af8d7-7d80-4e46-a597-3af31b101da9,user156,6730aac2-38fd-4988-b570-bd0af1758b20,2,1,10,ACERTO_VENCEDOR,2026-07-01T12:21:38.428Z
fcb1a424-d076-4f53-b52e-fc9d84b55271,user156,a5f5f8bf-7c23-479e-b4c3-2d4868bdd66e,0,1,0,ERRO,2026-07-01T12:21:45.230Z
70ef6533-e7c9-4dd7-9cec-1444062c9e3e,user156,f6f03838-c355-4ea7-8a55-ecaf2b16e2f4,4,0,7,ACERTO_VENCEDOR,2026-07-01T12:21:52.591Z
dd5eb581-58b9-4575-a446-09f64490f395,user156,a34486b0-e0d6-4c3e-807e-187e4b9c7e76,2,1,10,ACERTO_VENCEDOR,2026-07-01T12:22:03.276Z
859db415-0d12-4b78-9b71-03dd5794d233,user177,5d64a052-648a-4757-b9d7-fb43a3ecf0fb,1,1,0,ERRO,2026-07-01T13:13:35.504Z
1405d3ca-bed4-4a8b-8f54-58e2020d6314,user177,1240cd20-a0b3-4e27-854f-2219824b7fa0,2,0,15,ACERTO_PLACAR,2026-07-01T13:14:07.865Z
b8716798-9f2b-4df2-a00b-4fdfc89befbc,user177,5c1cd95e-7228-4c95-bc04-b3b1e91aa43e,2,1,15,ACERTO_PLACAR,2026-07-01T13:15:47.213Z
950e0fc6-75d7-42e6-bdfe-6e631daeeef6,user1,5c1cd95e-7228-4c95-bc04-b3b1e91aa43e,3,0,7,ACERTO_VENCEDOR,2026-07-01T13:24:48.386Z
faff396b-0dd0-4ca6-a685-690c8b259ad8,user1,5d64a052-648a-4757-b9d7-fb43a3ecf0fb,1,2,0,ERRO,2026-07-01T13:24:54.116Z
c288b30c-8364-4237-9940-c828afda9189,user1,1240cd20-a0b3-4e27-854f-2219824b7fa0,3,0,10,ACERTO_VENCEDOR,2026-07-01T13:25:00.606Z
8e6e034b-0512-49ca-945b-656f0deb6a5f,user9,5c1cd95e-7228-4c95-bc04-b3b1e91aa43e,2,0,10,ACERTO_VENCEDOR,2026-07-01T13:26:28.344Z
404ef792-9584-4f81-9c56-5b9b85211a2a,user9,5d64a052-648a-4757-b9d7-fb43a3ecf0fb,1,0,10,ACERTO_VENCEDOR,2026-07-01T13:28:23.119Z
41c54106-9988-4de8-8089-b202df6644f8,user9,1240cd20-a0b3-4e27-854f-2219824b7fa0,2,0,15,ACERTO_PLACAR,2026-07-01T13:29:00.557Z
65066ad1-a742-4ca8-916b-06b464554fd8,user119,1240cd20-a0b3-4e27-854f-2219824b7fa0,1,2,0,ERRO,2026-07-01T13:44:02.227Z
bda48a14-d5cd-4943-be3d-b7663e1cb4a9,user119,5d64a052-648a-4757-b9d7-fb43a3ecf0fb,2,0,7,ACERTO_VENCEDOR,2026-07-01T13:44:02.514Z
7b6ceb18-4b27-4d69-939f-60eeccd65b4b,user119,5c1cd95e-7228-4c95-bc04-b3b1e91aa43e,1,1,0,ERRO,2026-07-01T13:44:02.801Z
15aa0d83-61de-401c-9fae-d03dd7a46d84,user75,5c1cd95e-7228-4c95-bc04-b3b1e91aa43e,2,0,10,ACERTO_VENCEDOR,2026-07-01T13:45:55.505Z
7ae9dfff-7bb4-4d0c-b1b5-136cb572b8fa,user75,5d64a052-648a-4757-b9d7-fb43a3ecf0fb,2,1,10,ACERTO_VENCEDOR,2026-07-01T13:46:41.957Z
0dab4715-039d-42fa-af99-f93e35c4b07d,user75,1240cd20-a0b3-4e27-854f-2219824b7fa0,2,0,15,ACERTO_PLACAR,2026-07-01T13:47:01.615Z
60f73f66-c95d-43ae-a969-32b47e3d5605,user126,5c1cd95e-7228-4c95-bc04-b3b1e91aa43e,2,0,10,ACERTO_VENCEDOR,2026-07-01T13:48:47.165Z
0e390dbe-7c8f-4c5c-afc1-447675fb7f39,user89,5c1cd95e-7228-4c95-bc04-b3b1e91aa43e,3,0,7,ACERTO_VENCEDOR,2026-07-01T13:52:21.115Z
4b781fc3-f240-4f08-ba7b-224fb6a437e6,user89,5d64a052-648a-4757-b9d7-fb43a3ecf0fb,1,2,0,ERRO,2026-07-01T13:52:24.384Z
60905480-3619-43bb-b224-48e60383d5aa,user89,1240cd20-a0b3-4e27-854f-2219824b7fa0,2,0,15,ACERTO_PLACAR,2026-07-01T13:52:37.741Z
1955ed86-5496-4d02-abbd-6ab221858752,user89,500361c0-756d-4f97-96a5-820633059c0b,1,1,0,ERRO,2026-07-01T13:53:10.408Z
6e5fb8ef-a7f2-4d50-9ea3-e37035e35874,user89,a34486b0-e0d6-4c3e-807e-187e4b9c7e76,2,0,10,ACERTO_VENCEDOR,2026-07-01T13:53:12.960Z
e065e3ed-6c22-46f8-b27f-e9debb0297c4,user89,873d7302-6f61-4fa4-8859-9a0e603a7cee,3,0,15,ACERTO_PLACAR,2026-07-01T13:53:13.243Z
86b49541-35c6-42d6-ab33-26d387dbf82d,user89,a5f5f8bf-7c23-479e-b4c3-2d4868bdd66e,0,1,0,ERRO,2026-07-01T13:53:13.526Z
616f3ba8-2ad1-40e7-980b-42a1d9f74505,user89,6730aac2-38fd-4988-b570-bd0af1758b20,2,1,10,ACERTO_VENCEDOR,2026-07-01T13:53:13.808Z
aa82c86b-2039-44c3-94dd-ea63a985429e,user89,f6f03838-c355-4ea7-8a55-ecaf2b16e2f4,3,0,10,ACERTO_VENCEDOR,2026-07-01T13:53:14.090Z
eaec81ca-92f5-489d-8176-55c15392776b,user145,1240cd20-a0b3-4e27-854f-2219824b7fa0,3,1,10,ACERTO_VENCEDOR,2026-07-01T14:06:43.237Z
a8c2d2cb-00c3-4936-a83e-7744e4f695b1,user145,5d64a052-648a-4757-b9d7-fb43a3ecf0fb,1,2,0,ERRO,2026-07-01T14:06:44.724Z
be0c1862-534e-4bc2-b4fa-596343b5c0a3,user145,5c1cd95e-7228-4c95-bc04-b3b1e91aa43e,2,0,10,ACERTO_VENCEDOR,2026-07-01T14:06:46.203Z
43a09d39-ae0b-4c91-92c1-bd8956f284f1,user117,5c1cd95e-7228-4c95-bc04-b3b1e91aa43e,3,0,7,ACERTO_VENCEDOR,2026-07-01T14:47:45.070Z
2fdeb741-3120-490b-9fa5-bd0672c86ad7,user117,5d64a052-648a-4757-b9d7-fb43a3ecf0fb,1,1,0,ERRO,2026-07-01T14:47:55.257Z
e88d4e54-f979-47c6-823d-1f70e087cfcc,user117,1240cd20-a0b3-4e27-854f-2219824b7fa0,2,0,15,ACERTO_PLACAR,2026-07-01T14:48:06.385Z
8cdb460c-27dc-46e8-9952-fc2f2621255f,user12,5c1cd95e-7228-4c95-bc04-b3b1e91aa43e,2,0,10,ACERTO_VENCEDOR,2026-07-01T14:51:53.884Z
767c9d92-385a-45a4-945c-eb732e6242cc,user12,5d64a052-648a-4757-b9d7-fb43a3ecf0fb,1,1,0,ERRO,2026-07-01T14:52:09.030Z
564f7480-d7f2-4413-8096-2affe7ba8ddc,user12,1240cd20-a0b3-4e27-854f-2219824b7fa0,2,1,10,ACERTO_VENCEDOR,2026-07-01T14:52:29.813Z
8a9aa94c-4612-4eb0-8630-a30ed0698495,user54,5c1cd95e-7228-4c95-bc04-b3b1e91aa43e,2,0,10,ACERTO_VENCEDOR,2026-07-01T14:59:00.883Z
33a8c924-af8b-4a82-8481-839c4884f7ea,user54,5d64a052-648a-4757-b9d7-fb43a3ecf0fb,1,1,0,ERRO,2026-07-01T14:59:20.524Z
bed54c0b-b7ab-4e79-966a-e17e935b4269,user54,1240cd20-a0b3-4e27-854f-2219824b7fa0,1,1,0,ERRO,2026-07-01T14:59:34.294Z
399bfdb4-aa83-41ff-9c7b-40b5732e2afc,user5,5c1cd95e-7228-4c95-bc04-b3b1e91aa43e,2,0,10,ACERTO_VENCEDOR,2026-07-01T15:06:07.028Z
c1862358-564f-448e-ae18-b8f1186556a5,user5,5d64a052-648a-4757-b9d7-fb43a3ecf0fb,2,2,0,ERRO,2026-07-01T15:07:19.379Z
76763bd3-e0dd-43cd-babe-2f51151062ff,user5,1240cd20-a0b3-4e27-854f-2219824b7fa0,2,1,10,ACERTO_VENCEDOR,2026-07-01T15:07:24.737Z
b6f0d0b8-00e0-48be-9b12-15579fbe7438,user160,5c1cd95e-7228-4c95-bc04-b3b1e91aa43e,3,1,10,ACERTO_VENCEDOR,2026-07-01T15:19:49.475Z
2c0be9b9-7282-4556-8898-646c58fc3bfd,user160,5d64a052-648a-4757-b9d7-fb43a3ecf0fb,1,2,0,ERRO,2026-07-01T15:20:00.803Z
38611043-8112-4d2f-a5bb-1d5524b93ba1,user160,1240cd20-a0b3-4e27-854f-2219824b7fa0,3,1,10,ACERTO_VENCEDOR,2026-07-01T15:20:09.103Z
7178cb40-7286-438b-adcf-b2fd5f26f004,user148,5c1cd95e-7228-4c95-bc04-b3b1e91aa43e,2,1,15,ACERTO_PLACAR,2026-07-01T15:28:27.650Z
412eef6e-8513-4fd7-93c9-0ff8a65c1bf7,user148,5d64a052-648a-4757-b9d7-fb43a3ecf0fb,1,1,0,ERRO,2026-07-01T15:28:51.826Z
ee8591f8-c192-4af3-8451-4e23f2659539,user4,5c1cd95e-7228-4c95-bc04-b3b1e91aa43e,2,0,10,ACERTO_VENCEDOR,2026-07-01T15:42:02.895Z
3f7f3fca-f637-42c3-98a0-f4b7997a269f,user4,5d64a052-648a-4757-b9d7-fb43a3ecf0fb,2,1,10,ACERTO_VENCEDOR,2026-07-01T15:42:15.921Z
5b8c6e8a-1226-4fb1-8295-e6ded306033d,user4,1240cd20-a0b3-4e27-854f-2219824b7fa0,3,1,10,ACERTO_VENCEDOR,2026-07-01T15:42:38.049Z
204c2185-81f5-4a3d-8b44-e4e355b5d9ee,user106,5d64a052-648a-4757-b9d7-fb43a3ecf0fb,2,1,10,ACERTO_VENCEDOR,2026-07-01T19:21:07.525Z
13287664-1275-4664-85b5-a728f72aa4f3,user106,1240cd20-a0b3-4e27-854f-2219824b7fa0,2,0,15,ACERTO_PLACAR,2026-07-01T19:21:15.432Z
8146923d-1c49-46c3-ae31-1fc09d5294ce,user2,5d64a052-648a-4757-b9d7-fb43a3ecf0fb,1,1,0,ERRO,2026-07-01T19:35:38.931Z
3e46414a-216d-4589-832c-f2da906c47f7,user2,1240cd20-a0b3-4e27-854f-2219824b7fa0,3,1,10,ACERTO_VENCEDOR,2026-07-01T19:36:14.150Z
d3d76a77-ab36-419f-9138-cefadb0bfe2d,user111,5d64a052-648a-4757-b9d7-fb43a3ecf0fb,3,0,10,ACERTO_VENCEDOR,2026-07-01T19:55:15.316Z
20d54e1d-5a94-432c-a9d5-bd93392b0456,user111,1240cd20-a0b3-4e27-854f-2219824b7fa0,2,0,15,ACERTO_PLACAR,2026-07-01T19:55:25.063Z
1cefe1c3-f126-4183-b90a-27868accbf43,user148,1240cd20-a0b3-4e27-854f-2219824b7fa0,3,1,10,ACERTO_VENCEDOR,2026-07-01T21:00:17.641Z
d3c0592b-e0cc-4c96-90cd-921480bafe11,user177,873d7302-6f61-4fa4-8859-9a0e603a7cee,3,0,15,ACERTO_PLACAR,2026-07-02T02:29:23.816Z
16ed4bfb-30f3-483e-b6aa-0136ea7ed40c,user177,6730aac2-38fd-4988-b570-bd0af1758b20,2,1,10,ACERTO_VENCEDOR,2026-07-02T02:29:30.004Z
4d4f406d-b61d-4e87-88ed-6b8dfd9ba654,user177,500361c0-756d-4f97-96a5-820633059c0b,1,1,0,ERRO,2026-07-02T02:29:51.099Z
30dc1d10-6356-4849-934e-20d6187c0308,user139,873d7302-6f61-4fa4-8859-9a0e603a7cee,3,1,10,ACERTO_VENCEDOR,2026-07-02T04:30:14.104Z
b1d27af7-cbc7-4c44-a4f2-51f8795b8266,user139,500361c0-756d-4f97-96a5-820633059c0b,2,2,0,ERRO,2026-07-02T04:30:31.223Z
db4a1978-dda8-4348-92cd-1815f679c252,user139,6730aac2-38fd-4988-b570-bd0af1758b20,2,2,0,ERRO,2026-07-02T04:30:54.912Z
fb0cfa61-7f6b-4285-ace7-d4b05e3073ab,user117,873d7302-6f61-4fa4-8859-9a0e603a7cee,2,1,7,ACERTO_VENCEDOR,2026-07-02T11:48:28.529Z
93b64369-254f-4966-bc6c-043320d5e2f0,user117,500361c0-756d-4f97-96a5-820633059c0b,2,0,10,ACERTO_VENCEDOR,2026-07-02T11:50:05.993Z
47085573-09e1-42e6-a7d7-78438456c869,user117,6730aac2-38fd-4988-b570-bd0af1758b20,1,3,0,ERRO,2026-07-02T11:50:30.771Z
77b7e2cf-1a78-4fed-9eed-fdf8dd8c8353,user4,873d7302-6f61-4fa4-8859-9a0e603a7cee,2,0,10,ACERTO_VENCEDOR,2026-07-02T12:50:19.558Z
772c508e-c9d8-437d-a701-dfbcc7000bb7,user4,500361c0-756d-4f97-96a5-820633059c0b,1,0,10,ACERTO_VENCEDOR,2026-07-02T12:51:00.416Z
339c5a35-0c90-429c-8d5d-bec59f3e114b,user4,6730aac2-38fd-4988-b570-bd0af1758b20,2,1,10,ACERTO_VENCEDOR,2026-07-02T12:52:06.385Z
72d6867f-761d-49c6-9e47-b8ea45d87fcf,user99,6730aac2-38fd-4988-b570-bd0af1758b20,1,2,0,ERRO,2026-07-02T12:57:50.936Z
2c2911b2-7b0b-4238-bf9a-8d132e56dbf0,user99,500361c0-756d-4f97-96a5-820633059c0b,2,1,15,ACERTO_PLACAR,2026-07-02T12:57:53.406Z
ce278b54-bc74-4660-ad3b-a7a20aea4d01,user99,873d7302-6f61-4fa4-8859-9a0e603a7cee,2,2,0,ERRO,2026-07-02T12:57:55.632Z
95aa73df-d783-4312-b73a-ad932612f7f1,user119,873d7302-6f61-4fa4-8859-9a0e603a7cee,2,1,7,ACERTO_VENCEDOR,2026-07-02T14:22:31.870Z
566cc21b-973b-4ca7-989e-c83f211c7d07,user119,500361c0-756d-4f97-96a5-820633059c0b,1,3,0,ERRO,2026-07-02T14:22:32.157Z
d2207cbe-01ac-42f5-b3c8-16c467f00a41,user119,6730aac2-38fd-4988-b570-bd0af1758b20,2,0,15,ACERTO_PLACAR,2026-07-02T14:22:32.442Z
a7d1b666-62a4-47fb-a472-79dc254ee00a,user134,873d7302-6f61-4fa4-8859-9a0e603a7cee,2,0,10,ACERTO_VENCEDOR,2026-07-02T14:28:08.503Z
bc9768ae-0a8d-4e7c-892c-af82eb161d03,user134,500361c0-756d-4f97-96a5-820633059c0b,1,1,0,ERRO,2026-07-02T14:28:28.163Z
eba395cd-feaa-47a0-9ec8-1016f7d24086,user134,6730aac2-38fd-4988-b570-bd0af1758b20,1,1,0,ERRO,2026-07-02T14:28:29.509Z
c7046618-6a92-4d17-b438-e0ab8e9545f9,user184,873d7302-6f61-4fa4-8859-9a0e603a7cee,2,1,7,ACERTO_VENCEDOR,2026-07-02T14:31:55.932Z
44722442-b7f3-4ba4-a016-8dc332e7e8d0,user184,500361c0-756d-4f97-96a5-820633059c0b,2,1,15,ACERTO_PLACAR,2026-07-02T14:32:18.334Z
353a536a-5671-4e20-a990-d0384e21f260,user184,6730aac2-38fd-4988-b570-bd0af1758b20,1,2,0,ERRO,2026-07-02T14:32:36.353Z
2d13830d-8366-44c7-aa9d-1ac537bdf585,user184,a5f5f8bf-7c23-479e-b4c3-2d4868bdd66e,0,2,0,ERRO,2026-07-02T14:32:54.454Z
6f61b02f-2a19-4754-a0f2-aea4dbd6336e,user184,f6f03838-c355-4ea7-8a55-ecaf2b16e2f4,2,0,7,ACERTO_VENCEDOR,2026-07-02T14:33:02.227Z
a9bfd04e-9555-41da-b8e5-490dce9ccc4d,user184,a34486b0-e0d6-4c3e-807e-187e4b9c7e76,2,1,10,ACERTO_VENCEDOR,2026-07-02T14:34:17.940Z
2368ee24-5dcd-40ec-9bfe-ebde71cb276e,user75,873d7302-6f61-4fa4-8859-9a0e603a7cee,2,0,10,ACERTO_VENCEDOR,2026-07-02T15:17:14.953Z
425b0edf-ce95-44bd-9acd-76dc4fd92e06,user75,500361c0-756d-4f97-96a5-820633059c0b,1,0,10,ACERTO_VENCEDOR,2026-07-02T15:18:01.352Z
03f53c76-5b43-487e-809a-193e48e12642,user75,6730aac2-38fd-4988-b570-bd0af1758b20,2,0,15,ACERTO_PLACAR,2026-07-02T15:18:40.003Z
e2411429-c884-4c84-bf5e-41c3e3291db6,user160,873d7302-6f61-4fa4-8859-9a0e603a7cee,3,1,10,ACERTO_VENCEDOR,2026-07-02T15:53:09.864Z
ea8239aa-0e3e-4c69-92b1-39e32588ce4f,user160,500361c0-756d-4f97-96a5-820633059c0b,2,1,15,ACERTO_PLACAR,2026-07-02T15:53:14.617Z
5a89a0eb-4ac8-49e4-a1fa-3289e836412b,user160,6730aac2-38fd-4988-b570-bd0af1758b20,2,2,0,ERRO,2026-07-02T15:53:26.989Z
7ad7ca60-d843-4c2a-a11b-7dfb9a55ca63,user111,873d7302-6f61-4fa4-8859-9a0e603a7cee,3,1,10,ACERTO_VENCEDOR,2026-07-02T15:57:43.086Z
621dd4c6-dca4-4123-87b4-ded383047fbc,user111,500361c0-756d-4f97-96a5-820633059c0b,2,2,0,ERRO,2026-07-02T15:58:07.532Z
f0b7d175-ffb0-49f2-9f1b-f94b80135219,user111,6730aac2-38fd-4988-b570-bd0af1758b20,1,2,0,ERRO,2026-07-02T15:58:33.825Z
183db442-e520-4e8f-bea7-155609f7973e,user54,500361c0-756d-4f97-96a5-820633059c0b,1,1,0,ERRO,2026-07-02T16:00:23.441Z
e30641fe-9a66-42b2-9f09-db09342527e5,user54,6730aac2-38fd-4988-b570-bd0af1758b20,2,1,10,ACERTO_VENCEDOR,2026-07-02T16:00:55.429Z
6fefb2be-13df-403d-9b19-cbc5b28bbb01,user2,873d7302-6f61-4fa4-8859-9a0e603a7cee,2,0,10,ACERTO_VENCEDOR,2026-07-02T16:19:31.162Z
568ca819-d4f4-4e87-b4b1-9405b5b37529,user2,500361c0-756d-4f97-96a5-820633059c0b,1,1,0,ERRO,2026-07-02T16:19:52.877Z
cc05ec53-50d1-4994-918b-09306d606838,user2,6730aac2-38fd-4988-b570-bd0af1758b20,1,2,0,ERRO,2026-07-02T16:20:15.390Z
c11ccb9b-e97f-43bb-a2ce-27a6fd35345e,user136,873d7302-6f61-4fa4-8859-9a0e603a7cee,0,2,0,ERRO,2026-07-02T16:42:35.710Z
32c597d6-73ba-402b-8198-53e7056ddea8,user136,500361c0-756d-4f97-96a5-820633059c0b,1,2,0,ERRO,2026-07-02T16:42:55.019Z
d1f99257-003d-4b19-a00b-08c4af1af88b,user136,6730aac2-38fd-4988-b570-bd0af1758b20,2,1,10,ACERTO_VENCEDOR,2026-07-02T16:43:08.762Z
e4bffb9b-ed3d-49af-b4dc-83488fdd0099,user12,873d7302-6f61-4fa4-8859-9a0e603a7cee,2,0,10,ACERTO_VENCEDOR,2026-07-02T17:37:06.745Z
a4b569e0-dbed-49d2-9ac3-77cc0e068e7c,user12,500361c0-756d-4f97-96a5-820633059c0b,2,1,15,ACERTO_PLACAR,2026-07-02T17:37:14.776Z
96d3550a-4932-4717-9b29-0cdb6ee97f6e,user12,6730aac2-38fd-4988-b570-bd0af1758b20,1,1,0,ERRO,2026-07-02T17:37:29.255Z
c14418e1-2a17-412e-b161-26d021f63206,user5,873d7302-6f61-4fa4-8859-9a0e603a7cee,2,0,10,ACERTO_VENCEDOR,2026-07-02T18:08:50.094Z
0b2e9618-697a-4542-8bfd-de4c409f7516,user5,6730aac2-38fd-4988-b570-bd0af1758b20,2,1,10,ACERTO_VENCEDOR,2026-07-02T18:08:50.672Z
c5949981-b396-41f7-b6a1-713f977b55ea,user5,500361c0-756d-4f97-96a5-820633059c0b,2,1,15,ACERTO_PLACAR,2026-07-02T18:08:51.846Z
e8e2e86b-013b-4658-828e-9122dec50059,user9,873d7302-6f61-4fa4-8859-9a0e603a7cee,3,1,10,ACERTO_VENCEDOR,2026-07-02T18:32:15.899Z
79a1b5e8-b139-4ee7-9763-41b6bd31838d,user9,6730aac2-38fd-4988-b570-bd0af1758b20,2,1,10,ACERTO_VENCEDOR,2026-07-02T18:33:00.891Z
c7b975c0-083b-4687-90f0-27ac40fd7bb1,user1,873d7302-6f61-4fa4-8859-9a0e603a7cee,3,0,15,ACERTO_PLACAR,2026-07-02T18:33:39.478Z
017bc6ae-4e46-4d7a-975d-6eec4ff805ab,user1,500361c0-756d-4f97-96a5-820633059c0b,1,1,0,ERRO,2026-07-02T18:33:53.451Z
6e1e6bfc-acd3-46f3-a2c9-eaf958f30b13,user1,6730aac2-38fd-4988-b570-bd0af1758b20,2,1,10,ACERTO_VENCEDOR,2026-07-02T18:35:12.881Z
c457af51-c147-4bf2-8cde-305192fb7cdc,user151,873d7302-6f61-4fa4-8859-9a0e603a7cee,2,1,7,ACERTO_VENCEDOR,2026-07-02T18:47:57.682Z
c2d525d0-c49b-4ea2-a36d-1b16e5605f33,user151,500361c0-756d-4f97-96a5-820633059c0b,3,1,10,ACERTO_VENCEDOR,2026-07-02T18:48:00.552Z
54a9115c-ec02-4a9b-8b90-9b55084b414f,user151,6730aac2-38fd-4988-b570-bd0af1758b20,2,0,15,ACERTO_PLACAR,2026-07-02T18:48:09.233Z
f519a99f-f4f8-461c-b803-591cc31007a9,user148,873d7302-6f61-4fa4-8859-9a0e603a7cee,2,1,7,ACERTO_VENCEDOR,2026-07-02T18:55:48.011Z
59b1a12d-ce11-4fcc-9d23-3bc978a63496,user148,500361c0-756d-4f97-96a5-820633059c0b,3,1,10,ACERTO_VENCEDOR,2026-07-02T18:57:38.555Z
bb62881a-0c1e-429e-9309-4690fccd2c2f,user145,6730aac2-38fd-4988-b570-bd0af1758b20,3,1,10,ACERTO_VENCEDOR,2026-07-02T19:07:34.982Z
9c14fd42-cfb1-499e-88c9-188441a1fca8,user145,500361c0-756d-4f97-96a5-820633059c0b,2,1,15,ACERTO_PLACAR,2026-07-02T19:07:36.398Z
241c3f5b-1d2b-4d2a-9b98-a52f2eb46862,user16,500361c0-756d-4f97-96a5-820633059c0b,1,2,0,ERRO,2026-07-02T19:44:50.319Z
d1dbd69e-28c2-46b6-9113-114d9fe0dc92,user16,6730aac2-38fd-4988-b570-bd0af1758b20,3,1,10,ACERTO_VENCEDOR,2026-07-02T19:44:58.590Z
fd16edc1-db81-4a99-a49c-f25df03e1151,user11,500361c0-756d-4f97-96a5-820633059c0b,1,1,0,ERRO,2026-07-02T20:28:01.925Z
20ef3d98-2bad-4a2a-8323-0d2b1d67cf59,user11,6730aac2-38fd-4988-b570-bd0af1758b20,1,2,0,ERRO,2026-07-02T20:28:15.687Z
6aa5b419-eb38-4f7a-8250-024b74e092e8,user11,a5f5f8bf-7c23-479e-b4c3-2d4868bdd66e,2,1,0,ERRO,2026-07-02T20:29:11.254Z
a33870b9-2c26-41d0-909c-3ca4040f3435,user11,f6f03838-c355-4ea7-8a55-ecaf2b16e2f4,2,1,10,ACERTO_VENCEDOR,2026-07-02T20:29:20.484Z
89e144fa-12da-41ee-b216-adc5c1df893e,user11,a34486b0-e0d6-4c3e-807e-187e4b9c7e76,1,1,0,ERRO,2026-07-02T20:29:34.387Z
04042ec2-282f-4eef-81cc-1fb4764d5b84,user148,6730aac2-38fd-4988-b570-bd0af1758b20,2,0,15,ACERTO_PLACAR,2026-07-02T21:37:32.887Z
a643e1d2-2ffe-4b19-84dd-f94668691818,user119,a34486b0-e0d6-4c3e-807e-187e4b9c7e76,1,2,0,ERRO,2026-07-02T21:49:55.470Z
9c6e95ef-5b87-4086-8796-64bac95c055e,user119,f6f03838-c355-4ea7-8a55-ecaf2b16e2f4,4,0,7,ACERTO_VENCEDOR,2026-07-02T21:49:57.221Z
312fb980-370e-4acb-943e-a1486d7b2ea1,user119,a5f5f8bf-7c23-479e-b4c3-2d4868bdd66e,1,3,0,ERRO,2026-07-02T21:49:57.510Z
16d66564-a66a-4a2f-89fa-1d457066940a,user9,500361c0-756d-4f97-96a5-820633059c0b,1,1,0,ERRO,2026-07-02T22:37:54.652Z
e55b8768-2469-4a62-92e3-0d1dc9bd14e5,user8,6730aac2-38fd-4988-b570-bd0af1758b20,3,1,10,ACERTO_VENCEDOR,2026-07-03T00:53:19.152Z
4ac77981-e530-4085-8597-cdf11cdd5871,user111,a5f5f8bf-7c23-479e-b4c3-2d4868bdd66e,2,1,0,ERRO,2026-07-03T02:31:24.380Z
ffbc39cd-430c-42be-acc7-8fdc5699177b,user111,f6f03838-c355-4ea7-8a55-ecaf2b16e2f4,2,0,7,ACERTO_VENCEDOR,2026-07-03T02:31:29.922Z
71a252ca-ce25-47b4-b33e-6fcff6b6be58,user111,a34486b0-e0d6-4c3e-807e-187e4b9c7e76,3,2,10,ACERTO_VENCEDOR,2026-07-03T02:31:37.667Z
68fd51de-0336-4da9-b059-2229ee69d9f5,user5,a5f5f8bf-7c23-479e-b4c3-2d4868bdd66e,1,3,0,ERRO,2026-07-03T05:16:34.060Z
e0cdf2a6-6e17-45ab-a775-e968f774cc0e,user5,a34486b0-e0d6-4c3e-807e-187e4b9c7e76,2,1,10,ACERTO_VENCEDOR,2026-07-03T05:16:34.659Z
9ea14aab-384b-4c38-be8a-016fab1a3e14,user5,f6f03838-c355-4ea7-8a55-ecaf2b16e2f4,3,0,10,ACERTO_VENCEDOR,2026-07-03T05:16:35.862Z
a19f445d-9cfd-4cf2-9537-0815bec3e8d3,user139,f6f03838-c355-4ea7-8a55-ecaf2b16e2f4,4,0,7,ACERTO_VENCEDOR,2026-07-03T10:54:51.837Z
44d7b31e-2902-445f-8ca3-d807995d9250,user139,a5f5f8bf-7c23-479e-b4c3-2d4868bdd66e,2,1,0,ERRO,2026-07-03T10:54:57.247Z
b97be364-0f23-4731-bd33-ae9e00951588,user139,a34486b0-e0d6-4c3e-807e-187e4b9c7e76,3,2,10,ACERTO_VENCEDOR,2026-07-03T10:55:03.409Z
63741ed9-f102-4a91-aad6-971a29c8c752,user99,a5f5f8bf-7c23-479e-b4c3-2d4868bdd66e,2,2,15,ACERTO_VENCEDOR,2026-07-03T14:13:02.811Z
6e72969d-fc12-4be3-a493-f8cbfb21880f,user99,f6f03838-c355-4ea7-8a55-ecaf2b16e2f4,1,1,0,ERRO,2026-07-03T14:13:13.168Z
1bde8aff-9ff8-41a2-8cf2-f35f5904a5a5,user99,a34486b0-e0d6-4c3e-807e-187e4b9c7e76,2,3,0,ERRO,2026-07-03T14:13:21.065Z
a73328b1-c4c8-444a-87d8-68fe2fd4d31b,user12,a5f5f8bf-7c23-479e-b4c3-2d4868bdd66e,0,0,15,ACERTO_VENCEDOR,2026-07-03T15:34:44.397Z
e05e2517-c57c-411a-b251-ec6986d3e7bc,user12,f6f03838-c355-4ea7-8a55-ecaf2b16e2f4,1,1,0,ERRO,2026-07-03T15:35:17.106Z
12b72eba-4740-4a57-8d33-1969dbff78ed,user12,a34486b0-e0d6-4c3e-807e-187e4b9c7e76,2,0,10,ACERTO_VENCEDOR,2026-07-03T15:35:26.951Z
bfc9f011-49be-4caa-8cf2-cfefe4526460,user136,a5f5f8bf-7c23-479e-b4c3-2d4868bdd66e,1,2,0,ERRO,2026-07-03T15:42:13.185Z
f04e7293-4ac5-4f6c-9374-28711760ac45,user136,f6f03838-c355-4ea7-8a55-ecaf2b16e2f4,2,1,10,ACERTO_VENCEDOR,2026-07-03T15:42:36.734Z
2927a502-7ec9-4795-82af-51dff2a31b39,user136,a34486b0-e0d6-4c3e-807e-187e4b9c7e76,2,1,10,ACERTO_VENCEDOR,2026-07-03T15:43:15.683Z
041774cd-798c-4c2c-9a4b-26a3cbfe43f9,user10,a5f5f8bf-7c23-479e-b4c3-2d4868bdd66e,1,1,15,ACERTO_PLACAR,2026-07-03T16:32:26.472Z
f17c7114-c5e9-4fd1-a1c1-d308ed819fbc,user10,f6f03838-c355-4ea7-8a55-ecaf2b16e2f4,3,0,10,ACERTO_VENCEDOR,2026-07-03T16:32:35.029Z
f8d790cd-6296-455a-907d-a71ecf883e17,user10,a34486b0-e0d6-4c3e-807e-187e4b9c7e76,2,1,10,ACERTO_VENCEDOR,2026-07-03T16:32:45.287Z
90b7d58b-0197-40af-997d-4d3970a28e86,user75,a5f5f8bf-7c23-479e-b4c3-2d4868bdd66e,0,1,0,ERRO,2026-07-03T17:04:59.490Z
324df893-e23f-4e85-ae23-999587a98012,user75,f6f03838-c355-4ea7-8a55-ecaf2b16e2f4,3,0,10,ACERTO_VENCEDOR,2026-07-03T17:06:51.376Z
727aa282-a231-4a37-b95c-dd044abdf534,user75,a34486b0-e0d6-4c3e-807e-187e4b9c7e76,1,0,15,ACERTO_PLACAR,2026-07-03T17:07:42.576Z
3f308c0b-33e5-40c2-b537-4ea83cdff2a4,user177,a5f5f8bf-7c23-479e-b4c3-2d4868bdd66e,1,2,0,ERRO,2026-07-03T17:22:51.706Z
8fffd817-661f-4956-b698-1b46a6094ea2,user177,f6f03838-c355-4ea7-8a55-ecaf2b16e2f4,2,0,7,ACERTO_VENCEDOR,2026-07-03T17:22:58.094Z
f7366ef1-b1f0-4191-88c8-7d0411e92fd5,user177,a34486b0-e0d6-4c3e-807e-187e4b9c7e76,3,1,7,ACERTO_VENCEDOR,2026-07-03T17:23:03.471Z
b335bec5-a8d5-488f-90a4-1df9625d7553,user16,a5f5f8bf-7c23-479e-b4c3-2d4868bdd66e,1,2,0,ERRO,2026-07-03T17:32:54.839Z
09d28f61-357e-4472-813b-26a46d971bf1,user16,f6f03838-c355-4ea7-8a55-ecaf2b16e2f4,3,0,10,ACERTO_VENCEDOR,2026-07-03T17:32:59.019Z
f8d77e76-fa52-4b79-8b69-2cbebfe4437c,user16,a34486b0-e0d6-4c3e-807e-187e4b9c7e76,2,1,10,ACERTO_VENCEDOR,2026-07-03T17:33:02.817Z
4414d9cf-f945-43d1-aae0-ce3ba0db779b,user9,a5f5f8bf-7c23-479e-b4c3-2d4868bdd66e,0,1,0,ERRO,2026-07-03T17:40:32.999Z
ebb7fe24-390a-4d89-a26a-ff0aa884ee70,user9,f6f03838-c355-4ea7-8a55-ecaf2b16e2f4,3,1,10,ACERTO_VENCEDOR,2026-07-03T17:40:38.594Z
db2ac429-333a-41ec-b53d-332190d33e6b,user9,a34486b0-e0d6-4c3e-807e-187e4b9c7e76,2,0,10,ACERTO_VENCEDOR,2026-07-03T17:41:27.551Z
2443bc2e-069f-4372-9cbf-cc86345e8de8,user54,a5f5f8bf-7c23-479e-b4c3-2d4868bdd66e,1,1,20,ACERTO_PLACAR,2026-07-03T17:54:08.935Z
c6f50313-5325-43ff-944e-37b275f5a9d1,user148,a5f5f8bf-7c23-479e-b4c3-2d4868bdd66e,1,2,0,ERRO,2026-07-03T17:54:11.544Z
50b9f4b6-bbf8-40b6-a18d-f5040313c776,user54,f6f03838-c355-4ea7-8a55-ecaf2b16e2f4,3,0,10,ACERTO_VENCEDOR,2026-07-03T17:54:20.285Z
c1037394-c43b-4a24-9dcd-83e42d7be9ae,user54,a34486b0-e0d6-4c3e-807e-187e4b9c7e76,1,0,15,ACERTO_PLACAR,2026-07-03T17:54:36.172Z
aba0c8ef-b2f5-4170-bd51-cf07a51bcaa2,user160,f6f03838-c355-4ea7-8a55-ecaf2b16e2f4,3,0,10,ACERTO_VENCEDOR,2026-07-03T18:08:23.861Z
45793fab-ca12-4e3c-b450-c8005ccf5d65,user160,a34486b0-e0d6-4c3e-807e-187e4b9c7e76,2,1,10,ACERTO_VENCEDOR,2026-07-03T18:08:38.065Z
f6401916-e7c4-4fc4-8ff3-0a6c0339f748,user4,f6f03838-c355-4ea7-8a55-ecaf2b16e2f4,3,1,10,ACERTO_VENCEDOR,2026-07-03T18:28:24.558Z
be0a8c4a-45e7-407b-8b40-a9f2abb776e6,user4,a34486b0-e0d6-4c3e-807e-187e4b9c7e76,2,0,10,ACERTO_VENCEDOR,2026-07-03T18:28:32.229Z
89ef7c80-fc65-4968-8e8d-19a3e72976a7,user145,f6f03838-c355-4ea7-8a55-ecaf2b16e2f4,3,0,10,ACERTO_VENCEDOR,2026-07-03T19:43:34.175Z
459ac25e-74fe-47e3-ae65-7fd7f759c9ce,user145,a34486b0-e0d6-4c3e-807e-187e4b9c7e76,2,0,10,ACERTO_VENCEDOR,2026-07-03T19:43:43.384Z
f7b4bef0-2a02-4495-93c6-0344841967ca,user2,f6f03838-c355-4ea7-8a55-ecaf2b16e2f4,3,0,10,ACERTO_VENCEDOR,2026-07-03T20:17:08.705Z
2eecdcd4-237c-4fb7-a34a-9358287c290a,user2,a34486b0-e0d6-4c3e-807e-187e4b9c7e76,2,0,10,ACERTO_VENCEDOR,2026-07-03T20:17:18.165Z
87936330-3585-4c14-9428-80d2b6a8040b,user148,f6f03838-c355-4ea7-8a55-ecaf2b16e2f4,2,0,7,ACERTO_VENCEDOR,2026-07-03T21:24:27.969Z
13deb219-216d-48f2-92ff-a9f33cd9f885,user1,a34486b0-e0d6-4c3e-807e-187e4b9c7e76,3,1,7,ACERTO_VENCEDOR,2026-07-04T00:31:33.047Z
822786fa-9d82-4691-84f4-fd753662ae76,user1,f6f03838-c355-4ea7-8a55-ecaf2b16e2f4,3,0,10,ACERTO_VENCEDOR,2026-07-04T00:34:36.523Z
7b432427-a822-4731-9ccf-275185e83ae4,user148,a34486b0-e0d6-4c3e-807e-187e4b9c7e76,2,1,10,ACERTO_VENCEDOR,2026-07-04T01:00:36.604Z
096d9adc-aa5d-432c-8853-650e97d09e59,user6,745592d9-5de4-4c1f-8974-19956d40d9dd,0,2,10,ACERTO_VENCEDOR,2026-07-04T04:17:44.855Z
5ba96802-a837-42df-bd02-98cef4645a4a,user6,2a015e92-67e6-4393-b85c-fba131f710e8,0,2,10,ACERTO_VENCEDOR,2026-07-04T04:18:01.344Z
233bb8e9-3509-4deb-89e3-d3d5b447819e,user6,46513a62-3057-4242-b420-66607b6b94b0,3,1,0,ERRO,2026-07-04T04:18:43.217Z
727053e7-1d81-4d47-895d-20d872ef59a2,user6,1a47241b-f04f-45cf-84c1-9ce6dd2992fd,2,1,0,ERRO,2026-07-04T04:18:54.645Z
81df8600-f6a7-4ea3-85ec-27d452018173,user6,7376d781-0d8e-49f7-9f7d-42802bc540d6,2,2,0,ERRO,2026-07-04T04:19:14.158Z
3a788eb2-77d3-45a4-90f0-05396f9ed25b,user6,8fe26221-e619-4442-b8f6-3bb5a152a9c4,1,0,0,ERRO,2026-07-04T04:19:25.574Z
a45b18e4-e24a-46bb-9472-b358f7edcd04,user6,c704af5a-073a-493b-8034-73f2e7596f41,2,1,10,ACERTO_VENCEDOR,2026-07-04T04:19:39.841Z
f33b4773-1e6b-4cee-8495-d3a9e16682cd,user6,28c7fcad-95ce-4b4c-a066-9578d586ae3d,0,2,0,ERRO,2026-07-04T04:19:48.629Z
a84bc79e-6138-4f84-9bd3-6f6f20abc5ce,user136,745592d9-5de4-4c1f-8974-19956d40d9dd,0,2,10,ACERTO_VENCEDOR,2026-07-04T04:22:52.904Z
f5f79bda-9a3a-4d7f-a07e-c562c660533b,user136,2a015e92-67e6-4393-b85c-fba131f710e8,2,3,10,ACERTO_VENCEDOR,2026-07-04T04:25:31.500Z
1b65b342-bfd5-4377-9bf5-d0163c0202ac,user162,745592d9-5de4-4c1f-8974-19956d40d9dd,0,1,10,ACERTO_VENCEDOR,2026-07-04T04:28:20.898Z
df19da67-2fd7-42b8-8503-a9fd00f0353f,user162,2a015e92-67e6-4393-b85c-fba131f710e8,1,2,10,ACERTO_VENCEDOR,2026-07-04T04:28:28.986Z
9fbaf2c6-eb7d-43b5-afe5-2b1cd7fc7e07,user162,46513a62-3057-4242-b420-66607b6b94b0,2,0,0,ERRO,2026-07-04T04:29:09.491Z
3ec06532-6865-4a9c-b437-035fadf2d403,user162,1a47241b-f04f-45cf-84c1-9ce6dd2992fd,2,1,0,ERRO,2026-07-04T04:29:26.330Z
56b1c300-fe63-487f-a8ca-9cfe6c0730c3,user162,7376d781-0d8e-49f7-9f7d-42802bc540d6,3,2,0,ERRO,2026-07-04T04:29:58.726Z
fc6efebe-ce23-4463-a634-517678a9ff6f,user162,8fe26221-e619-4442-b8f6-3bb5a152a9c4,1,1,0,ERRO,2026-07-04T04:30:10.649Z
44a59387-8338-4667-a08e-b1f615be8fd5,user162,c704af5a-073a-493b-8034-73f2e7596f41,1,0,10,ACERTO_VENCEDOR,2026-07-04T04:30:39.741Z
b64c40ce-8fb8-410a-b4c5-d71e8f5685f7,user162,28c7fcad-95ce-4b4c-a066-9578d586ae3d,0,2,0,ERRO,2026-07-04T04:30:51.126Z
8c2caa5c-f514-4865-ae7e-eccdc98c0c47,user111,745592d9-5de4-4c1f-8974-19956d40d9dd,0,2,10,ACERTO_VENCEDOR,2026-07-04T04:39:13.483Z
912fad7a-4083-4652-94cc-8a0966ef9d22,user111,2a015e92-67e6-4393-b85c-fba131f710e8,2,2,0,ERRO,2026-07-04T04:39:24.145Z
f14b927d-92e0-4d06-8ba5-e47a776e15ae,user40,745592d9-5de4-4c1f-8974-19956d40d9dd,0,3,15,ACERTO_PLACAR,2026-07-04T06:04:47.343Z
0fb2e105-12de-47e3-a86b-525877244c56,user40,2a015e92-67e6-4393-b85c-fba131f710e8,1,1,0,ERRO,2026-07-04T06:04:52.690Z
108b8fca-bfc0-4b22-9bcf-86b7ce901c13,user40,46513a62-3057-4242-b420-66607b6b94b0,2,0,0,ERRO,2026-07-04T06:04:58.015Z
89820642-7777-48b6-804f-773f38911774,user40,1a47241b-f04f-45cf-84c1-9ce6dd2992fd,3,2,0,ERRO,2026-07-04T06:05:02.327Z
2e3dd973-49ad-4f95-a68a-c4cd24f24cfa,user40,7376d781-0d8e-49f7-9f7d-42802bc540d6,0,4,10,ACERTO_VENCEDOR,2026-07-04T06:05:08.789Z
0061a70e-3fb0-4ff2-b389-aee8ae5744c9,user40,8fe26221-e619-4442-b8f6-3bb5a152a9c4,1,0,0,ERRO,2026-07-04T06:05:14.360Z
e1f44bc9-cb61-485d-be34-faed51a02784,user40,c704af5a-073a-493b-8034-73f2e7596f41,1,0,10,ACERTO_VENCEDOR,2026-07-04T06:05:17.957Z
01daea95-9ddd-4ad5-8afa-50f3a2f4554e,user40,28c7fcad-95ce-4b4c-a066-9578d586ae3d,0,4,0,ERRO,2026-07-04T06:05:37.646Z
f75f95fc-bb9f-4a68-a7e5-9b342511af09,user129,745592d9-5de4-4c1f-8974-19956d40d9dd,1,3,10,ACERTO_VENCEDOR,2026-07-04T10:24:09.474Z
2bcc0f9b-74b3-4588-9f20-f1f7969aa055,user129,2a015e92-67e6-4393-b85c-fba131f710e8,0,3,10,ACERTO_VENCEDOR,2026-07-04T10:24:34.263Z
2a480bca-bcc2-462b-a228-90dc0b99b26a,user126,745592d9-5de4-4c1f-8974-19956d40d9dd,1,2,7,ACERTO_VENCEDOR,2026-07-04T10:40:47.885Z
adfd9ee2-9024-4ce7-a7c4-f8ef50ed5e29,user126,2a015e92-67e6-4393-b85c-fba131f710e8,0,2,10,ACERTO_VENCEDOR,2026-07-04T10:40:56.602Z
f9a569c0-7c4f-4b5c-8e55-519ad4dc8610,user91,745592d9-5de4-4c1f-8974-19956d40d9dd,0,2,10,ACERTO_VENCEDOR,2026-07-04T11:01:41.916Z
0c2d55fc-6ea5-4c02-8a58-4081b63449e1,user91,2a015e92-67e6-4393-b85c-fba131f710e8,0,3,10,ACERTO_VENCEDOR,2026-07-04T11:01:52.434Z
4ea1a610-5493-45fa-bf40-f118a8386f17,user91,46513a62-3057-4242-b420-66607b6b94b0,2,1,0,ERRO,2026-07-04T11:02:03.240Z
e0d3f265-283c-4dd4-9ea6-ad82221f1522,user91,1a47241b-f04f-45cf-84c1-9ce6dd2992fd,2,1,0,ERRO,2026-07-04T11:02:12.996Z
018877c9-238d-4f26-a3bc-539027b4b2b0,user91,7376d781-0d8e-49f7-9f7d-42802bc540d6,1,2,10,ACERTO_VENCEDOR,2026-07-04T11:02:28.347Z
4b9be880-c7e2-40b8-a9fb-2667491e8b57,user91,8fe26221-e619-4442-b8f6-3bb5a152a9c4,1,2,10,ACERTO_VENCEDOR,2026-07-04T11:02:49.446Z
1e60f03d-9735-4b9c-81d0-fe3629f820e6,user91,c704af5a-073a-493b-8034-73f2e7596f41,2,0,7,ACERTO_VENCEDOR,2026-07-04T11:02:58.106Z
04a190a4-9a35-43bd-bf0d-dd8a8b10d636,user91,28c7fcad-95ce-4b4c-a066-9578d586ae3d,1,1,10,ACERTO_BONUS,2026-07-04T11:03:17.933Z
6261fcd3-9057-4abb-81e4-35f4475c93d6,user177,2a015e92-67e6-4393-b85c-fba131f710e8,1,3,7,ACERTO_VENCEDOR,2026-07-04T12:01:00.634Z
3b63f7be-b82c-48c5-a7e2-bb5bb7df1170,user177,745592d9-5de4-4c1f-8974-19956d40d9dd,2,3,10,ACERTO_VENCEDOR,2026-07-04T12:01:13.158Z
9fd9c44d-5881-442b-a04c-5e5094b0a93c,user157,745592d9-5de4-4c1f-8974-19956d40d9dd,0,1,10,ACERTO_VENCEDOR,2026-07-04T12:40:05.830Z
cdcee87a-aeb5-4cf1-aff0-c5d0c4278142,user157,2a015e92-67e6-4393-b85c-fba131f710e8,0,3,10,ACERTO_VENCEDOR,2026-07-04T12:41:25.616Z
eec98ed7-cc80-45fb-9f34-a0aa0c13eedc,user157,46513a62-3057-4242-b420-66607b6b94b0,2,1,0,ERRO,2026-07-04T12:41:35.452Z
4d2c91ab-0218-4fc3-9fa5-462cf90eb7a9,user157,1a47241b-f04f-45cf-84c1-9ce6dd2992fd,2,1,0,ERRO,2026-07-04T12:42:04.640Z
2d268816-f3bc-4576-bf5b-79b836a49132,user157,28c7fcad-95ce-4b4c-a066-9578d586ae3d,0,0,20,ACERTO_PLACAR,2026-07-04T12:43:14.081Z
78f547f0-0e8c-4d78-bcdf-729d4ab5b497,user157,7376d781-0d8e-49f7-9f7d-42802bc540d6,1,1,0,ERRO,2026-07-04T12:43:53.924Z
26e4f4ae-663b-424e-8add-a96dc1924381,user157,8fe26221-e619-4442-b8f6-3bb5a152a9c4,2,0,0,ERRO,2026-07-04T12:44:01.368Z
0cbb3090-e570-475c-b895-3887955eb9b8,user157,c704af5a-073a-493b-8034-73f2e7596f41,1,0,10,ACERTO_VENCEDOR,2026-07-04T12:44:15.834Z
6686f322-b774-46d0-af44-d90959318956,user153,745592d9-5de4-4c1f-8974-19956d40d9dd,1,2,7,ACERTO_VENCEDOR,2026-07-04T12:55:34.343Z
3c6b70d3-e79a-4074-b047-57cd136a3d23,user153,2a015e92-67e6-4393-b85c-fba131f710e8,2,1,0,ERRO,2026-07-04T12:55:35.535Z
d19123ec-5874-49d6-8d2d-c9b74c75f4ee,user77,8fe26221-e619-4442-b8f6-3bb5a152a9c4,2,1,0,ERRO,2026-07-04T12:57:00.427Z
67d05519-eb07-4248-831a-67a53dd17d82,user77,2a015e92-67e6-4393-b85c-fba131f710e8,0,3,10,ACERTO_VENCEDOR,2026-07-04T12:57:01.613Z
6c4602c4-78db-49eb-86bf-f2b7d734d840,user77,c704af5a-073a-493b-8034-73f2e7596f41,2,1,10,ACERTO_VENCEDOR,2026-07-04T12:57:02.802Z
5f2faeaf-7869-447e-b323-1c1c720ae5e7,user77,1a47241b-f04f-45cf-84c1-9ce6dd2992fd,1,2,10,ACERTO_VENCEDOR,2026-07-04T12:57:03.040Z
c4f336f6-fdd8-4294-95e6-18a72b8c74b8,user77,7376d781-0d8e-49f7-9f7d-42802bc540d6,2,2,0,ERRO,2026-07-04T12:57:03.277Z
b345fefd-03c1-4312-a602-31d1efa3c4fd,user77,46513a62-3057-4242-b420-66607b6b94b0,2,1,0,ERRO,2026-07-04T12:57:03.514Z
275b7b48-ac64-4a16-b3e4-ca85be2cede0,user77,28c7fcad-95ce-4b4c-a066-9578d586ae3d,1,1,10,ACERTO_BONUS,2026-07-04T12:57:04.465Z
100af1cc-3420-4a89-bd32-6c736337d046,user83,745592d9-5de4-4c1f-8974-19956d40d9dd,1,2,7,ACERTO_VENCEDOR,2026-07-04T13:04:55.918Z
4e63a17f-f149-4682-9b74-928ea1a77067,user83,8fe26221-e619-4442-b8f6-3bb5a152a9c4,1,2,10,ACERTO_VENCEDOR,2026-07-04T13:06:10.816Z
a9dc02bc-da1d-48ec-a2fb-63b21a2228d6,user83,7376d781-0d8e-49f7-9f7d-42802bc540d6,0,1,15,ACERTO_PLACAR,2026-07-04T13:06:11.607Z
186af838-6801-407d-bd48-efbd792fa5c0,user83,1a47241b-f04f-45cf-84c1-9ce6dd2992fd,1,0,0,ERRO,2026-07-04T13:06:13.446Z
efd65b95-c952-4bf9-a4b4-19d885254cc9,user83,2a015e92-67e6-4393-b85c-fba131f710e8,1,0,0,ERRO,2026-07-04T13:06:13.708Z
31f3c2f4-5940-4d40-811c-274f42e5abde,user83,46513a62-3057-4242-b420-66607b6b94b0,2,1,0,ERRO,2026-07-04T13:06:14.759Z
ef661033-1766-45ce-9d1b-37d19ee07f2b,user83,28c7fcad-95ce-4b4c-a066-9578d586ae3d,1,2,0,ERRO,2026-07-04T13:06:15.348Z
6543003a-4626-40f0-a134-fb786bd34307,user83,c704af5a-073a-493b-8034-73f2e7596f41,1,2,0,ERRO,2026-07-04T13:06:15.610Z
d9d6bc51-73f2-48e8-89d7-8802279a1696,user191,745592d9-5de4-4c1f-8974-19956d40d9dd,1,2,7,ACERTO_VENCEDOR,2026-07-04T13:07:52.575Z
bb6cf59f-6cc1-4f9d-b2a6-a59f465d1568,user191,2a015e92-67e6-4393-b85c-fba131f710e8,1,3,7,ACERTO_VENCEDOR,2026-07-04T13:08:14.185Z
7a547592-ce58-404f-b010-c4222b2f8449,user144,745592d9-5de4-4c1f-8974-19956d40d9dd,0,2,10,ACERTO_VENCEDOR,2026-07-04T13:10:22.218Z
2553e705-ece6-4fd9-893b-452e36d24430,user144,2a015e92-67e6-4393-b85c-fba131f710e8,0,2,10,ACERTO_VENCEDOR,2026-07-04T13:10:33.102Z
63977d63-410a-4e9a-abd0-4f360aa391a2,user116,745592d9-5de4-4c1f-8974-19956d40d9dd,1,2,7,ACERTO_VENCEDOR,2026-07-04T13:11:39.134Z
b2803ee2-ee1b-40ec-bae0-bbd069d76097,user3,745592d9-5de4-4c1f-8974-19956d40d9dd,1,2,7,ACERTO_VENCEDOR,2026-07-04T13:11:41.442Z
f873a372-30e3-407b-a2f6-2aba01dab1eb,user116,2a015e92-67e6-4393-b85c-fba131f710e8,0,3,10,ACERTO_VENCEDOR,2026-07-04T13:11:42.944Z
8a7d25c8-fd79-42be-b909-645393022f49,user3,2a015e92-67e6-4393-b85c-fba131f710e8,0,2,10,ACERTO_VENCEDOR,2026-07-04T13:11:52.096Z
39b1d88d-8dcb-4f6a-a0af-a2c0b0bbcc6b,user75,745592d9-5de4-4c1f-8974-19956d40d9dd,0,1,10,ACERTO_VENCEDOR,2026-07-04T13:14:57.877Z
345c65eb-d0ff-4c69-91a2-b0041fdc18e3,user75,2a015e92-67e6-4393-b85c-fba131f710e8,1,3,7,ACERTO_VENCEDOR,2026-07-04T13:17:27.457Z
9fd3057f-ce4b-4e23-a7c9-230064fc7a0f,user1,745592d9-5de4-4c1f-8974-19956d40d9dd,1,2,7,ACERTO_VENCEDOR,2026-07-04T13:17:59.487Z
d5ef2e00-cfef-41bc-97f4-8418278fd187,user1,2a015e92-67e6-4393-b85c-fba131f710e8,1,3,7,ACERTO_VENCEDOR,2026-07-04T13:18:09.090Z
5d969620-2c03-4a44-84b5-7b7c12b89e7c,user1,46513a62-3057-4242-b420-66607b6b94b0,2,1,0,ERRO,2026-07-04T13:18:17.973Z
f194f9d7-eaa5-4552-9c23-9c0f7117d07e,user1,1a47241b-f04f-45cf-84c1-9ce6dd2992fd,1,1,0,ERRO,2026-07-04T13:18:28.113Z
1d589f78-084f-47e1-aeaa-e6b156592529,user1,7376d781-0d8e-49f7-9f7d-42802bc540d6,0,2,10,ACERTO_VENCEDOR,2026-07-04T13:18:43.939Z
1028ffcf-5397-4fcf-b210-9abb052e76bf,user1,8fe26221-e619-4442-b8f6-3bb5a152a9c4,2,1,0,ERRO,2026-07-04T13:18:54.424Z
0265ba9d-7e2a-4d48-8e04-101ae5f4dad7,user138,28c7fcad-95ce-4b4c-a066-9578d586ae3d,1,2,0,ERRO,2026-07-04T13:19:02.362Z
150fbb8a-65fd-43b4-b317-da6176a5e436,user138,745592d9-5de4-4c1f-8974-19956d40d9dd,2,2,0,ERRO,2026-07-04T13:19:03.524Z
439fbb60-63db-425e-9414-c6bc8c4d85aa,user138,8fe26221-e619-4442-b8f6-3bb5a152a9c4,2,1,0,ERRO,2026-07-04T13:19:03.814Z
4b871276-3ff0-47fd-9667-54be0e0824c3,user138,c704af5a-073a-493b-8034-73f2e7596f41,3,0,10,ACERTO_VENCEDOR,2026-07-04T13:19:04.104Z
961cc568-9406-437c-b565-648b485e08c4,user138,1a47241b-f04f-45cf-84c1-9ce6dd2992fd,1,1,0,ERRO,2026-07-04T13:19:04.395Z
caa01cb9-83c2-4c37-88e7-35bf2bf3efb7,user138,7376d781-0d8e-49f7-9f7d-42802bc540d6,1,2,10,ACERTO_VENCEDOR,2026-07-04T13:19:05.558Z
ff948841-e135-47a2-ac04-3f43e61a88f3,user138,2a015e92-67e6-4393-b85c-fba131f710e8,1,3,7,ACERTO_VENCEDOR,2026-07-04T13:19:05.848Z
47db88bf-216a-4258-8576-8958e2e6df82,user138,46513a62-3057-4242-b420-66607b6b94b0,3,1,0,ERRO,2026-07-04T13:19:06.138Z
6e557460-5b97-4ccf-be20-939766ee6172,user1,c704af5a-073a-493b-8034-73f2e7596f41,3,1,10,ACERTO_VENCEDOR,2026-07-04T13:19:12.842Z
9928e9b3-a97b-465c-a46b-7905703348ce,user4,745592d9-5de4-4c1f-8974-19956d40d9dd,1,2,7,ACERTO_VENCEDOR,2026-07-04T13:20:18.952Z
70bb7c49-8ea3-49b9-bf5c-ff32c536b9b4,user4,2a015e92-67e6-4393-b85c-fba131f710e8,0,2,10,ACERTO_VENCEDOR,2026-07-04T13:20:30.260Z
385aa0ae-8a8a-4ec1-bc9c-11e51e54e793,user46,745592d9-5de4-4c1f-8974-19956d40d9dd,0,1,10,ACERTO_VENCEDOR,2026-07-04T13:36:17.697Z
67873a42-491c-4dc0-adb4-246389fdd66f,user46,2a015e92-67e6-4393-b85c-fba131f710e8,0,2,10,ACERTO_VENCEDOR,2026-07-04T13:36:48.507Z
0166ce87-846c-4755-9dae-5088ecbdfc65,user145,745592d9-5de4-4c1f-8974-19956d40d9dd,10,3,0,ERRO,2026-07-04T13:49:29.808Z
0cdac8a4-6c32-480c-9b68-5abd914f44de,user145,2a015e92-67e6-4393-b85c-fba131f710e8,0,4,10,ACERTO_VENCEDOR,2026-07-04T13:49:43.259Z
26f5cd62-0780-4c99-bd93-c443699b3d68,user61,745592d9-5de4-4c1f-8974-19956d40d9dd,0,2,10,ACERTO_VENCEDOR,2026-07-04T14:05:02.896Z
6c701266-d5dd-48a3-9be5-fb818f8b2c7f,user61,2a015e92-67e6-4393-b85c-fba131f710e8,1,0,0,ERRO,2026-07-04T14:05:17.942Z
76217816-4614-4c4a-833d-1d8d074eff52,user160,745592d9-5de4-4c1f-8974-19956d40d9dd,0,2,10,ACERTO_VENCEDOR,2026-07-04T14:41:52.327Z
7ba92f67-ed05-470b-a689-43eba539398b,user160,2a015e92-67e6-4393-b85c-fba131f710e8,1,3,7,ACERTO_VENCEDOR,2026-07-04T14:42:02.329Z
efe82092-b00f-47a5-8d81-2917b858f525,user26,745592d9-5de4-4c1f-8974-19956d40d9dd,1,2,7,ACERTO_VENCEDOR,2026-07-04T14:43:19.636Z
143ca32f-2dcb-45e5-80ec-1fbf3107296a,user26,2a015e92-67e6-4393-b85c-fba131f710e8,1,2,10,ACERTO_VENCEDOR,2026-07-04T14:43:26.053Z
52e299e3-36bf-4d3c-9bd9-56fc71146172,user16,2a015e92-67e6-4393-b85c-fba131f710e8,2,1,0,ERRO,2026-07-04T15:08:46.804Z
6d1e6ed0-cb83-4a9e-b8a7-495c65a030c7,user156,745592d9-5de4-4c1f-8974-19956d40d9dd,1,2,7,ACERTO_VENCEDOR,2026-07-04T15:35:44.734Z
83f58b9e-05c2-41d1-a0fb-a896d26c4078,user156,2a015e92-67e6-4393-b85c-fba131f710e8,0,3,10,ACERTO_VENCEDOR,2026-07-04T15:35:55.317Z
327c34a4-42f0-4604-b911-39d856d97622,user54,745592d9-5de4-4c1f-8974-19956d40d9dd,2,1,0,ERRO,2026-07-04T15:37:16.749Z
00ef4cfb-c29e-4b12-89ab-190ea75f66cf,user54,2a015e92-67e6-4393-b85c-fba131f710e8,1,2,10,ACERTO_VENCEDOR,2026-07-04T15:37:55.558Z
d25261ce-2e42-4e0d-bf9f-d5141e25069d,user17,745592d9-5de4-4c1f-8974-19956d40d9dd,1,2,7,ACERTO_VENCEDOR,2026-07-04T15:42:14.732Z
11e613ca-ff02-4465-a37f-bc2d0b99c612,user17,2a015e92-67e6-4393-b85c-fba131f710e8,1,3,7,ACERTO_VENCEDOR,2026-07-04T15:42:22.945Z
fa7305ae-fc14-421b-b8ed-1b36860be07f,user192,745592d9-5de4-4c1f-8974-19956d40d9dd,0,2,10,ACERTO_VENCEDOR,2026-07-04T15:54:09.727Z
29547428-7eac-497c-83e9-734919a74c18,user192,2a015e92-67e6-4393-b85c-fba131f710e8,0,3,10,ACERTO_VENCEDOR,2026-07-04T15:54:17.441Z
76fb8adb-fc48-429d-a422-afc0c2988d8a,user9,745592d9-5de4-4c1f-8974-19956d40d9dd,0,2,10,ACERTO_VENCEDOR,2026-07-04T16:00:36.941Z
524990ff-0404-442e-beaa-380c1cecb081,user9,2a015e92-67e6-4393-b85c-fba131f710e8,0,3,10,ACERTO_VENCEDOR,2026-07-04T16:00:49.248Z
908133d0-a0b7-47e0-aa80-2a2d1dd5a96e,user125,745592d9-5de4-4c1f-8974-19956d40d9dd,0,1,10,ACERTO_VENCEDOR,2026-07-04T16:06:11.898Z
5d47bec8-05f2-46fa-b909-6c3e1f4c44ec,user125,2a015e92-67e6-4393-b85c-fba131f710e8,0,2,10,ACERTO_VENCEDOR,2026-07-04T16:06:23.029Z
de81ba56-68b8-4c3a-b03b-6a8cf71dd6e9,user125,46513a62-3057-4242-b420-66607b6b94b0,2,1,0,ERRO,2026-07-04T16:07:26.234Z
b6cf6f58-8ffd-4aaf-8576-d85493e7c5be,user125,1a47241b-f04f-45cf-84c1-9ce6dd2992fd,2,1,0,ERRO,2026-07-04T16:07:37.618Z
a5314147-4f9e-4839-94eb-66a14ce95aeb,user125,7376d781-0d8e-49f7-9f7d-42802bc540d6,1,2,10,ACERTO_VENCEDOR,2026-07-04T16:07:47.698Z
4aceec5e-c9ba-4ba8-bd44-e86684387d5d,user12,745592d9-5de4-4c1f-8974-19956d40d9dd,1,3,10,ACERTO_VENCEDOR,2026-07-04T16:08:04.908Z
6a4d3fa1-db99-4f99-a499-3cbb096d39cd,user125,c704af5a-073a-493b-8034-73f2e7596f41,2,0,7,ACERTO_VENCEDOR,2026-07-04T16:08:17.786Z
13797bad-03b5-4916-9cbc-3a6097fe7e14,user12,2a015e92-67e6-4393-b85c-fba131f710e8,1,2,10,ACERTO_VENCEDOR,2026-07-04T16:08:19.188Z
57efa31a-9c42-43ef-92e6-4eb006c8896c,user125,28c7fcad-95ce-4b4c-a066-9578d586ae3d,1,3,0,ERRO,2026-07-04T16:08:29.169Z
e2cbfea4-204d-40f3-a9a6-36886a35ae70,user125,8fe26221-e619-4442-b8f6-3bb5a152a9c4,1,1,0,ERRO,2026-07-04T16:08:33.219Z
455cc219-a6fb-4909-af07-98de6bea06fa,user193,2a015e92-67e6-4393-b85c-fba131f710e8,0,3,10,ACERTO_VENCEDOR,2026-07-04T16:41:19.222Z
0fc193ec-3b72-4fed-91f2-85267a55cd0e,user193,745592d9-5de4-4c1f-8974-19956d40d9dd,1,1,0,ERRO,2026-07-04T16:41:20.543Z
a4de833f-d727-4ae9-b7a3-3316bfcbd083,user89,745592d9-5de4-4c1f-8974-19956d40d9dd,0,2,10,ACERTO_VENCEDOR,2026-07-04T16:47:26.319Z
8829f1af-bf55-4505-89fc-6eb9c1d89a57,user89,2a015e92-67e6-4393-b85c-fba131f710e8,0,3,10,ACERTO_VENCEDOR,2026-07-04T16:47:26.587Z
c277f840-eba8-47d1-a64b-7394ef6e34a3,user89,46513a62-3057-4242-b420-66607b6b94b0,1,0,0,ERRO,2026-07-04T16:47:43.571Z
138721f9-4d07-4016-865c-21d0d924e004,user89,28c7fcad-95ce-4b4c-a066-9578d586ae3d,1,2,0,ERRO,2026-07-04T16:48:03.684Z
cb034d2c-ce78-4005-bbfa-277ad42607d1,user89,7376d781-0d8e-49f7-9f7d-42802bc540d6,1,3,7,ACERTO_VENCEDOR,2026-07-04T16:48:03.952Z
af2ac679-bd3b-4275-bd52-0265a02fbbe2,user89,8fe26221-e619-4442-b8f6-3bb5a152a9c4,2,0,0,ERRO,2026-07-04T16:48:04.219Z
29e9f4e9-06bd-4644-b282-4d4bee8f5bdd,user89,c704af5a-073a-493b-8034-73f2e7596f41,2,1,10,ACERTO_VENCEDOR,2026-07-04T16:48:04.486Z
bce1365b-68bf-4eaa-a0c4-5ebd2390f1e2,user89,1a47241b-f04f-45cf-84c1-9ce6dd2992fd,2,1,0,ERRO,2026-07-04T16:48:04.754Z
e84d6cd9-66df-4f85-8cdf-5b87cf4c0549,user21,745592d9-5de4-4c1f-8974-19956d40d9dd,2,2,0,ERRO,2026-07-04T16:57:32.719Z
bcdf6dc1-9192-42ad-ba16-22e21f078217,user21,2a015e92-67e6-4393-b85c-fba131f710e8,2,3,10,ACERTO_VENCEDOR,2026-07-04T16:58:12.974Z
914f87d7-eee3-43b9-80f4-d705bb88fb4f,user21,46513a62-3057-4242-b420-66607b6b94b0,4,2,0,ERRO,2026-07-04T16:58:31.801Z
927f3ae0-5b0b-4c8b-af95-638d958ef8b4,user21,1a47241b-f04f-45cf-84c1-9ce6dd2992fd,1,0,0,ERRO,2026-07-04T16:58:40.980Z
bc8cc392-d374-4c65-9e3c-a55c4433125d,user21,7376d781-0d8e-49f7-9f7d-42802bc540d6,2,3,10,ACERTO_VENCEDOR,2026-07-04T16:58:54.251Z
1a34571d-82e2-4834-8736-9ca68999dc41,user21,8fe26221-e619-4442-b8f6-3bb5a152a9c4,0,2,7,ACERTO_VENCEDOR,2026-07-04T16:59:04.745Z
cffd04f7-dfb7-41ac-8659-23681275907b,user21,c704af5a-073a-493b-8034-73f2e7596f41,2,1,10,ACERTO_VENCEDOR,2026-07-04T16:59:56.315Z
172c681f-9faf-4086-8367-6d686990f156,user21,28c7fcad-95ce-4b4c-a066-9578d586ae3d,1,3,0,ERRO,2026-07-04T17:00:07.945Z
970dadf9-0cfc-4d34-ba36-cacecc25f50b,user148,2a015e92-67e6-4393-b85c-fba131f710e8,1,3,7,ACERTO_VENCEDOR,2026-07-04T17:05:50.787Z
eb02822f-2a7e-45d0-a609-7361671dec4b,user139,2a015e92-67e6-4393-b85c-fba131f710e8,1,3,7,ACERTO_VENCEDOR,2026-07-04T17:06:21.504Z
8cbd0d0b-80b1-4a40-8478-914b326b20dd,user113,2a015e92-67e6-4393-b85c-fba131f710e8,2,3,10,ACERTO_VENCEDOR,2026-07-04T17:07:10.033Z
726fd009-e6c6-4848-bd65-8383130ce3b9,user121,2a015e92-67e6-4393-b85c-fba131f710e8,1,3,7,ACERTO_VENCEDOR,2026-07-04T17:08:40.101Z
42220506-0cca-4f96-a252-44cc02459ae0,user121,46513a62-3057-4242-b420-66607b6b94b0,3,1,0,ERRO,2026-07-04T17:09:13.924Z
43af3d1b-21dc-4bff-8de5-6bc14672c851,user121,1a47241b-f04f-45cf-84c1-9ce6dd2992fd,1,3,10,ACERTO_VENCEDOR,2026-07-04T17:09:19.768Z
2b6b8f6c-9d8d-45fd-9513-5a57ad8dcf1a,user121,7376d781-0d8e-49f7-9f7d-42802bc540d6,1,3,7,ACERTO_VENCEDOR,2026-07-04T17:09:26.252Z
d8c0ac5d-7df5-495a-b567-2c0c8ec3c2f4,user121,8fe26221-e619-4442-b8f6-3bb5a152a9c4,2,1,0,ERRO,2026-07-04T17:09:32.039Z
4fe0a252-57f9-465b-8ec9-326d248761a9,user121,c704af5a-073a-493b-8034-73f2e7596f41,2,1,10,ACERTO_VENCEDOR,2026-07-04T17:09:44.398Z
306fa248-eec0-43f1-9047-a7717bca03b7,user121,28c7fcad-95ce-4b4c-a066-9578d586ae3d,0,2,0,ERRO,2026-07-04T17:09:51.396Z
db7168a2-064c-4779-bb75-afb502d6b21d,user194,2a015e92-67e6-4393-b85c-fba131f710e8,1,3,7,ACERTO_VENCEDOR,2026-07-04T17:25:37.292Z
9f302056-b586-4213-9cdd-697bbdd27d82,user46,28c7fcad-95ce-4b4c-a066-9578d586ae3d,1,0,0,ERRO,2026-07-04T18:28:28.650Z
9584aabc-6b27-4c4f-a051-bb9b2a14c0a5,user46,8fe26221-e619-4442-b8f6-3bb5a152a9c4,1,1,0,ERRO,2026-07-04T18:28:29.492Z
a05d4a09-060d-48c4-89fd-e389accba2cf,user46,7376d781-0d8e-49f7-9f7d-42802bc540d6,0,2,10,ACERTO_VENCEDOR,2026-07-04T18:28:29.769Z
f6901f8d-640d-4555-b3d0-d6b66558810c,user46,46513a62-3057-4242-b420-66607b6b94b0,3,1,0,ERRO,2026-07-04T18:28:30.047Z
b6e9da19-9ca5-4e07-952b-367c4831b75a,user46,c704af5a-073a-493b-8034-73f2e7596f41,1,1,0,ERRO,2026-07-04T18:28:31.180Z
d5011377-11f9-4038-8670-65dba754a441,user46,1a47241b-f04f-45cf-84c1-9ce6dd2992fd,2,1,0,ERRO,2026-07-04T18:28:31.456Z
026b4c39-cd73-453b-9df3-a7581f4ac23a,user5,2a015e92-67e6-4393-b85c-fba131f710e8,0,3,10,ACERTO_VENCEDOR,2026-07-04T18:47:56.296Z
d4a99df1-27c0-403f-8af9-d98e00348705,user119,2a015e92-67e6-4393-b85c-fba131f710e8,1,3,7,ACERTO_VENCEDOR,2026-07-04T19:17:49.876Z
92cd74c2-7806-475f-864d-e02ecf784aca,user2,2a015e92-67e6-4393-b85c-fba131f710e8,1,3,7,ACERTO_VENCEDOR,2026-07-04T19:21:38.307Z
31ea367c-f8bc-47e7-aa28-663af6d95f8b,user13,2a015e92-67e6-4393-b85c-fba131f710e8,1,3,7,ACERTO_VENCEDOR,2026-07-04T19:22:29.449Z
cf3b2f81-b5bb-4409-b9b1-42b44bed7659,user106,2a015e92-67e6-4393-b85c-fba131f710e8,0,3,10,ACERTO_VENCEDOR,2026-07-04T20:04:35.937Z
8281eb37-eabe-433f-845a-7744f947a028,user11,46513a62-3057-4242-b420-66607b6b94b0,2,1,0,ERRO,2026-07-04T21:33:56.125Z
d63d251c-7029-4b06-8089-2961de477939,user11,8fe26221-e619-4442-b8f6-3bb5a152a9c4,1,0,0,ERRO,2026-07-04T21:35:38.091Z
95ac1c95-a2ac-4c97-80d6-6b93a12f947a,user11,c704af5a-073a-493b-8034-73f2e7596f41,2,1,10,ACERTO_VENCEDOR,2026-07-04T21:36:10.342Z
4334b915-7317-4897-ac6c-d7558a8e9b9c,user11,28c7fcad-95ce-4b4c-a066-9578d586ae3d,0,1,0,ERRO,2026-07-04T21:36:43.287Z
879c118b-6f29-4543-bb10-5161fa4adbc9,user11,7376d781-0d8e-49f7-9f7d-42802bc540d6,2,2,0,ERRO,2026-07-04T21:37:05.005Z
99323a2a-143b-4fcb-8f8e-311ccabb8e6a,user11,1a47241b-f04f-45cf-84c1-9ce6dd2992fd,1,1,0,ERRO,2026-07-04T21:37:07.731Z
4c0f723e-a062-4e9c-b683-c722a8f0211c,user155,c704af5a-073a-493b-8034-73f2e7596f41,2,2,0,ERRO,2026-07-04T21:59:33.485Z
f8c4d4bc-dc37-46ed-b524-f10ecb8d048d,user155,1a47241b-f04f-45cf-84c1-9ce6dd2992fd,2,2,0,ERRO,2026-07-04T21:59:35.643Z
02d06eab-d7ab-4d6a-9154-11c021c5e909,user155,46513a62-3057-4242-b420-66607b6b94b0,3,2,0,ERRO,2026-07-04T21:59:35.881Z
7ee0be0e-7f1d-481f-9287-23978bb43e12,user155,8fe26221-e619-4442-b8f6-3bb5a152a9c4,2,1,0,ERRO,2026-07-04T21:59:36.121Z
4561d0a8-71a5-4ceb-aa12-2e010e70e974,user155,7376d781-0d8e-49f7-9f7d-42802bc540d6,1,2,10,ACERTO_VENCEDOR,2026-07-04T21:59:36.359Z
9a1b49e6-2676-430a-9405-1c2e5350bb51,user155,28c7fcad-95ce-4b4c-a066-9578d586ae3d,1,1,10,ACERTO_BONUS,2026-07-04T21:59:36.598Z
278d8ede-1916-4217-b7f5-70ad960b448a,user12,46513a62-3057-4242-b420-66607b6b94b0,3,1,0,ERRO,2026-07-05T04:12:33.037Z
0072fb23-8ed5-4039-8f7a-4a8c7d285b2e,user12,1a47241b-f04f-45cf-84c1-9ce6dd2992fd,2,1,0,ERRO,2026-07-05T04:12:41.949Z
a4a11388-ec3c-44d7-b501-e31f5a5879be,user113,46513a62-3057-4242-b420-66607b6b94b0,3,2,0,ERRO,2026-07-05T05:18:34.162Z
b14fb4c0-4646-42f6-8ed1-99009bca3903,user113,1a47241b-f04f-45cf-84c1-9ce6dd2992fd,2,2,0,ERRO,2026-07-05T05:18:42.329Z
883c2be9-b545-474f-b099-07df9a5a3e7f,user14,46513a62-3057-4242-b420-66607b6b94b0,3,1,0,ERRO,2026-07-05T12:29:47.586Z
6e599bf3-5626-4259-89ce-fa27dc2ba5f6,user14,1a47241b-f04f-45cf-84c1-9ce6dd2992fd,0,2,7,ACERTO_VENCEDOR,2026-07-05T12:29:48.939Z
07aca54d-22bc-4db4-8f53-b76724daade0,user14,7376d781-0d8e-49f7-9f7d-42802bc540d6,2,1,0,ERRO,2026-07-05T12:30:13.572Z
cca1c58d-6874-4c23-acf5-a21df182214e,user14,8fe26221-e619-4442-b8f6-3bb5a152a9c4,1,0,0,ERRO,2026-07-05T12:30:22.468Z
c52f4c5f-9c11-4332-a4ae-47ec7e045cf2,user14,c704af5a-073a-493b-8034-73f2e7596f41,2,0,7,ACERTO_VENCEDOR,2026-07-05T12:30:33.111Z
b0e158ba-3af4-4719-b986-4ca08e8d8454,user14,28c7fcad-95ce-4b4c-a066-9578d586ae3d,0,1,0,ERRO,2026-07-05T12:30:39.822Z
8513ce5e-5daa-45b4-bb11-6e95454eaade,user99,46513a62-3057-4242-b420-66607b6b94b0,2,1,0,ERRO,2026-07-05T12:51:28.521Z
d9e7a780-d889-46c1-a551-c419222d9c54,user99,1a47241b-f04f-45cf-84c1-9ce6dd2992fd,2,0,0,ERRO,2026-07-05T12:51:33.335Z
05a599de-fafc-4902-a483-0c6e9a6688e3,user1,28c7fcad-95ce-4b4c-a066-9578d586ae3d,0,2,0,ERRO,2026-07-05T13:21:16.029Z
46eb9eea-3fc4-4e89-91d2-9341f349afc4,user75,46513a62-3057-4242-b420-66607b6b94b0,3,1,0,ERRO,2026-07-05T13:45:51.341Z
8daf0703-b4ac-45d5-95c0-f035810d3fda,user75,1a47241b-f04f-45cf-84c1-9ce6dd2992fd,1,1,0,ERRO,2026-07-05T13:47:13.410Z
e41277f3-d492-4783-8b7e-8e5939dab683,user177,46513a62-3057-4242-b420-66607b6b94b0,2,1,0,ERRO,2026-07-05T13:54:31.464Z
a5470a66-a381-4333-9596-99f888d86124,user177,1a47241b-f04f-45cf-84c1-9ce6dd2992fd,2,2,0,ERRO,2026-07-05T13:54:38.867Z
90d84994-e9b0-4793-83d5-395f9d3770a9,user26,46513a62-3057-4242-b420-66607b6b94b0,3,1,0,ERRO,2026-07-05T14:25:25.290Z
86162215-4460-4a07-8dce-c9b2fc2ce9eb,user26,1a47241b-f04f-45cf-84c1-9ce6dd2992fd,2,1,0,ERRO,2026-07-05T14:25:35.472Z
c6557819-1948-412e-8fdf-4b01dd0f389e,user26,7376d781-0d8e-49f7-9f7d-42802bc540d6,1,1,0,ERRO,2026-07-05T14:26:00.430Z
f5de60ec-e2fe-4871-ab13-2b31c2029dc8,user26,8fe26221-e619-4442-b8f6-3bb5a152a9c4,3,1,0,ERRO,2026-07-05T14:26:10.215Z
e9c92687-ff5e-44b3-bb2a-4dc821f6efa6,user26,c704af5a-073a-493b-8034-73f2e7596f41,2,0,7,ACERTO_VENCEDOR,2026-07-05T14:26:23.265Z
3113d7b4-b1b3-4823-bb2d-095eee1b0998,user26,28c7fcad-95ce-4b4c-a066-9578d586ae3d,0,2,0,ERRO,2026-07-05T14:26:31.615Z
d9575ff4-4525-407b-81f5-36e834bee346,user13,46513a62-3057-4242-b420-66607b6b94b0,2,0,0,ERRO,2026-07-05T15:15:43.354Z
7f7eb3cb-a486-4c60-b17f-0b5c8c9d7de8,user13,1a47241b-f04f-45cf-84c1-9ce6dd2992fd,1,1,0,ERRO,2026-07-05T15:15:56.885Z
135654ab-df6f-46ff-9d1e-37ba82051f6f,user28,46513a62-3057-4242-b420-66607b6b94b0,3,1,0,ERRO,2026-07-05T16:23:34.661Z
dacceb0a-fa02-4754-abc5-0b6b081081af,user28,1a47241b-f04f-45cf-84c1-9ce6dd2992fd,2,1,0,ERRO,2026-07-05T16:23:41.113Z
af11769e-c7d2-4f1a-b9e5-b73344a6c4b4,user8,46513a62-3057-4242-b420-66607b6b94b0,1,0,0,ERRO,2026-07-05T16:44:36.731Z
848325fd-96e5-4241-b32a-4e3a2365f22c,user8,7376d781-0d8e-49f7-9f7d-42802bc540d6,1,2,10,ACERTO_VENCEDOR,2026-07-05T16:49:45.104Z
3d00ec3e-9ba9-44ec-b5f3-6002fb683c3d,user8,8fe26221-e619-4442-b8f6-3bb5a152a9c4,1,0,0,ERRO,2026-07-05T16:50:25.878Z
40887c2e-bb61-4dd6-a261-01d7631ff7e3,user8,c704af5a-073a-493b-8034-73f2e7596f41,3,1,10,ACERTO_VENCEDOR,2026-07-05T16:50:44.857Z
899affcf-4857-40ff-84b0-2ad63a78cdaa,user106,46513a62-3057-4242-b420-66607b6b94b0,2,1,0,ERRO,2026-07-05T17:07:08.734Z
dc3cfb00-17c7-4aa5-a95e-ecb06681a75e,user106,1a47241b-f04f-45cf-84c1-9ce6dd2992fd,1,3,10,ACERTO_VENCEDOR,2026-07-05T17:07:14.697Z
3c6319ef-a64b-450e-875f-aa3b03a8099b,user144,46513a62-3057-4242-b420-66607b6b94b0,2,1,0,ERRO,2026-07-05T17:18:12.453Z
b52cdb76-3405-4292-89fe-6bf6cca6e430,user144,1a47241b-f04f-45cf-84c1-9ce6dd2992fd,0,1,10,ACERTO_VENCEDOR,2026-07-05T17:18:26.875Z
c9fe16fc-931d-408f-b412-bfd523df0f22,user17,46513a62-3057-4242-b420-66607b6b94b0,3,1,0,ERRO,2026-07-05T17:21:24.919Z
5ab13ed1-9a45-4505-b653-88a9c8f55705,user17,1a47241b-f04f-45cf-84c1-9ce6dd2992fd,2,2,0,ERRO,2026-07-05T17:21:40.027Z
5bbc3954-f87e-40c1-b988-a9240abf7598,user160,46513a62-3057-4242-b420-66607b6b94b0,3,2,0,ERRO,2026-07-05T17:50:49.166Z
43e68ee8-b20c-4cf1-9594-7f9226bf89ed,user160,1a47241b-f04f-45cf-84c1-9ce6dd2992fd,1,0,0,ERRO,2026-07-05T17:50:54.763Z
3ab383c5-037a-4be6-a449-200274322afc,user192,1a47241b-f04f-45cf-84c1-9ce6dd2992fd,2,1,0,ERRO,2026-07-05T18:01:27.160Z
805145da-73a4-400c-8adf-1592d3113aa4,user192,46513a62-3057-4242-b420-66607b6b94b0,2,0,0,ERRO,2026-07-05T18:01:27.457Z
77b1eeee-19cc-4722-8140-b724608c05e5,user5,1a47241b-f04f-45cf-84c1-9ce6dd2992fd,2,1,0,ERRO,2026-07-05T18:02:54.223Z
0460cfda-cf3e-4941-8a2c-38657579e40d,user5,46513a62-3057-4242-b420-66607b6b94b0,2,0,0,ERRO,2026-07-05T18:02:54.519Z
ea3c4f8f-ed4e-484d-8fd5-657e284c8f07,user156,46513a62-3057-4242-b420-66607b6b94b0,3,1,0,ERRO,2026-07-05T18:17:44.191Z
cacbc5c8-f81b-4356-b199-30d0757cbf90,user156,1a47241b-f04f-45cf-84c1-9ce6dd2992fd,0,1,10,ACERTO_VENCEDOR,2026-07-05T18:18:09.626Z
698b6067-d7bd-4a68-9435-be0a33e7c64e,user156,c704af5a-073a-493b-8034-73f2e7596f41,3,0,10,ACERTO_VENCEDOR,2026-07-05T18:18:29.049Z
30ff77dc-cd83-4c33-8ae0-102be3b86958,user148,1a47241b-f04f-45cf-84c1-9ce6dd2992fd,1,2,10,ACERTO_VENCEDOR,2026-07-05T18:50:29.058Z
8ddfb00e-3187-4025-bc87-e46c64a0b062,user148,46513a62-3057-4242-b420-66607b6b94b0,2,1,0,ERRO,2026-07-05T18:50:31.516Z
90c05bb6-bb86-4f16-afd3-e82019da0c49,user64,46513a62-3057-4242-b420-66607b6b94b0,1,2,15,ACERTO_PLACAR,2026-07-05T19:02:36.647Z
2cb0a2b6-0c1f-48a0-a2f8-2eea722d43ce,user64,1a47241b-f04f-45cf-84c1-9ce6dd2992fd,1,2,10,ACERTO_VENCEDOR,2026-07-05T19:02:36.901Z
0777549d-43a4-4efe-8d8f-d81be723ef9d,user54,46513a62-3057-4242-b420-66607b6b94b0,2,1,0,ERRO,2026-07-05T19:04:17.600Z
90672f86-8666-47e7-83f5-d467e2eb356d,user54,1a47241b-f04f-45cf-84c1-9ce6dd2992fd,1,1,0,ERRO,2026-07-05T19:04:51.009Z
99783638-cbfc-4d7b-9e6e-2e4efe4b7728,user136,46513a62-3057-4242-b420-66607b6b94b0,2,1,0,ERRO,2026-07-05T19:05:56.933Z
217c8c59-1118-4fce-a1d0-40b80941334b,user3,46513a62-3057-4242-b420-66607b6b94b0,2,1,0,ERRO,2026-07-05T19:07:16.053Z
6c3b0399-6d9e-40ce-8493-f91a7d7e165a,user3,1a47241b-f04f-45cf-84c1-9ce6dd2992fd,1,2,10,ACERTO_VENCEDOR,2026-07-05T19:07:33.148Z
7a82e5bc-f668-45e2-be94-7a07674c7e78,user145,46513a62-3057-4242-b420-66607b6b94b0,2,1,0,ERRO,2026-07-05T19:13:24.147Z
4b28ab7c-aace-460d-9a30-3e554efed101,user145,1a47241b-f04f-45cf-84c1-9ce6dd2992fd,2,1,0,ERRO,2026-07-05T19:13:42.930Z
24bfc7d4-966c-4a88-986c-38947c83e2d7,user139,46513a62-3057-4242-b420-66607b6b94b0,2,1,0,ERRO,2026-07-05T19:15:10.849Z
3fbb3a9a-177d-4956-8c36-4ae15b97e54e,user139,1a47241b-f04f-45cf-84c1-9ce6dd2992fd,2,0,0,ERRO,2026-07-05T19:15:14.446Z
45342d30-335b-441a-9c20-3eea656d8cef,user9,46513a62-3057-4242-b420-66607b6b94b0,2,1,0,ERRO,2026-07-05T19:18:50.818Z
efd42867-dcd9-4558-8988-2a6e8929ff7c,user9,1a47241b-f04f-45cf-84c1-9ce6dd2992fd,1,1,0,ERRO,2026-07-05T19:19:27.596Z
fa137236-57d7-4a55-bf0f-974ff65f7109,user136,1a47241b-f04f-45cf-84c1-9ce6dd2992fd,2,0,0,ERRO,2026-07-05T22:27:01.611Z
85a6fda8-bf0d-4967-9a96-1b11e6b6f62d,user15,1a47241b-f04f-45cf-84c1-9ce6dd2992fd,1,3,10,ACERTO_VENCEDOR,2026-07-05T23:18:23.439Z
9c5ba79b-1048-4109-9b5a-49ed43b08fc0,user4,1a47241b-f04f-45cf-84c1-9ce6dd2992fd,1,2,10,ACERTO_VENCEDOR,2026-07-05T23:37:28.507Z
6e19d10c-4388-42aa-ab83-4a5ed251392c,user4,7376d781-0d8e-49f7-9f7d-42802bc540d6,1,2,10,ACERTO_VENCEDOR,2026-07-06T12:52:40.633Z
8753c331-c7fa-4bbf-bf37-99b3b7be759b,user4,8fe26221-e619-4442-b8f6-3bb5a152a9c4,0,2,7,ACERTO_VENCEDOR,2026-07-06T12:52:48.680Z
cadd72fa-35d3-4a78-8f7c-578e389e8e6f,user99,7376d781-0d8e-49f7-9f7d-42802bc540d6,2,2,0,ERRO,2026-07-06T13:09:21.972Z
d0be90a6-955d-4a2d-a6de-42238d952ef6,user99,8fe26221-e619-4442-b8f6-3bb5a152a9c4,2,2,0,ERRO,2026-07-06T13:09:30.769Z
e81a254f-6c13-45ca-9aed-740da0e5c287,user156,7376d781-0d8e-49f7-9f7d-42802bc540d6,1,1,0,ERRO,2026-07-06T13:57:52.463Z
57a20ba6-19c8-45cb-8814-69399725109f,user156,8fe26221-e619-4442-b8f6-3bb5a152a9c4,1,2,10,ACERTO_VENCEDOR,2026-07-06T13:58:11.648Z
663821cb-fd28-4618-abbb-23daa9fd8502,user75,7376d781-0d8e-49f7-9f7d-42802bc540d6,1,2,10,ACERTO_VENCEDOR,2026-07-06T14:16:08.333Z
c8d4190b-0b21-4db3-b876-92e357579ec8,user75,8fe26221-e619-4442-b8f6-3bb5a152a9c4,1,2,10,ACERTO_VENCEDOR,2026-07-06T14:18:24.900Z
955d0ea9-7fb7-4220-a964-13a26d70a3b1,user9,7376d781-0d8e-49f7-9f7d-42802bc540d6,0,2,10,ACERTO_VENCEDOR,2026-07-06T14:32:41.625Z
9524634a-2193-4434-9836-60ae992f7369,user9,8fe26221-e619-4442-b8f6-3bb5a152a9c4,1,1,0,ERRO,2026-07-06T14:32:53.201Z
2b38740b-4086-4833-afff-a5730a5dfbfc,user113,7376d781-0d8e-49f7-9f7d-42802bc540d6,2,3,10,ACERTO_VENCEDOR,2026-07-06T15:11:24.300Z
ff2f296d-5c2c-482a-b888-11dfc05197ac,user113,8fe26221-e619-4442-b8f6-3bb5a152a9c4,2,2,0,ERRO,2026-07-06T15:11:31.468Z
7c0c6430-e753-4cef-acaa-cfb5fc5e9ce0,user148,8fe26221-e619-4442-b8f6-3bb5a152a9c4,3,1,0,ERRO,2026-07-06T15:24:59.677Z
eaeb47ab-19ac-4365-942d-bd5fba5b9cca,user148,7376d781-0d8e-49f7-9f7d-42802bc540d6,1,2,10,ACERTO_VENCEDOR,2026-07-06T15:25:06.569Z
51f1b32b-c50e-40a4-b3b0-be084e454012,user145,7376d781-0d8e-49f7-9f7d-42802bc540d6,2,1,0,ERRO,2026-07-06T15:26:40.502Z
62361b15-725b-4bff-8f2e-2e258fcc27ab,user145,8fe26221-e619-4442-b8f6-3bb5a152a9c4,1,2,10,ACERTO_VENCEDOR,2026-07-06T15:27:12.288Z
fe51af24-47d2-4d7a-8f78-07ddb6270933,user43,7376d781-0d8e-49f7-9f7d-42802bc540d6,1,3,7,ACERTO_VENCEDOR,2026-07-06T15:36:54.360Z
681616df-0cb2-4818-9ed1-08c35ddeb38b,user43,8fe26221-e619-4442-b8f6-3bb5a152a9c4,1,2,10,ACERTO_VENCEDOR,2026-07-06T15:37:02.720Z
2cc7904e-d8bf-4657-8fd5-826f4c4bbbcc,user43,c704af5a-073a-493b-8034-73f2e7596f41,3,1,10,ACERTO_VENCEDOR,2026-07-06T15:37:20.017Z
23ee53ac-6f8a-4c67-9531-0c6b73df09bf,user43,28c7fcad-95ce-4b4c-a066-9578d586ae3d,0,2,0,ERRO,2026-07-06T15:37:23.610Z
f2d4a4a3-3deb-49ed-8270-b51f2135a484,user144,7376d781-0d8e-49f7-9f7d-42802bc540d6,2,2,0,ERRO,2026-07-06T15:39:40.255Z
b662475b-d685-4fc2-ad4b-ca41a23f2fc5,user144,8fe26221-e619-4442-b8f6-3bb5a152a9c4,2,1,0,ERRO,2026-07-06T15:39:48.421Z
44a59297-c492-4011-b7dd-7b4f7aeb86d2,user5,7376d781-0d8e-49f7-9f7d-42802bc540d6,1,2,10,ACERTO_VENCEDOR,2026-07-06T16:10:42.469Z
a18a4a86-4f86-4af9-8ded-d21be5feb2a8,user5,8fe26221-e619-4442-b8f6-3bb5a152a9c4,2,0,0,ERRO,2026-07-06T16:12:37.820Z
c51934b5-5ce7-4d38-9bd3-c91838057fc4,user139,7376d781-0d8e-49f7-9f7d-42802bc540d6,1,2,10,ACERTO_VENCEDOR,2026-07-06T16:15:50.112Z
35637b76-3493-40b5-bec0-1edc3b5f0ab0,user139,8fe26221-e619-4442-b8f6-3bb5a152a9c4,1,3,10,ACERTO_VENCEDOR,2026-07-06T16:15:55.622Z
2baf078d-f321-4582-a7af-f6657538ae2a,user177,8fe26221-e619-4442-b8f6-3bb5a152a9c4,1,2,10,ACERTO_VENCEDOR,2026-07-06T18:12:23.279Z
a363682a-626d-4e2d-af41-b7cc6544d221,user3,8fe26221-e619-4442-b8f6-3bb5a152a9c4,0,2,7,ACERTO_VENCEDOR,2026-07-06T18:30:00.473Z
922d50b5-fe50-41ef-b2a4-f7e21af3c1b9,user36,7376d781-0d8e-49f7-9f7d-42802bc540d6,1,2,10,ACERTO_VENCEDOR,2026-07-06T18:30:45.739Z
ce79af73-0fc6-4e57-829a-6b6cc5713428,user3,7376d781-0d8e-49f7-9f7d-42802bc540d6,2,1,0,ERRO,2026-07-06T18:31:00.283Z
9cc8a12b-1aa7-4c9f-891a-e886463cb82e,user36,8fe26221-e619-4442-b8f6-3bb5a152a9c4,1,2,10,ACERTO_VENCEDOR,2026-07-06T18:31:24.917Z
e9da364e-b7d2-4d7a-9d16-77260726f177,user136,8fe26221-e619-4442-b8f6-3bb5a152a9c4,1,3,10,ACERTO_VENCEDOR,2026-07-06T22:02:33.674Z
394876d4-1427-4378-9d0c-5ffbea98ebda,user54,8fe26221-e619-4442-b8f6-3bb5a152a9c4,0,0,0,ERRO,2026-07-06T22:21:49.093Z
156c858c-521e-4dc9-990c-614096b48153,user129,8fe26221-e619-4442-b8f6-3bb5a152a9c4,1,2,10,ACERTO_VENCEDOR,2026-07-06T22:54:55.651Z
0ff9abde-2e7a-46a7-be85-b953675ee796,user129,c704af5a-073a-493b-8034-73f2e7596f41,2,0,7,ACERTO_VENCEDOR,2026-07-06T22:55:07.838Z
8d342dda-19cb-4bac-9401-4632e64e3ac3,user129,28c7fcad-95ce-4b4c-a066-9578d586ae3d,1,2,0,ERRO,2026-07-06T22:55:17.959Z
53b45df9-7c9d-4f49-badd-163d1720a33a,user126,28c7fcad-95ce-4b4c-a066-9578d586ae3d,0,2,0,ERRO,2026-07-06T23:50:05.740Z
33783f88-68a0-48db-b175-9c6da54bc580,user126,c704af5a-073a-493b-8034-73f2e7596f41,3,1,10,ACERTO_VENCEDOR,2026-07-06T23:50:08.565Z
50ce55ef-eb94-407d-ad58-4f6d574bf3b1,user126,8fe26221-e619-4442-b8f6-3bb5a152a9c4,1,2,10,ACERTO_VENCEDOR,2026-07-06T23:50:16.697Z
fc7033df-173a-4d88-8837-fc99d65d250e,user113,c704af5a-073a-493b-8034-73f2e7596f41,3,2,15,ACERTO_PLACAR,2026-07-07T02:45:21.087Z
9dbd048e-5878-480c-87b0-177fd21def5e,user113,28c7fcad-95ce-4b4c-a066-9578d586ae3d,1,3,0,ERRO,2026-07-07T02:45:31.031Z
62386ab0-35dd-456a-8797-63436522581d,user139,c704af5a-073a-493b-8034-73f2e7596f41,3,1,10,ACERTO_VENCEDOR,2026-07-07T05:53:19.188Z
c1a79645-95a6-4693-a83d-becd96782b2f,user139,28c7fcad-95ce-4b4c-a066-9578d586ae3d,1,3,0,ERRO,2026-07-07T05:53:22.520Z
7427d290-0656-4074-b666-1e3cbf876c3d,user148,c704af5a-073a-493b-8034-73f2e7596f41,3,1,10,ACERTO_VENCEDOR,2026-07-07T10:46:19.058Z
1a8765c4-75a7-4179-972c-c7e803ccd9d1,user148,28c7fcad-95ce-4b4c-a066-9578d586ae3d,1,2,0,ERRO,2026-07-07T10:47:18.600Z
51778bd6-9236-4a3d-a6fd-a470bcbab901,user177,c704af5a-073a-493b-8034-73f2e7596f41,2,1,10,ACERTO_VENCEDOR,2026-07-07T11:37:12.977Z
a90b49bd-b904-4f90-981d-ac70c8502976,user177,28c7fcad-95ce-4b4c-a066-9578d586ae3d,1,1,10,ACERTO_BONUS,2026-07-07T11:37:38.601Z
31982311-ca45-4fa9-9607-4c17f394ea48,user2,c704af5a-073a-493b-8034-73f2e7596f41,2,1,10,ACERTO_VENCEDOR,2026-07-07T13:01:26.973Z
b0bd498d-f3b7-406d-a3a9-f46ef9ca453d,user2,28c7fcad-95ce-4b4c-a066-9578d586ae3d,0,2,0,ERRO,2026-07-07T13:01:55.848Z
e0e0fbb3-d45d-46d3-b826-eb6d94f1410b,user156,28c7fcad-95ce-4b4c-a066-9578d586ae3d,1,2,0,ERRO,2026-07-07T13:07:33.732Z
2504ac54-2a03-4ac7-befa-80902ad1a25b,user9,c704af5a-073a-493b-8034-73f2e7596f41,3,1,10,ACERTO_VENCEDOR,2026-07-07T13:22:28.450Z
f1dbc262-c6cd-454e-a176-01c31ed526f1,user9,28c7fcad-95ce-4b4c-a066-9578d586ae3d,0,2,0,ERRO,2026-07-07T13:22:35.497Z
6e1ffc46-e217-422b-bb89-7ccd10c38ebc,user99,c704af5a-073a-493b-8034-73f2e7596f41,2,2,0,ERRO,2026-07-07T13:55:26.372Z
75ea08b5-ce90-4212-94b6-5f2a0498138d,user99,28c7fcad-95ce-4b4c-a066-9578d586ae3d,1,2,0,ERRO,2026-07-07T13:55:31.968Z
c1a59b5c-844f-4362-ae85-c6ffdf515d6a,user54,c704af5a-073a-493b-8034-73f2e7596f41,2,1,10,ACERTO_VENCEDOR,2026-07-07T14:14:23.504Z
cbc15e3a-9a70-44b0-8a65-4de38dd6871a,user54,28c7fcad-95ce-4b4c-a066-9578d586ae3d,1,2,0,ERRO,2026-07-07T14:14:31.200Z
ca31e4e9-5991-4d92-a6e0-4bf77ec3c8f5,user160,c704af5a-073a-493b-8034-73f2e7596f41,2,1,10,ACERTO_VENCEDOR,2026-07-07T14:15:44.746Z
fa1ca4ac-75c9-46bd-955f-97deaa39462a,user160,28c7fcad-95ce-4b4c-a066-9578d586ae3d,1,2,0,ERRO,2026-07-07T14:15:49.770Z
900f7065-4ea9-47b0-b370-623e69fd5b7f,user17,c704af5a-073a-493b-8034-73f2e7596f41,3,1,10,ACERTO_VENCEDOR,2026-07-07T15:03:45.841Z
4290f375-247e-4e46-a141-5ab9cd806df0,user17,28c7fcad-95ce-4b4c-a066-9578d586ae3d,1,2,0,ERRO,2026-07-07T15:03:54.426Z
f139f13a-9bf3-48b2-88fd-42ee39c50a0a,user145,c704af5a-073a-493b-8034-73f2e7596f41,2,1,10,ACERTO_VENCEDOR,2026-07-07T15:10:24.438Z
5ea63e95-9d71-4ce0-bba8-02efcb7dbe5e,user145,28c7fcad-95ce-4b4c-a066-9578d586ae3d,1,3,0,ERRO,2026-07-07T15:10:35.552Z
3e01fc26-08f4-43c7-83ed-397abd888854,user5,c704af5a-073a-493b-8034-73f2e7596f41,2,1,10,ACERTO_VENCEDOR,2026-07-07T15:12:23.802Z
43179328-97ed-4490-a991-f5e5a2b706d2,user5,28c7fcad-95ce-4b4c-a066-9578d586ae3d,1,2,0,ERRO,2026-07-07T15:12:24.072Z
b46832e8-2514-4ce0-8266-ecba76a11631,user4,c704af5a-073a-493b-8034-73f2e7596f41,3,1,10,ACERTO_VENCEDOR,2026-07-07T15:44:57.963Z
219546ac-f7c9-4545-9cf2-4fc62cf878ee,user4,28c7fcad-95ce-4b4c-a066-9578d586ae3d,0,1,0,ERRO,2026-07-07T15:45:07.960Z
d7a935b2-2460-4b9f-8342-d52168c180c6,user75,c704af5a-073a-493b-8034-73f2e7596f41,2,0,7,ACERTO_VENCEDOR,2026-07-07T15:51:31.691Z
f8a85815-13f1-4361-8a19-fae38dfb427c,user75,28c7fcad-95ce-4b4c-a066-9578d586ae3d,1,2,0,ERRO,2026-07-07T15:51:51.432Z
df0024b7-847d-4a3c-adfb-227ce43c4bd1,user106,c704af5a-073a-493b-8034-73f2e7596f41,3,0,10,ACERTO_VENCEDOR,2026-07-07T15:56:58.335Z
e269c3ce-bb30-4ce1-9a52-5b51db0e9dd3,user106,28c7fcad-95ce-4b4c-a066-9578d586ae3d,2,1,0,ERRO,2026-07-07T15:57:07.679Z
55be8c8c-1986-4d22-8c1b-cc902720c4e3,user144,c704af5a-073a-493b-8034-73f2e7596f41,2,1,10,ACERTO_VENCEDOR,2026-07-07T15:59:06.334Z
d12991b9-946d-4f62-96c6-054abaf3a5bb,user144,28c7fcad-95ce-4b4c-a066-9578d586ae3d,1,2,0,ERRO,2026-07-07T15:59:15.713Z
07074f39-a1ba-4b92-838d-f0e491bb6793,user136,28c7fcad-95ce-4b4c-a066-9578d586ae3d,1,2,0,ERRO,2026-07-07T18:45:32.558Z
62c91ccc-2b0f-49ba-8f1b-e27aa684c17c,user3,28c7fcad-95ce-4b4c-a066-9578d586ae3d,1,2,0,ERRO,2026-07-07T19:58:41.862Z
fdb0d6ca-f92c-4640-9397-f3ba6b45a3e6,user121,21205efd-340a-4d0b-a4bd-633a4318c780,2,1,10,ACERTO_VENCEDOR,2026-07-07T22:54:11.704Z
b8c6cc48-72c3-43b5-9bb2-caa58c7ba0a7,user121,61cf88f8-68d5-4150-b88a-0df92301ba66,2,1,15,ACERTO_PLACAR,2026-07-07T22:54:19.381Z
40d87ac9-59c7-4669-98a4-10ed225ab07f,user121,237822a2-65df-4ce2-90aa-68fdcc5f806a,1,3,10,ACERTO_VENCEDOR,2026-07-07T22:54:27.185Z
8153d5e0-d36e-4a38-b483-0af1640b7e55,user6,21205efd-340a-4d0b-a4bd-633a4318c780,3,2,7,ACERTO_VENCEDOR,2026-07-08T03:09:17.384Z
5a9ab204-7463-483b-befc-5b3d03cd02ca,user6,61cf88f8-68d5-4150-b88a-0df92301ba66,2,1,15,ACERTO_PLACAR,2026-07-08T03:10:00.912Z
4dfade2c-ecba-4a11-afd8-35d97b869863,user6,237822a2-65df-4ce2-90aa-68fdcc5f806a,2,2,0,ERRO,2026-07-08T03:10:37.930Z
88a60397-82f2-4175-9e1a-ade8ee8f2c39,user6,8e71d448-d369-48c6-a3ee-6f209ceba4fa,2,1,10,ACERTO_VENCEDOR,2026-07-08T03:10:56.951Z
8c7bcd0f-7b16-416b-9016-7143bcebf474,user11,21205efd-340a-4d0b-a4bd-633a4318c780,2,1,10,ACERTO_VENCEDOR,2026-07-08T04:22:56.068Z
6b0bd2b8-bb0a-49da-a41d-616380fb4b59,user11,237822a2-65df-4ce2-90aa-68fdcc5f806a,1,2,15,ACERTO_PLACAR,2026-07-08T04:23:51.226Z
decf6f4c-a8b1-4437-a162-1b94dade8f33,user11,8e71d448-d369-48c6-a3ee-6f209ceba4fa,2,1,10,ACERTO_VENCEDOR,2026-07-08T04:24:16.629Z
21fb7787-e7a0-443d-a6ba-e85ce7c363f0,user11,61cf88f8-68d5-4150-b88a-0df92301ba66,2,2,0,ERRO,2026-07-08T04:24:30.327Z
01250872-3217-4d25-8469-31b44a9ed489,user139,21205efd-340a-4d0b-a4bd-633a4318c780,3,1,10,ACERTO_VENCEDOR,2026-07-08T06:59:03.950Z
34a74e8f-ea71-4e43-8cef-a5b057ba9b9f,user139,61cf88f8-68d5-4150-b88a-0df92301ba66,0,2,0,ERRO,2026-07-08T06:59:05.402Z
6c5c39f5-9f9a-421e-9071-29de0822e3fe,user139,237822a2-65df-4ce2-90aa-68fdcc5f806a,3,2,0,ERRO,2026-07-08T06:59:07.464Z
74504ea6-a07b-453a-a240-1b571bcc6d0c,user139,8e71d448-d369-48c6-a3ee-6f209ceba4fa,2,1,10,ACERTO_VENCEDOR,2026-07-08T06:59:09.519Z
72e7b2f0-63c0-463a-b85b-2e6fa2b47046,user99,21205efd-340a-4d0b-a4bd-633a4318c780,1,2,0,ERRO,2026-07-08T11:33:28.546Z
ff5d14cf-27b3-4d2a-81bc-55d5568b3662,user99,61cf88f8-68d5-4150-b88a-0df92301ba66,0,2,0,ERRO,2026-07-08T11:33:34.551Z
80eed751-653c-41cb-bdb0-07f6130283b4,user99,237822a2-65df-4ce2-90aa-68fdcc5f806a,2,1,0,ERRO,2026-07-08T11:33:42.937Z
24d59524-efdb-41a5-9220-611fe6593496,user99,8e71d448-d369-48c6-a3ee-6f209ceba4fa,0,1,0,ERRO,2026-07-08T11:33:50.351Z
1c223964-39cc-461d-b3d0-5ae2275350ea,user177,21205efd-340a-4d0b-a4bd-633a4318c780,2,1,10,ACERTO_VENCEDOR,2026-07-08T13:24:47.150Z
9bed5b17-024a-40c0-8bbe-b362e9389662,user177,61cf88f8-68d5-4150-b88a-0df92301ba66,2,2,0,ERRO,2026-07-08T13:24:48.375Z
01d18eaa-e7dd-4e2f-ab3f-d20393e48277,user177,237822a2-65df-4ce2-90aa-68fdcc5f806a,1,3,10,ACERTO_VENCEDOR,2026-07-08T13:24:55.276Z
ef50c99e-86db-4692-9b88-2030d8335305,user177,8e71d448-d369-48c6-a3ee-6f209ceba4fa,2,0,10,ACERTO_VENCEDOR,2026-07-08T13:25:02.453Z
a34ee63e-400e-4c43-b214-61b440475bce,user126,21205efd-340a-4d0b-a4bd-633a4318c780,2,0,15,ACERTO_PLACAR,2026-07-08T15:24:06.273Z
c1bc32f9-b9b8-4c7f-9e8b-8985d7ddacfb,user126,61cf88f8-68d5-4150-b88a-0df92301ba66,2,1,15,ACERTO_PLACAR,2026-07-08T15:24:22.800Z
61e66d00-27df-4031-a49e-b1167d90f694,user126,237822a2-65df-4ce2-90aa-68fdcc5f806a,1,1,0,ERRO,2026-07-08T15:24:37.843Z
bbe971d4-8fe5-40f1-99d2-8ec83214a5fc,user126,8e71d448-d369-48c6-a3ee-6f209ceba4fa,3,0,10,ACERTO_VENCEDOR,2026-07-08T15:24:47.572Z
15a87086-244f-433c-b683-3941aebfcc5e,user156,21205efd-340a-4d0b-a4bd-633a4318c780,2,0,15,ACERTO_PLACAR,2026-07-08T15:37:13.866Z
c4fb20f0-e0d1-45a3-9ef7-dbd7c237ba62,user156,61cf88f8-68d5-4150-b88a-0df92301ba66,2,0,10,ACERTO_VENCEDOR,2026-07-08T15:37:21.671Z
8f22eb33-47c1-43e4-bc54-f074d89a6a44,user156,237822a2-65df-4ce2-90aa-68fdcc5f806a,1,2,15,ACERTO_PLACAR,2026-07-08T15:37:29.814Z
4b22ebb7-5a64-430f-b693-e3142310c292,user156,8e71d448-d369-48c6-a3ee-6f209ceba4fa,1,1,0,ERRO,2026-07-08T15:37:42.587Z
89d100a6-2a3d-4e68-8f94-7a3546ca5f17,user26,21205efd-340a-4d0b-a4bd-633a4318c780,3,2,7,ACERTO_VENCEDOR,2026-07-08T20:33:01.013Z
f657ea73-294c-40f8-a637-ece8a5f165c8,user26,61cf88f8-68d5-4150-b88a-0df92301ba66,1,0,10,ACERTO_VENCEDOR,2026-07-08T20:33:08.480Z
08912388-4d9c-4677-8891-c153de5202c3,user26,237822a2-65df-4ce2-90aa-68fdcc5f806a,2,1,0,ERRO,2026-07-08T20:33:14.600Z
ec4bd46d-0da5-4b41-ae96-0f0b9cc3df9d,user26,8e71d448-d369-48c6-a3ee-6f209ceba4fa,3,1,15,ACERTO_PLACAR,2026-07-08T20:33:20.001Z
cf4aa87a-0fb2-486a-8983-f72c9559fc3f,user46,21205efd-340a-4d0b-a4bd-633a4318c780,2,1,10,ACERTO_VENCEDOR,2026-07-09T01:46:58.815Z
c3c64e53-7979-4eb8-8106-a45f4c43c578,user46,61cf88f8-68d5-4150-b88a-0df92301ba66,1,1,0,ERRO,2026-07-09T01:47:30.335Z
6c095882-ca2f-4112-9c7f-45af0d3c761d,user46,237822a2-65df-4ce2-90aa-68fdcc5f806a,3,2,0,ERRO,2026-07-09T01:49:31.747Z
ef094c05-6512-47ac-9582-2ff181ab3723,user46,8e71d448-d369-48c6-a3ee-6f209ceba4fa,1,1,0,ERRO,2026-07-09T01:50:41.266Z
a8deb318-9380-41f9-ad11-a0beb9c8d92c,user121,8e71d448-d369-48c6-a3ee-6f209ceba4fa,2,1,10,ACERTO_VENCEDOR,2026-07-09T02:00:28.464Z
df99e198-eaab-41b8-a178-f5a94cd64273,user77,8e71d448-d369-48c6-a3ee-6f209ceba4fa,3,1,15,ACERTO_PLACAR,2026-07-09T04:07:31.605Z
f742ef61-5fd1-47b0-b466-49b0e433638d,user77,21205efd-340a-4d0b-a4bd-633a4318c780,2,1,10,ACERTO_VENCEDOR,2026-07-09T04:07:32.135Z
50619bc3-881c-4b0d-a711-5d733af2764e,user77,237822a2-65df-4ce2-90aa-68fdcc5f806a,2,3,10,ACERTO_VENCEDOR,2026-07-09T04:07:32.399Z
d381c80c-d9d7-4d4a-a32f-aebf204fa288,user77,61cf88f8-68d5-4150-b88a-0df92301ba66,2,2,0,ERRO,2026-07-09T04:07:33.471Z
6dce5f3f-8c41-48d5-903b-65e4817f25dc,user3,21205efd-340a-4d0b-a4bd-633a4318c780,2,1,10,ACERTO_VENCEDOR,2026-07-09T13:09:56.340Z
14cb34ac-2300-4502-ad1d-2866a6916b18,user3,61cf88f8-68d5-4150-b88a-0df92301ba66,2,0,10,ACERTO_VENCEDOR,2026-07-09T13:10:15.825Z
8ef8204b-c84f-491c-99fa-585d36ce95f7,user3,237822a2-65df-4ce2-90aa-68fdcc5f806a,1,3,10,ACERTO_VENCEDOR,2026-07-09T13:10:40.940Z
ca850157-68d1-4ff1-88f9-3a6cf906411c,user3,8e71d448-d369-48c6-a3ee-6f209ceba4fa,2,0,10,ACERTO_VENCEDOR,2026-07-09T13:10:52.207Z
70ff0867-415f-424c-b6c0-3ab99c09c9cf,user75,21205efd-340a-4d0b-a4bd-633a4318c780,1,2,0,ERRO,2026-07-09T13:12:34.026Z
f1772f82-13c2-4427-a70a-a8d3e017ea8f,user148,21205efd-340a-4d0b-a4bd-633a4318c780,3,2,7,ACERTO_VENCEDOR,2026-07-09T13:29:04.199Z
f9606360-6d2c-4e1c-b102-05eff96e6d0b,user14,21205efd-340a-4d0b-a4bd-633a4318c780,3,2,7,ACERTO_VENCEDOR,2026-07-09T13:30:30.169Z
298df23d-36a4-4bab-abbd-f620e7c35083,user16,21205efd-340a-4d0b-a4bd-633a4318c780,1,2,0,ERRO,2026-07-09T13:31:32.249Z
be5c5e1b-7c95-4c93-960a-e9b5b46da016,user113,21205efd-340a-4d0b-a4bd-633a4318c780,3,2,7,ACERTO_VENCEDOR,2026-07-09T13:34:39.893Z
3447dae5-6f89-4031-be68-11ca87398c1e,user113,61cf88f8-68d5-4150-b88a-0df92301ba66,2,2,0,ERRO,2026-07-09T13:35:00.001Z
b5bd8741-1ccf-48b2-a6f8-99e7d5d06b83,user113,237822a2-65df-4ce2-90aa-68fdcc5f806a,3,2,0,ERRO,2026-07-09T13:35:15.227Z
61a1b027-b2d0-49f6-8763-805fc1234cf1,user113,8e71d448-d369-48c6-a3ee-6f209ceba4fa,2,1,10,ACERTO_VENCEDOR,2026-07-09T13:35:29.330Z
03dc1ec3-6c88-482e-a77f-76787c156f90,user54,21205efd-340a-4d0b-a4bd-633a4318c780,2,1,10,ACERTO_VENCEDOR,2026-07-09T14:47:06.081Z
dba16253-a52f-43a0-ad2d-2bfd411c9190,user136,21205efd-340a-4d0b-a4bd-633a4318c780,3,2,7,ACERTO_VENCEDOR,2026-07-09T17:46:24.904Z
353c4d9d-0810-44dc-a81c-70f6248f4dc4,user5,21205efd-340a-4d0b-a4bd-633a4318c780,2,0,15,ACERTO_PLACAR,2026-07-09T18:05:01.263Z
bd0415d4-0c09-46cb-a5cb-6aed7f5c03d6,user160,21205efd-340a-4d0b-a4bd-633a4318c780,2,1,10,ACERTO_VENCEDOR,2026-07-09T18:56:15.177Z
5fe03669-35ab-4e42-a445-4a86ff0e309c,user162,21205efd-340a-4d0b-a4bd-633a4318c780,2,2,0,ERRO,2026-07-09T19:51:23.574Z
4d868d12-9653-42fb-88a3-7861b9370a43,user9,21205efd-340a-4d0b-a4bd-633a4318c780,2,1,10,ACERTO_VENCEDOR,2026-07-09T19:51:47.978Z
40660f9d-7554-44d5-918e-3b4aec94ce11,user1,21205efd-340a-4d0b-a4bd-633a4318c780,2,2,0,ERRO,2026-07-09T19:51:49.317Z
623ad1bd-e3aa-41f5-b84a-dda31def117b,user145,21205efd-340a-4d0b-a4bd-633a4318c780,3,1,10,ACERTO_VENCEDOR,2026-07-09T19:56:04.618Z
075cf3e5-a708-49f2-b926-c1cd63c63e39,user136,61cf88f8-68d5-4150-b88a-0df92301ba66,0,2,0,ERRO,2026-07-10T12:31:05.928Z
d8bc9c49-4bf0-4cce-bacb-33f10abee02a,user148,61cf88f8-68d5-4150-b88a-0df92301ba66,3,1,10,ACERTO_VENCEDOR,2026-07-10T12:35:26.597Z
1daa1f98-8538-40a9-bf3d-fa8c7574eda4,user75,61cf88f8-68d5-4150-b88a-0df92301ba66,1,0,10,ACERTO_VENCEDOR,2026-07-10T14:05:39.810Z
e292cd25-31e0-4d1d-a26d-cd2786a51587,user9,61cf88f8-68d5-4150-b88a-0df92301ba66,2,1,15,ACERTO_PLACAR,2026-07-10T14:08:33.947Z
41ceb32e-c7f0-4593-81fe-8dc10d0faf9a,user54,61cf88f8-68d5-4150-b88a-0df92301ba66,2,1,15,ACERTO_PLACAR,2026-07-10T14:12:04.801Z
4001ffa2-db0a-411a-81ba-13d5f175f2b4,user166,61cf88f8-68d5-4150-b88a-0df92301ba66,2,1,15,ACERTO_PLACAR,2026-07-10T16:35:05.929Z
6e2113c2-fd8e-49e6-a922-b7ca6c042993,user166,237822a2-65df-4ce2-90aa-68fdcc5f806a,1,3,10,ACERTO_VENCEDOR,2026-07-10T16:35:41.853Z
4f7319c9-4cd0-4b0c-b6cf-e9f2d5481848,user166,8e71d448-d369-48c6-a3ee-6f209ceba4fa,1,1,0,ERRO,2026-07-10T16:36:05.559Z
50943004-2bcc-4085-8d3a-54ae6bc6bed1,user5,61cf88f8-68d5-4150-b88a-0df92301ba66,2,0,10,ACERTO_VENCEDOR,2026-07-10T18:32:31.282Z
ffeae7e7-3fe2-4f97-85bf-731ca3e485c9,user145,61cf88f8-68d5-4150-b88a-0df92301ba66,1,2,0,ERRO,2026-07-10T18:59:51.048Z
81bd5175-bd02-4ebd-a008-5a96d07a541d,user144,237822a2-65df-4ce2-90aa-68fdcc5f806a,1,2,15,ACERTO_PLACAR,2026-07-10T19:53:21.500Z
1544ba24-9799-4e70-876b-61ea35099b26,user144,8e71d448-d369-48c6-a3ee-6f209ceba4fa,2,1,10,ACERTO_VENCEDOR,2026-07-10T19:53:36.732Z
94c1f2fb-8f37-42fd-8886-44e141a7f45a,user1,61cf88f8-68d5-4150-b88a-0df92301ba66,2,0,10,ACERTO_VENCEDOR,2026-07-10T21:03:58.323Z
76b8942f-3a2b-4b13-9435-144747ac7110,user1,237822a2-65df-4ce2-90aa-68fdcc5f806a,1,2,15,ACERTO_PLACAR,2026-07-10T21:06:03.967Z
afe67893-d100-481c-af8f-be809a76d208,user1,8e71d448-d369-48c6-a3ee-6f209ceba4fa,3,1,15,ACERTO_PLACAR,2026-07-10T21:06:12.207Z
69c88439-5db6-4ffb-8494-e1e87f778ea2,user5,237822a2-65df-4ce2-90aa-68fdcc5f806a,1,2,15,ACERTO_PLACAR,2026-07-11T06:35:11.809Z
94402486-c7e1-41e0-98f1-cd489e3ffc69,user5,8e71d448-d369-48c6-a3ee-6f209ceba4fa,2,1,10,ACERTO_VENCEDOR,2026-07-11T06:35:15.275Z
4e5cb0c8-b9b4-4c02-bf3d-4be2c970f44a,user75,237822a2-65df-4ce2-90aa-68fdcc5f806a,1,2,15,ACERTO_PLACAR,2026-07-11T14:30:05.362Z
6c2ba3c4-846b-47d1-bcc3-f22ba9e38c42,user75,8e71d448-d369-48c6-a3ee-6f209ceba4fa,2,1,10,ACERTO_VENCEDOR,2026-07-11T14:31:04.567Z
fb4a5e41-08b4-4573-bc43-74de2db985d5,user54,237822a2-65df-4ce2-90aa-68fdcc5f806a,1,2,15,ACERTO_PLACAR,2026-07-11T15:12:33.385Z
845e82a1-5c05-4bb8-a412-81cf00c7d379,user54,8e71d448-d369-48c6-a3ee-6f209ceba4fa,2,1,10,ACERTO_VENCEDOR,2026-07-11T15:12:43.786Z
b3737d7c-9184-4518-8975-e1db9fdd3b05,user148,237822a2-65df-4ce2-90aa-68fdcc5f806a,3,2,0,ERRO,2026-07-11T16:27:38.189Z
906f9789-76b2-4c9f-b900-c06eeab128ce,user148,8e71d448-d369-48c6-a3ee-6f209ceba4fa,3,1,15,ACERTO_PLACAR,2026-07-11T16:27:42.519Z
9403e2c6-7ca6-41a4-bba7-7040521096fd,user136,237822a2-65df-4ce2-90aa-68fdcc5f806a,3,1,0,ERRO,2026-07-11T17:36:20.663Z
0972fd81-d808-42a2-a59d-2bb700588804,user136,8e71d448-d369-48c6-a3ee-6f209ceba4fa,2,1,10,ACERTO_VENCEDOR,2026-07-11T17:36:24.270Z
0a5b6573-00c9-4fcf-89fb-cc7c3dfecb0b,user4,237822a2-65df-4ce2-90aa-68fdcc5f806a,3,2,0,ERRO,2026-07-11T19:05:30.003Z
d15e2053-c56d-4666-aaa4-92af2812c72b,user4,8e71d448-d369-48c6-a3ee-6f209ceba4fa,3,0,10,ACERTO_VENCEDOR,2026-07-11T19:05:45.656Z
e4955118-f969-4fbb-b0a7-e338443d3b07,user9,237822a2-65df-4ce2-90aa-68fdcc5f806a,2,2,0,ERRO,2026-07-11T20:01:29.859Z
62895896-d297-49b8-b4af-f8405236d902,user9,8e71d448-d369-48c6-a3ee-6f209ceba4fa,3,0,10,ACERTO_VENCEDOR,2026-07-11T20:01:37.710Z
d8911b40-e8d7-4759-8ea9-ac7763556553,user162,237822a2-65df-4ce2-90aa-68fdcc5f806a,1,2,15,ACERTO_PLACAR,2026-07-11T20:18:48.579Z
4e414719-45f7-421e-a59a-01485de5338e,user162,8e71d448-d369-48c6-a3ee-6f209ceba4fa,2,1,10,ACERTO_VENCEDOR,2026-07-11T20:18:58.518Z
ddba274a-7ac1-44f6-9b38-d011fee99740,user157,237822a2-65df-4ce2-90aa-68fdcc5f806a,1,3,10,ACERTO_VENCEDOR,2026-07-11T20:37:59.340Z
2a22ff88-2962-4f70-983d-161bc8dbbeab,user157,8e71d448-d369-48c6-a3ee-6f209ceba4fa,0,0,0,ERRO,2026-07-11T20:38:20.964Z
d942e64c-3135-4850-9a51-9cb51e101a35,user145,237822a2-65df-4ce2-90aa-68fdcc5f806a,3,1,0,ERRO,2026-07-11T20:50:03.297Z
c611c23b-ba2a-4e77-8f45-fe336ca85709,user145,8e71d448-d369-48c6-a3ee-6f209ceba4fa,3,0,10,ACERTO_VENCEDOR,2026-07-11T20:50:18.418Z
9586935a-f45a-4622-827b-88d825b4a709,user21,237822a2-65df-4ce2-90aa-68fdcc5f806a,2,1,0,ERRO,2026-07-11T20:58:00.230Z
bf38b4fe-9ed4-4efe-8994-2171b33e9638,user21,8e71d448-d369-48c6-a3ee-6f209ceba4fa,1,2,0,ERRO,2026-07-11T20:58:07.882Z
c3661105-4fcc-4413-aa35-51544d0f0ecf,user125,8e71d448-d369-48c6-a3ee-6f209ceba4fa,2,0,10,ACERTO_VENCEDOR,2026-07-12T00:08:41.435Z
e53d4cbe-e7ce-4388-a4c3-173c7dcacc3b,user121,2aded486-2abf-404f-8279-ae500ce9bf4e,3,1,0,ERRO,2026-07-12T03:57:50.681Z
c25136dc-3c6c-4384-8578-2d07542b6b1c,user121,57954696-3169-4ec6-8e2e-085a68a843dd,1,2,15,ACERTO_PLACAR,2026-07-12T03:57:59.737Z
c0e1ec08-0116-45d8-a652-ebe6f4d8e34f,user1,2aded486-2abf-404f-8279-ae500ce9bf4e,1,2,10,ACERTO_VENCEDOR,2026-07-12T04:01:20.494Z
db05f3d4-2c1d-47eb-a5d6-6f505eb051f3,user1,57954696-3169-4ec6-8e2e-085a68a843dd,2,2,0,ERRO,2026-07-12T04:01:29.130Z
c2255348-c1ac-4cf1-aeb2-a8549646cd10,user157,2aded486-2abf-404f-8279-ae500ce9bf4e,2,1,0,ERRO,2026-07-12T04:25:41.807Z
dcfa7aaf-1898-41eb-82d2-23924ed4b43c,user157,57954696-3169-4ec6-8e2e-085a68a843dd,2,1,0,ERRO,2026-07-12T04:26:17.019Z
d8f6ae7f-d2af-4e96-b441-6bd8998b937c,user148,2aded486-2abf-404f-8279-ae500ce9bf4e,3,1,0,ERRO,2026-07-12T17:15:29.153Z
86d482f9-3de9-437c-aacd-9e39d0f37b4e,user77,2aded486-2abf-404f-8279-ae500ce9bf4e,2,1,0,ERRO,2026-07-12T22:11:26.262Z
a700fefb-bafa-492e-bdf6-cfa08bcd0176,user77,57954696-3169-4ec6-8e2e-085a68a843dd,3,2,0,ERRO,2026-07-12T22:11:26.545Z
cdf585c0-f70b-4752-bd7e-60b4d35dea85,user139,2aded486-2abf-404f-8279-ae500ce9bf4e,3,1,0,ERRO,2026-07-12T22:42:45.068Z
1e3d1992-a130-4fd1-981c-b66f25b363a5,user139,57954696-3169-4ec6-8e2e-085a68a843dd,3,2,0,ERRO,2026-07-12T22:42:50.703Z
234aae71-bad9-401f-bf6c-65886ec9ad27,user26,2aded486-2abf-404f-8279-ae500ce9bf4e,3,1,0,ERRO,2026-07-13T03:39:08.099Z
d72e9509-771f-4323-83eb-49b07e714543,user26,57954696-3169-4ec6-8e2e-085a68a843dd,2,1,0,ERRO,2026-07-13T03:39:19.398Z
c844e9cb-9fc9-4ee1-9904-233bf95eb6ef,user6,2aded486-2abf-404f-8279-ae500ce9bf4e,1,2,10,ACERTO_VENCEDOR,2026-07-13T05:09:53.155Z
540a627f-7c91-4603-9ac7-92070c80f21c,user6,57954696-3169-4ec6-8e2e-085a68a843dd,2,1,0,ERRO,2026-07-13T05:10:39.015Z
d40ea841-fd69-4161-bf32-b97fa4474f75,user162,2aded486-2abf-404f-8279-ae500ce9bf4e,2,2,0,ERRO,2026-07-13T05:16:50.406Z
fb4bc6d5-5772-488e-8f20-6f9f459c1b09,user162,57954696-3169-4ec6-8e2e-085a68a843dd,1,1,0,ERRO,2026-07-13T05:17:06.263Z
24fda8c1-0569-48f6-9dc4-4d5a770bac36,user99,2aded486-2abf-404f-8279-ae500ce9bf4e,2,0,0,ERRO,2026-07-13T12:55:37.464Z
75fcb242-21f1-4cec-bbdf-a496a9f93af6,user99,57954696-3169-4ec6-8e2e-085a68a843dd,2,2,0,ERRO,2026-07-13T12:55:56.755Z
c31588c7-6d0c-49b3-b23d-905d7df10e1e,user156,2aded486-2abf-404f-8279-ae500ce9bf4e,3,2,0,ERRO,2026-07-13T15:20:50.829Z
727409ec-4d72-40eb-bdf5-996a16243d59,user156,57954696-3169-4ec6-8e2e-085a68a843dd,2,1,0,ERRO,2026-07-13T15:20:58.192Z
e01660dd-037b-4194-9b0e-3e130f20e26f,user54,2aded486-2abf-404f-8279-ae500ce9bf4e,2,1,0,ERRO,2026-07-13T18:38:06.957Z
e357e663-1320-4156-9568-5eceeee6182c,user54,57954696-3169-4ec6-8e2e-085a68a843dd,1,2,15,ACERTO_PLACAR,2026-07-13T18:38:13.072Z
8a3a7a7b-09d4-4275-ae73-c6d041efdd14,user46,2aded486-2abf-404f-8279-ae500ce9bf4e,2,1,0,ERRO,2026-07-13T23:38:51.713Z
2ce18755-f587-42e6-bf8f-66162e4b215a,user46,57954696-3169-4ec6-8e2e-085a68a843dd,2,1,0,ERRO,2026-07-13T23:39:03.387Z
9e0d01c9-e87c-40fd-be5c-c3fa34804df5,user126,2aded486-2abf-404f-8279-ae500ce9bf4e,2,1,0,ERRO,2026-07-13T23:43:53.007Z
2b063401-79f7-4b88-9e4f-a6cda73d976d,user126,57954696-3169-4ec6-8e2e-085a68a843dd,3,2,0,ERRO,2026-07-13T23:44:07.454Z
bf18de0b-8e1c-4169-985e-b75e5061427f,user195,2aded486-2abf-404f-8279-ae500ce9bf4e,2,1,0,ERRO,2026-07-14T13:46:04.993Z
a62ab012-1e5c-494b-b04f-41264be3f0a9,user177,2aded486-2abf-404f-8279-ae500ce9bf4e,2,1,0,ERRO,2026-07-14T13:47:07.814Z
9a2ef214-0fdd-43fa-9cfa-922fd70aa276,user75,2aded486-2abf-404f-8279-ae500ce9bf4e,2,1,0,ERRO,2026-07-14T17:10:19.587Z
1ff40870-7d5c-46fb-a54e-e3ebcb7cdfe3,user144,2aded486-2abf-404f-8279-ae500ce9bf4e,1,1,0,ERRO,2026-07-14T17:28:41.244Z
768ac91f-f092-4334-8cda-5ed4884dd281,user136,2aded486-2abf-404f-8279-ae500ce9bf4e,2,0,0,ERRO,2026-07-14T17:29:06.956Z
0e2eb4e1-d558-49ff-881c-4d8ee2a84d0f,user113,2aded486-2abf-404f-8279-ae500ce9bf4e,3,2,0,ERRO,2026-07-14T18:20:02.099Z
c7b8b4d1-cf39-4f1f-a3f8-7ec2f1377d6a,user160,2aded486-2abf-404f-8279-ae500ce9bf4e,3,1,0,ERRO,2026-07-14T18:20:44.587Z
ae533d4c-ce61-4b67-acbe-d7782dfbacc2,user11,57954696-3169-4ec6-8e2e-085a68a843dd,1,1,0,ERRO,2026-07-14T20:46:27.525Z
e570108f-b8a9-4e81-8b9c-284c1e398749,user9,57954696-3169-4ec6-8e2e-085a68a843dd,2,2,0,ERRO,2026-07-14T23:00:54.495Z
c1a9981b-d9c0-4bb7-a712-153d696e6be2,user125,57954696-3169-4ec6-8e2e-085a68a843dd,1,2,15,ACERTO_PLACAR,2026-07-14T23:16:02.843Z
43962ffe-8e32-444a-b44c-468f60f94769,user75,57954696-3169-4ec6-8e2e-085a68a843dd,2,1,0,ERRO,2026-07-15T15:19:25.864Z
0f1dd367-9528-4da3-ade9-d14c42c106b4,user177,57954696-3169-4ec6-8e2e-085a68a843dd,2,1,0,ERRO,2026-07-15T16:25:27.937Z
28d77fba-5d07-4453-9456-751de10752b7,user136,57954696-3169-4ec6-8e2e-085a68a843dd,1,2,15,ACERTO_PLACAR,2026-07-15T18:04:21.209Z
380e5874-d273-4d1f-b870-d582e98e6243,user148,57954696-3169-4ec6-8e2e-085a68a843dd,2,1,0,ERRO,2026-07-15T18:36:51.547Z
d00065a5-8416-4839-850d-679c2aca8149,user4,57954696-3169-4ec6-8e2e-085a68a843dd,1,2,15,ACERTO_PLACAR,2026-07-15T18:44:36.274Z
78e54de1-0fdb-43da-b6d1-6764bff3baf0,user1,86850df2-11a2-46c4-bf3d-1b0cfb2b610a,3,2,0,ERRO,2026-07-18T01:43:43.846Z
73de32c6-bb68-4ed2-bdae-df70544faef7,user1,39b08f81-a568-48d5-8d08-4093d092dab9,2,1,10,ACERTO_VENCEDOR,2026-07-18T01:43:51.403Z
27f9d002-24c6-48da-b89d-ef73884736e4,user6,86850df2-11a2-46c4-bf3d-1b0cfb2b610a,3,0,0,ERRO,2026-07-18T01:44:18.081Z
c38c2100-38cb-44dc-936a-e3c8fcfedd03,user6,39b08f81-a568-48d5-8d08-4093d092dab9,3,2,10,ACERTO_VENCEDOR,2026-07-18T01:44:27.386Z
4690f103-c930-47cb-8c61-c5de6de7d6f2,user162,86850df2-11a2-46c4-bf3d-1b0cfb2b610a,3,1,0,ERRO,2026-07-18T01:45:45.957Z
144e2577-2070-4133-8e3f-313b6d4253ae,user162,39b08f81-a568-48d5-8d08-4093d092dab9,2,1,10,ACERTO_VENCEDOR,2026-07-18T01:46:00.242Z
487d0d71-9e2b-4812-9676-a12487dac6cb,user26,86850df2-11a2-46c4-bf3d-1b0cfb2b610a,3,1,0,ERRO,2026-07-18T12:25:46.244Z
ac65ed8d-8a0b-42f0-8d21-8cf5ad142ab5,user26,39b08f81-a568-48d5-8d08-4093d092dab9,2,0,10,ACERTO_VENCEDOR,2026-07-18T12:25:57.931Z
80b3f6bc-aa8f-4201-adb9-9ca1fcaf3d43,user75,86850df2-11a2-46c4-bf3d-1b0cfb2b610a,2,1,0,ERRO,2026-07-18T13:23:58.539Z
50cdbc00-77a9-4dcb-8da5-5cd15f67446a,user125,86850df2-11a2-46c4-bf3d-1b0cfb2b610a,2,0,0,ERRO,2026-07-18T13:33:07.829Z
7d48d4b6-a98e-488c-9da1-5a67f59b01b0,user125,39b08f81-a568-48d5-8d08-4093d092dab9,1,2,0,ERRO,2026-07-18T13:33:51.696Z
cc3e8d4d-0de5-4fe7-b775-c96faa43b3f4,user156,86850df2-11a2-46c4-bf3d-1b0cfb2b610a,2,1,0,ERRO,2026-07-18T14:40:48.231Z
6281b93b-7fae-40cd-8051-0186900f3570,user46,86850df2-11a2-46c4-bf3d-1b0cfb2b610a,2,1,0,ERRO,2026-07-18T16:02:15.470Z
f457b962-3769-4694-aa87-6c20f00635a5,user46,39b08f81-a568-48d5-8d08-4093d092dab9,2,0,10,ACERTO_VENCEDOR,2026-07-18T16:02:55.923Z
43e25048-a96c-4ce3-b64b-b0dd3f60220a,user177,86850df2-11a2-46c4-bf3d-1b0cfb2b610a,2,1,0,ERRO,2026-07-18T16:07:27.329Z
ef6e5900-0b6a-45fe-9786-45918ca6a276,user17,86850df2-11a2-46c4-bf3d-1b0cfb2b610a,2,1,0,ERRO,2026-07-18T16:22:04.873Z
c5b9bb47-0ae4-4ccd-aad0-9b0fa12e88a7,user17,39b08f81-a568-48d5-8d08-4093d092dab9,2,1,10,ACERTO_VENCEDOR,2026-07-18T16:26:36.253Z
8c2cd328-b519-4660-8756-e32148d52832,user4,86850df2-11a2-46c4-bf3d-1b0cfb2b610a,3,1,0,ERRO,2026-07-18T17:01:15.158Z
99553abd-857e-4342-864e-24f04e9b36b9,user139,86850df2-11a2-46c4-bf3d-1b0cfb2b610a,2,1,0,ERRO,2026-07-18T17:09:42.567Z
ee770fce-b679-4901-9a9d-87fdaa59c1ca,user139,39b08f81-a568-48d5-8d08-4093d092dab9,3,1,7,ACERTO_VENCEDOR,2026-07-18T17:09:55.626Z
ebc0c562-fc9c-482a-8190-6946e59fcdcb,user148,86850df2-11a2-46c4-bf3d-1b0cfb2b610a,3,2,0,ERRO,2026-07-18T20:11:01.055Z
587e9970-ef85-47c3-83f9-e3140317a674,user136,86850df2-11a2-46c4-bf3d-1b0cfb2b610a,3,2,0,ERRO,2026-07-18T20:54:25.610Z
79cb1c5d-348a-4351-8af1-f3aca8592b6f,user160,86850df2-11a2-46c4-bf3d-1b0cfb2b610a,4,2,0,ERRO,2026-07-18T20:58:04.054Z
bcbb19d3-968c-4b88-83d2-3b089c7095e6,user54,39b08f81-a568-48d5-8d08-4093d092dab9,1,2,0,ERRO,2026-07-18T23:09:22.654Z
96c3fdf7-de91-4c52-90f4-852e723c803b,user177,39b08f81-a568-48d5-8d08-4093d092dab9,3,1,7,ACERTO_VENCEDOR,2026-07-19T17:45:35.366Z
e2f49d67-0b35-47ab-b77c-779368b1bcf4,user148,39b08f81-a568-48d5-8d08-4093d092dab9,2,1,10,ACERTO_VENCEDOR,2026-07-19T18:55:13.989Z
